Company_Name,Tweet_URL,Unified_Summary,Overall_Company_Summary,Relevance_Status,AI_Confidence,AI_Primary_Reason,AI_Specific_Details,All_Companies_Mentioned,Content_Focus,Sources_Analyzed,Financial_Data_Extracted,Multi_Company_Impact,Interview_Insights,Strategic_Information,Image_URLs,Video_URLs,External_URLs,Raw_Content_Length,date,channel_name
Biocon Ltd,https://x.com/bsindia/status/2004393686302708159,"RELEVANT (HIGH confidence)
Sources: text, image
- Ajanta Pharma signs in-licensing agreement with Biocon for semaglutide across 26 emerging markets.
- PL Capital projects FY25-28E EBITDA/PAT CAGR of 17%/14%.
- Expected Return on Equity (RoE) and Return on Capital Employed (RoCE) are projected at 28.1% and 35.5%, respectively, in FY27E.
- Biocon anticipates ₹200 crore revenue from the semaglutide franchise.
- Strong margins expected in regions outside India (RoW).
- Strategic partnership aims to expand market presence in emerging markets.","Sources: image, text
- Ajanta Pharma signs in-licensing agreement with Biocon for semaglutide across 26 emerging markets.
- PL Capital projects FY25-28E EBITDA/PAT CAGR of 17%/14%.
- Expected Return on Equity (RoE) and Return on Capital Employed (RoCE) are projected at 28.1% and 35.5%, respectively, in FY27E.
- Biocon anticipates ₹200 crore revenue from the semaglutide franchise.
- Strong margins expected in regions outside India (RoW).
- Strategic partnership aims to expand market presence in emerging markets.
- Partnership with Ajanta Pharma leads to a stock price increase of over 5 months high for Biocon.
- Collaboration focuses on leveraging Biocon’s biotechnology expertise for Ajanta Pharma's growth.
- Expected revenue growth and expanded market reach for both companies through the strategic alliance.",Relevant,HIGH,"The content mentions a strategic business development involving BIOCON, specifically an in-licensing pact with Ajanta Pharma for semaglutide across 26 emerging markets. This is directly relevant to BIOCON as it pertains to their partnerships and market expansion strategies.","Biocon has entered into an in-licensing pact with Ajanta Pharma for semaglutide across 26 emerging markets.; PL Capital projects FY25-28E EBITDA/PAT CAGR of 17%/14% with RoE/RoCE of 28.1%/35.5% in FY27E, expecting ₹200 cr revenue from the franchise and strong margins in RoW.",Ajanta Pharma; AjantaPharma; BIOCON; Biocon; LIC; PL Capital; emerging markets PL; emerging markets PL Capital,"In-licensing agreement between Biocon and Ajanta Pharma for semaglutide distribution in emerging markets, along with financial projections by PL Capital.",text; image,"PL Capital expects ₹200 cr revenue from the semaglutide franchise by FY27E.; PL Capital projects EBITDA/PAT CAGR of 17%/14% for FY25-28E.; RoE/RoCE projected at 28.1%/35.5% in FY27E.; Revenue target of ₹200 cr from the semaglutide franchise by FY27E.; Projected RoE of 28.1% and RoCE of 35.5% for FY27E, indicating strong financial performance expectations.","The content discusses a partnership involving both BIOCON and Ajanta Pharma, indicating a strategic collaboration that impacts both companies' market presence in emerging regions. Additionally, PL Capital provides financial projections related to this agreement.",,Biocon's strategic initiative involves expanding its market presence in emerging markets through a partnership with Ajanta Pharma for semaglutide distribution.,https://pbs.twimg.com/card_img/2003709675339153413/01nYPZfV?format=jpg&name=orig,,https://t.co/ut7BdgvNbs,321,2025-12-26T03:27:49,@bsindia
HCL Technologies Ltd,https://x.com/bsindia/status/2004392456201425298,"RELEVANT (MEDIUM confidence)
Sources: text, image
- Ajit Mishra of Religare Associates recommends buying HCL Technologies stock.
- Target price for HCL Technologies is available upon checking the specified source.
- HCL Technologies is part of a recommended portfolio alongside Airtel and Coal India by Ajit Mishra.  
- The recommendation suggests potential growth or positive outlook for HCL Technologies in the market.
- No specific financial metrics, business developments, partnerships, or growth plans detailed in this content.","Sources: image, text
- Ajit Mishra of Religare Associates recommends buying HCL Technologies stock.
- HCL Technologies is included in a recommended portfolio alongside Airtel and Coal India by Ajit Mishra, indicating potential growth or positive market outlook.
- Target price for HCL Technologies available upon checking the specified source.",Relevant,MEDIUM,"The content mentions HCLTECH as a stock recommendation by an analyst, which is directly related to its market performance and investor interest.",HCLTECH is recommended as a stock to buy by Ajit Mishra of Religare Online.; No specific financial metrics or strategic updates about HCLTECH are provided in the content.,Airtel; COALINDIA; Coal India; Coal India and HCLTech; HCLTECH; LT; check; hcltech; recommends,Stock recommendations for buying specific companies including HCLTECH.,text; image,,"The content discusses multiple companies recommended for purchase, indicating potential industry or market trends affecting these stocks.",[Leave blank],"The content does not provide detailed financial data or strategic insights specific to HCLTECH, but its mention as a recommended stock is relevant for market analysis.",https://pbs.twimg.com/card_img/2004392098112696321/xmYTVvtr?format=jpg&name=orig,,https://t.co/ZCmoDRiSCZ,257,2025-12-26T03:22:56,@bsindia
Vedanta Ltd,https://x.com/businessline/status/2004439554372010417,"RELEVANT (HIGH confidence)
Sources: text, image, external
- Andhra Pradesh government issued a conditional ""No Objection Certificate"" (NOC) to Vedanta Limited's Cairn Oil & Gas Division for drilling 20 onshore wells in Krishna district.
- NOC is temporary, subject to securing additional permissions before operations commence; no water extraction from local irrigation sources allowed.
- Cairn Oil & Gas contributes approximately 25% to India's domestic crude production and aims to increase this share to 50% through sustainable practices.
- Vedanta requested an NOC for drilling at 35 locations within a block intersected by the Bandar Canal, highlighting strategic site selection.
- Coordination required with officials including Engineer-in-Chief (Irrigation), Chief Engineer of Krishna Delta System, and Collector of Krishna District for implementation.
- This development underscores significant business activity in India's energy sector with potential implications for local infrastructure and environmental management.","Sources: external, image, text
- Andhra Pradesh government issued a conditional ""No Objection Certificate"" (NOC) to Vedanta Limited's Cairn Oil & Gas Division for drilling 20 onshore wells in Krishna district under the Discovered Small Field (DSF) Policy of 2018.
- NOC is temporary and subject to securing additional permissions, with restrictions on water extraction from local irrigation sources like Bandar Canal.
- Cairn Oil & Gas contributes approximately 25% to India's domestic crude production and aims to increase this share to 50% through sustainable practices.
- Vedanta requested an NOC for drilling at 35 locations within a block intersected by the Bandar Canal, indicating strategic site selection.
- Coordination with officials including Engineer-in-Chief (Irrigation), Chief Engineer of Krishna Delta System, and Collector of Krishna District is required for compliance with NOC conditions.
- This development aligns Vedanta's expansion efforts in the Indian energy sector with government policies aimed at boosting domestic oil and gas production.",Relevant,HIGH,"The content discusses a significant business development involving Vedanta Limited (VEDL), specifically its Cairn Oil & Gas Division's activities in the Krishna district. This aligns with several criteria for relevance, including regulatory approvals and strategic initiatives by VEDL.","Vedanta Limited (Cairn Oil & Gas Division) has received a conditional ""No Objection Certificate"" for drilling 20 onshore wells.; The NOC is temporary and requires additional permissions before operations can commence, with restrictions on water usage from local sources.",Cairn Oil & Gas; Cairn Oil & Gas (a division of Vedanta Limited); LIC; LT; RIL; The company; The company aims to; VEDL; a division of Vedanta; a division of Vedanta Limited; and environmental; increase this; onshore oil and gas; private oil and gas exploration; s Cairn Oil & Gas; s energy; s largest private oil and gas exploration company; to Vedanta; to Vedanta Limited; with potential implications for local infrastructure and environmental management,Regulatory approval for drilling operations by Vedanta's Cairn Oil & Gas Division in Andhra Pradesh.,text; image; external,"Cairn Oil & Gas aims to increase its share in domestic crude production from 25% to 50% through sustainable practices.; Cairn Oil & Gas is noted as India's largest private oil and gas exploration company, contributing about 25% to domestic crude production.","The decision impacts local infrastructure and environmental management due to the proximity of drilling sites to critical water resources, affecting multiple stakeholders including government departments and potentially other companies operating in the region.",,"The development rights were awarded under the Discovered Small Field (DSF) Policy of 2018.; Vedanta requested an NOC for drilling at 35 locations within a block intersected by the Bandar Canal, indicating strategic expansion plans.",https://pbs.twimg.com/card_img/2004434888322347008/g7vdAROp?format=jpg&name=orig,,https://t.co/L082YfaLme,1986,2025-12-26T06:30:05,@businessline
Vedanta Ltd,https://x.com/businessline/status/2004434890612449730,"RELEVANT (HIGH confidence)
Sources: text, image, external
- Andhra Pradesh government issued a conditional NOC to Vedanta Limited's Cairn Oil & Gas Division for drilling 20 onshore oil and gas wells in Krishna district under the Discovered Small Field (DSF) Policy of 2018.
- The NOC is temporary, specific to irrigation concerns, requiring additional permissions before operations can commence; no water extraction from local sources like Bandar Canal allowed.
- Cairn Oil & Gas contributes approximately 25% to India's domestic crude production and aims to increase this share to 50% through sustainable practices.
- Relevant officials, including the Engineer-in-Chief (Irrigation) and Krishna District Collector, are tasked with ensuring compliance with NOC conditions.
- This development aligns Vedanta's expansion efforts in the Indian energy sector with government policies aimed at boosting domestic oil and gas production.","Sources: external, image, text
- Andhra Pradesh government issued a conditional ""No Objection Certificate"" (NOC) to Vedanta Limited's Cairn Oil & Gas Division for drilling 20 onshore wells in Krishna district under the Discovered Small Field (DSF) Policy of 2018.
- NOC is temporary and subject to securing additional permissions, with restrictions on water extraction from local irrigation sources like Bandar Canal.
- Cairn Oil & Gas contributes approximately 25% to India's domestic crude production and aims to increase this share to 50% through sustainable practices.
- Vedanta requested an NOC for drilling at 35 locations within a block intersected by the Bandar Canal, indicating strategic site selection.
- Coordination with officials including Engineer-in-Chief (Irrigation), Chief Engineer of Krishna Delta System, and Collector of Krishna District is required for compliance with NOC conditions.
- This development aligns Vedanta's expansion efforts in the Indian energy sector with government policies aimed at boosting domestic oil and gas production.",Relevant,HIGH,"The content discusses a significant business development for Vedanta Limited (VEDL) involving regulatory approval to drill oil and gas wells, which aligns with several criteria for relevance.","Vedanta Limited has received a conditional NOC from the Andhra Pradesh government for drilling 20 onshore oil and gas wells.; Cairn Oil & Gas Division is noted as India's largest private oil and gas exploration company under Vedanta, contributing about 25% to domestic crude production.; The NOC is temporary and specific to irrigation concerns, requiring additional permissions before operations can commence.",Andhra govt issues NOC to Vedanta Ltd; Cairn Oil & Gas; Cairn Oil & Gas Division; Indian; LIC; LT; RIL; The company; The company aims to; There are no; There are no financial; VEDL (Vedanta Limited); a division of Vedanta; a division of Vedanta Limited; aligning with government policies aimed at boosting domestic oil and gas; govt issues NOC to Vedanta; increase this; onshore oil; onshore oil and gas; private oil and gas exploration; s Cairn Oil & Gas; s largest private oil and gas exploration company; s ongoing expansion in the Indian energy; to Vedanta; to Vedanta Limited,Regulatory approval for drilling operations by Vedanta's Cairn Oil & Gas Division in Andhra Pradesh.,text; image; external,Vedanta aims to increase its share of domestic crude production from 25% to 50% through sustainable practices.,"The content highlights the impact of government policy on Vedanta's business activities within the energy sector, potentially affecting other companies involved in similar projects or policies.",,The development aligns with government policies aimed at boosting domestic oil and gas production.; Vedanta's ongoing expansion in the Indian energy sector is highlighted.,https://pbs.twimg.com/card_img/2004434888322347008/g7vdAROp?format=jpg&name=orig,,https://t.co/FWXJkPi24Y,1811,2025-12-26T06:11:33,@businessline
Sun Pharmaceutical Industries Ltd,https://x.com/businessline/status/2004401821696106885,"RELEVANT (HIGH confidence)
Sources: text, image, external
- **Sun Pharma**: Recalling over 17,000 units of Ciclopirox Shampoo due to manufacturing issues identified by the USFDA; involves 17,664 units from a specific lot failing impurity/degradation specifications.

- **Regulatory Compliance**: Recall action is part of compliance with regulatory standards following the USFDA's Enforcement Report.

- **Market Impact**: The recall may influence Sun Pharma’s market performance and investor interest due to potential reputational and financial implications.","Sources: external, image, text
- Sun Pharma recalling over 17,000 units of Ciclopirox Shampoo due to USFDA manufacturing issues.
- Recall involves 17,664 units from a specific lot failing impurity/degradation specifications.
- Action taken as part of compliance with regulatory standards following the USFDA's Enforcement Report.
- Potential impact on market performance and investor interest due to reputational and financial implications.",Relevant,HIGH,"The content specifically mentions Sun Pharma (Taro Pharmaceutical Industries) regarding a product recall due to manufacturing issues identified by the USFDA, which is directly related to regulatory compliance and operational updates.","Sun Pharma is recalling over 17,000 units of Ciclopirox Shampoo due to manufacturing issues.; The recall involves 17,664 units from a specific lot that failed impurity/degradation specifications.",LT; Panacea Biotec; Pharma; Pharma stocks hogging limelight; SPI does not anticipate any impact on its commercial product supply and is confident it; SUNPHARMA; Strides; Strides Pharma; Strides Pharma Inc; Strides Pharma Inc. USA (SPI); StridesPharma; Sun Pharma; SunPharma; Taro Pharmaceutical Industries; The company has announced a major enhancement; This amendment includes both an; s Enforcement,Regulatory compliance issue involving a product recall for Sun Pharma's Ciclopirox Shampoo.,text; image; external,,"The content discusses significant developments affecting three pharmaceutical companies, including Panacea Biotec and Strides Pharma Inc., highlighting industry-wide interest in these firms' regulatory and business activities.",,"The content is relevant to Sun Pharma due to the specific mention of a regulatory compliance issue affecting its operations.; Multi-company impact is noted as the article discusses developments involving three pharmaceutical companies, indicating broader industry interest.",https://pbs.twimg.com/card_img/2004401822773972992/omhm7YqH?format=jpg&name=orig,,https://t.co/GEMg1jrV8B,1699,2025-12-26T04:00:08,@businessline
Coforge Ltd,https://x.com/business_today/status/2004392766952862029,"RELEVANT (HIGH confidence)
Sources: text, image, external
- Coforge shares slipped 2.32% to Rs 1737.45 on December 24, reducing market cap to Rs 58,211 crore.
- Board meeting agenda for Coforge includes strategic discussions impacting stock performance.
- Phillip Capital set a price target of Rs 3,200 for Mazagon Dock with a 36% upside potential.
- Cochin Shipyard received a BUY rating from Phillip Capital with a target price of Rs 2,175.
- GRSE has a price target of Rs 2,800 by Phillip Capital, indicating strong growth prospects.
- India's defense shipbuilding sector is poised for transformation into a strategic manufacturing pillar.","Sources: external, image, text
- Coforge shares declined by 2.32% to Rs 1737.45 on December 24, reducing market cap to Rs 58,211 crore.
- Board meeting agenda for Coforge includes strategic discussions impacting stock performance.
- Phillip Capital set a price target of Rs 3,200 for Mazagon Dock with a 36% upside potential.
- Cochin Shipyard received a BUY rating from Phillip Capital with a target price of Rs 2,175.
- GRSE has a price target of Rs 2,800 by Phillip Capital, indicating strong growth prospects.
- India's defense shipbuilding sector is poised for transformation into a strategic manufacturing pillar.",Relevant,HIGH,"The content directly mentions COFORGE with specific financial metrics such as stock price movement and market capitalization, which are key indicators of the company's current performance.","Coforge shares slipped 2.32% to Rs 1737.45 on December 24.; Market cap fell to Rs 58,211 crore.",Analyst; BEL; BSE; BUY; COFORGE; Cochin Shipyard; Cochin Shipyard Limited; Cochin Shipyard Limited (CSL); Coforge; GRSE; Garden Reach Shipbuilders & Engineers (GRSE); India; Indian; LT; Mazagon Dock Shipbuilders (MDL); Phillip; Phillip Capital; Price; The IT; The article suggests that despite recent declines due to profit; The company; Trading; and values the; and values the company; are; discusses the recent decline in; lakh; price; stock; valuing it,"Focus on COFORGE's stock performance ahead of a board meeting, including recent share price changes and market cap details.",text; image; external,Coforge's stock price movement and market cap.; Mazagon Dock Shipbuilders' 52-week high and current closing price.; Cochin Shipyard Limited's 52-week high and current closing price.; GRSE's 52-week high and current closing price.,"The external content discusses other companies in the defense shipbuilding sector, highlighting industry-wide trends that could indirectly affect COFORGE as part of the broader IT services landscape.",[Leave blank],"Phillip Capital's analysis of the Indian defense shipbuilding sector as a strategic manufacturing pillar.; Government’s naval modernization plan valued at Rs 2.3 lakh crore, with significant procurement reserved for domestic vendors like MDL, CSL, and GRSE.",https://pbs.twimg.com/card_img/2004392809504092160/0Z1Xie2v?format=jpg&name=orig,,https://t.co/6eh2NutqrA,2955,2025-12-26T03:24:10,@business_today
Jio Financial Services Ltd,https://x.com/business_today/status/2004378016525189490,"RELEVANT (HIGH confidence)
Sources: text, image, external
- Jio Financial Services has shown strength after consolidating within a defined range, forming a solid base.
- Shyam Metalics aims to increase revenue and EBITDA by 2.5 times over the next five years.
- ICICI Securities projects Shyam Metalics' share price to reach Rs 1,000 within the next year.
- The company is nearing completion of a Rs 9,500 crore capital expenditure program.
- Shyam Metalics plans to expand crude steel capacity and significantly increase its stainless steel portfolio, expecting quadrupled revenue in five years.
- ICICI Securities maintains a ""buy"" recommendation with a price target 21% higher than current levels based on projected FY28E EV/EBITDA multiple of 7.0x.
- Shyam Metalics' shares are trading above their short-term moving averages but below longer-term ones, indicating potential for upward movement.","Sources: external, image, text
- Jio Financial Services shares closed marginally higher at Rs 298.85 on the BSE, up by 0.05%.
- Shyam Metalics aims to increase revenue and EBITDA by 2.5 times over the next five years.
- ICICI Securities projects Shyam Metalics' share price to reach Rs 1,000 within the next year.
- Shyam Metalics nearing completion of a Rs 9,500 crore capital expenditure program.
- Shyam Metalics plans to expand crude steel capacity and significantly increase its stainless steel portfolio.
- ICICI Securities maintains a ""buy"" recommendation for Shyam Metalics with a price target 21% higher than current levels based on projected FY28E EV/EBITDA multiple of 7.0x.
- TCS announced deals with a total contract value expected at USD 7–9 billion.
- ICICI Securities ratings: Hold for Infosys, HCL Technologies, and Wipro; Add for TCS.
- Target Prices: Rs 1,590 (Infosys), Rs 1,580 (HCL Tech), Rs 255 (Wipro), Rs 3,282 (TCS).",Relevant,HIGH,"The content mentions Jio Financial Services (JIOFIN) specifically in the context of stock trading and market analysis, indicating its relevance to the primary company focus.",Jio Financial has shown strength after consolidating within a defined range and forming a solid base.; Choice Broking's analysis suggests positive momentum for Jio Financial.,Ambuja; BEL; BSE; Choice Broking said that Jio; Choice Broking said that Jio Financial; Energy is projected by ICICI; Glenmark; Glenmark Pharma; Godrej Consumer; Godrej Consumer Products; Gujarat Ambuja Cement; How to trade these buzzing; ICICI; ICICI Securities; JIOFIN; Jio; Jio Financial; Jio Financial Services; LIC; LT; Metalics; RIL; Securities to reach a; Shyam Metalics; Shyam Metalics aims to further; Shyam Metalics and Energy; Shyam Metalics and Energy is primarily involved in manufacturing iron and steel; The company; This optimistic outlook is based on the company; allowing it; are; buzzing; crore; crore capital; digit; during which it; growth plan has led ICICI; including long steel; indicating that the; its; outlook is based on the; price; recommendation on the; s confidence in the; s confidence in the company; s growth strategy; s growth strategy includes expanding crude steel; s market; share; significantly; significantly increasing its stainless steel; stock; target,Market analysis and trading recommendations for several companies including Jio Financial Services.,text; image; external,"No specific revenue figures mentioned for JIOFIN or other companies in the text content.; No specific profit figures mentioned for JIOFIN or other companies in the text content.; No specific growth rates mentioned for JIOFIN or other companies in the text content.; No specific targets and timelines provided for JIOFIN in the text content.; The analysis by Choice Broking suggests a positive market sentiment towards Jio Financial, indicating potential trading opportunities.; No specific ratios or margins mentioned for JIOFIN or other companies in the text content.","The content discusses multiple companies that are relevant in the current trading buzz, providing insights into their market performance and potential investment opportunities.",,The strategic focus of Jio Financial is implied through its consolidation and formation of a solid base as per Choice Broking's analysis.,https://pbs.twimg.com/card_img/2004378018039377920/icCBJC9M?format=jpg&name=orig,,https://t.co/PgG3q7cr0P,2769,2025-12-26T02:25:33,@business_today
Titan Company Ltd,https://x.com/CNBCTV18Live/status/2004414888236740954,"RELEVANT (HIGH confidence)
Sources: text, image
- Titan's stock price increased to ₹3970.80, up by ₹61.50.
- The stock experienced a percentage change of +1.57% today.
- Titan plans to launch a lab-grown diamond store in Mumbai on December 29.
- Stock price trend showed an upward movement from ₹3908 to ₹3975 between 09:15 and 10:00.
- Business development includes expansion into the lab-grown diamond market segment.","Sources: image, text
- Titan's stock price increased to ₹3970.80, up by ₹61.50, reflecting a +1.57% change today.
- Stock trend showed an upward movement from ₹3908 to ₹3975 between 09:15 and 10:00.
- Titan plans to launch a lab-grown diamond store in Mumbai on December 29.
- Business development includes expansion into the lab-grown diamond market segment.
- Titan will introduce ""beYon - from the House of Titan"" brand with an exclusive retail store in Mumbai on December 29, 2025.
- The new brand indicates Titan's growth strategy into premium lifestyle segments.
- Launching ""beYon"" suggests potential diversification and market penetration efforts by Titan.
- ""beYon"" targets affluent consumer demographics seeking luxury products.",Relevant,HIGH,"The content specifically mentions TITAN's stock price movement and a business development related to the launch of a lab-grown diamond store in Mumbai. These details align with several criteria for relevance, including stock price movements and business developments by TITAN.","Titan's stock price increased to 3970.80 with a change of +61.50, representing a percentage increase of 1.57%.; The upward trend in the stock price is shown on a graph from 09:15 to 10:00, indicating positive market sentiment for TITAN within that timeframe.; Titan plans to launch a lab-grown diamond store in Mumbai on December 29.",CNBC TV18 (mentioned as the source of the news); Represents the; Stock; TITAN; axis; shows an upward trend in the; stock,The main topic is TITAN's recent stock performance and its upcoming business initiative involving a new store launch.,text; image,,,,,https://pbs.twimg.com/media/G9EcnaHb0AI0h7Q?format=png&name=orig,,,586,2025-12-26T04:52:04,@CNBCTV18Live
Titan Company Ltd,https://x.com/CNBCTV18Live/status/2004388280683643384,"RELEVANT (HIGH confidence)
Sources: text, image
- Titan will launch the brand ""beYon - from the House of Titan"" on December 29, 2025.
- The new brand will have an exclusive retail store in Mumbai.
- This expansion indicates Titan's growth strategy into premium lifestyle segments.
- Launching a dedicated brand suggests potential diversification and market penetration efforts by Titan.
- The introduction of ""beYon"" may target affluent consumer demographics seeking luxury products.","Sources: image, text
- Titan's stock price increased to ₹3970.80, up by ₹61.50, reflecting a +1.57% change today.
- Stock trend showed an upward movement from ₹3908 to ₹3975 between 09:15 and 10:00.
- Titan plans to launch a lab-grown diamond store in Mumbai on December 29.
- Business development includes expansion into the lab-grown diamond market segment.
- Titan will introduce ""beYon - from the House of Titan"" brand with an exclusive retail store in Mumbai on December 29, 2025.
- The new brand indicates Titan's growth strategy into premium lifestyle segments.
- Launching ""beYon"" suggests potential diversification and market penetration efforts by Titan.
- ""beYon"" targets affluent consumer demographics seeking luxury products.",Relevant,HIGH,"The content explicitly mentions TITAN's brand launch ""beYon - from the House of Titan"" and a specific event date in Mumbai, indicating a business development initiative.","TITAN is launching the brand ""beYon - from the House of Titan"" with a new retail store.; The launch event is scheduled for December 29, 2025, in Mumbai.",TITAN; TITAN COMPANY; The logo of a; The logo of a company; with an exclusive retail,"Brand launch announcement for TITAN with an exclusive retail store opening in Mumbai on December 29, 2025.",text; image,,,,"TITAN is expanding its brand presence with the launch of ""beYon - from the House of Titan"" and a new retail store in Mumbai.","https://pbs.twimg.com/media/G9EEgeya4AAsbVO?format=jpg&name=orig,https://pbs.twimg.com/media/G9EEgeya4AAsbVO?format=jpg&name=orig",,,358,2025-12-26T03:06:20,@CNBCTV18Live
Indian Energy Exchange Ltd,https://x.com/CNBCTV18Live/status/2004410092171809143,"RELEVANT (HIGH confidence)
Sources: text, image, external
- IEX shares fall up to 4% due to reports of CERC considering transaction fees revision.

(Note: The provided text does not contain specific strategic information related to financial metrics, business developments, targets, partnerships, or growth plans for IEX. The summary focuses on the available data regarding share price movement linked to regulatory considerations.)","Sources: external, image, text
- IEX shares fell by up to 4% due to reports of CERC considering transaction fees revision.
- **Ticker Symbol**: IEX
- **Current Price**: $134.25
- **Change**: -$4.89
- **Percentage Change**: -3.51%
- Decline attributed to potential CERC tariff revisions charged by power exchanges.
- Time of report: 09:15

(Note: No additional strategic information on business developments, targets, partnerships, or growth plans was provided in the tweets.)",Relevant,HIGH,The content mentions IEX specifically with a focus on stock price movement due to potential regulatory changes affecting transaction fees. This directly relates to the criteria for relevance as it involves stock price movements and possible regulatory impacts.,IEX shares fell up to 4% on reports of CERC considering transaction fees revision.,"Barclays (mentioned in the external content for stock recommendations); CERC (Central Electricity Regulatory Commission, implied by context); IEX; The article underscores the importance of AI spending as a significant driver for future business and financial; These; This suggests a strategic focus on sectors or companies that are likely to see growth due to advancements and increased adoption of AI technologies; While specific; While specific financial; but it; by Barclays analysts regarding; driver for future business and; emphasizes their potential for; growth due to advancements and; is on a selection of twelve; not specify the exact companies; or figures related to these; positioned to benefit; regarding; these; to benefit from anticipated; twelve","The primary topic is the impact of CERC's consideration of revising transaction fees on IEX shares, which have fallen by up to 4%.",text; image; external,,"The content suggests a potential industry-wide impact due to CERC's actions affecting transaction fees, which could influence multiple companies in the financial sector.",[Leave blank],"Potential regulatory changes by CERC affecting transaction fees, impacting IEX's stock price.; Barclays analysts' insights on AI spending and its impact on certain stocks, though not directly related to IEX.","https://pbs.twimg.com/card_img/2004381631944314881/p357wgIa?format=jpg&name=orig,https://pbs.twimg.com/card_img/2004381631944314881/p357wgIa?format=jpg&name=orig",,https://t.co/VIzQYnDGXo,1499,2025-12-26T04:33:00,@CNBCTV18Live
Indian Energy Exchange Ltd,https://x.com/CNBCTV18Live/status/2004398944709922952,"RELEVANT (HIGH confidence)
Sources: text, image
- **Ticker Symbol**: IEX
- **Current Price**: 134.25
- **Change**: -4.89
- **Percentage Change**: -3.51%
- **Reported Cause of Decline**: CERC tariff revision charged by power exchanges
- **Time of Report**: 09:15

(Note: The content provided does not include specific strategic information on business developments, targets, partnerships, or growth plans for IEX beyond the immediate financial metrics and cause of price change.)","Sources: external, image, text
- IEX shares fell by up to 4% due to reports of CERC considering transaction fees revision.
- **Ticker Symbol**: IEX
- **Current Price**: $134.25
- **Change**: -$4.89
- **Percentage Change**: -3.51%
- Decline attributed to potential CERC tariff revisions charged by power exchanges.
- Time of report: 09:15

(Note: No additional strategic information on business developments, targets, partnerships, or growth plans was provided in the tweets.)",Relevant,HIGH,"The content discusses a specific stock price movement for IEX related to reports of CERC tariff revision charged by power exchanges, which is directly linked to the company's financial performance.",**Ticker Symbol**: IEX; **Current Price**: 134.25; **Change**: -4.89; **Percentage Change**: -3.51%; **Time**: 09:15; The content includes a line graph showing a downward trend in the price of IEX from 136 to 134.25.,"CERC (Central Electricity Regulatory Commission) is implied as it relates to tariff revisions affecting power exchanges, though not directly named as a company.; Current; IEX; on reports of CERC tariff revision charged by power",Stock price movement and market impact due to regulatory changes affecting IEX.,text; image,**Stock Price Movement**: IEX's stock price decreased by 3.51%.,"The mention of ""CERC tariff revision"" implies a broader industry impact on companies involved in power exchanges or affected by such tariffs, including IEX.",,,"https://pbs.twimg.com/media/G9EN0MDaUAAu6jP?format=png&name=orig,https://pbs.twimg.com/media/G9EN0MDaUAAu6jP?format=png&name=orig",,,477,2025-12-26T03:48:43,@CNBCTV18Live
Hindustan Aeronautics Ltd,https://x.com/CNBCTV18Live/status/2004407697853370864,"RELEVANT (MEDIUM confidence)
Sources: text, image
- Defence Acquisition Council meeting scheduled today for key decisions, potentially impacting HAL's operations.
- Hindustan Aeronautics Limited (HAL) stock increased by nearly 1% in the market session.
- Mazagon Dock Ship Ltd., a defense sector peer, saw its stock rise by 2.67% to 2608.00.
- Cochin Shipyard Ltd.'s stock price rose by 1.96%, reaching 67.70.
- Bharat Dynamics Ltd. experienced a 1.93% increase in stock value, closing at 32.40.
- MTAR Tech's stock increased by 2.54%, ending the session at 62.20.","Sources: image, text
- Defence Acquisition Council meeting scheduled today, potentially impacting Hindustan Aeronautics Limited (HAL) operations.
- HAL stock increased by nearly 1% in the market session.
- Mazagon Dock Ship Ltd., a defense sector peer, saw its stock rise by 2.67% to 2608.00.
- Cochin Shipyard Ltd.'s stock price rose by 1.96%, reaching 67.70.
- Bharat Dynamics Ltd. experienced a 1.93% increase in stock value, closing at 32.40.
- MTAR Tech's stock increased by 2.54%, ending the session at 62.20.",Relevant,MEDIUM,"The content mentions HAL as part of a broader discussion on defense stocks, indicating its relevance to the primary company focus. Although specific financial metrics or detailed updates about HAL are not provided, the mention in the context of stock price movement and industry activity is significant.",HAL's stock price is up nearly 1%.; The Defence Acquisition Council meeting may influence defense stocks.,BEL; Bharat Dynamics; Cochin Shipyard; DEFENCE; Defence; HAL; It lists the; MTAR Tech; Mazagon Dock Ship; The image shows a; and MTAR Tech; chart indicates that all listed; listed; stock; with percentage,Defense stocks performance with emphasis on HAL's stock price increase.,text; image,HAL's stock price increase of nearly 1%.; Mazagon Dock Ship stock price increased by +2.67%.; Cochin Shipyard stock price increased by +1.96%.; Bharat Dynamics stock price increased by +1.93%.; MTAR Tech stock price increased by +2.54%.,"The content discusses a general rise in defense stocks, including HAL, Mazagon Dock Ship, Cochin Shipyard, Bharat Dynamics, and MTAR Tech, indicating an industry-wide impact likely influenced by the Defence Acquisition Council meeting.",[Leave blank],"Defence Acquisition Council meeting today for key decisions, potentially impacting defense stocks including HAL.","https://pbs.twimg.com/media/G9EQR7fb0AUB67-?format=png&name=orig,https://pbs.twimg.com/media/G9EQR7fb0AUB67-?format=png&name=orig",,,863,2025-12-26T04:23:29,@CNBCTV18Live
Coforge Ltd,https://x.com/CNBCTV18Live/status/2004403092478173560,"RELEVANT (HIGH confidence)
Sources: text, image, external
- Coforge may acquire Encora for $2 billion, according to sources.
- Acquisition discussions are ongoing; board meeting scheduled today for potential fund raise approval.
- Barclays analysts highlight a dozen stocks with an overweight rating due to strategic positioning in AI spending.
- Expected increase in AI spending next year is anticipated to influence market dynamics and investment strategies.
- Companies identified by Barclays as likely beneficiaries of the AI spending surge are considered attractive investment opportunities.
- Increased AI investments could drive growth and profitability for companies involved in or supporting these technologies.","Sources: external, image, text
- Coforge is in advanced talks to acquire Encora, a global digital engineering company, for approximately $2 billion.
- The acquisition aims to enhance Coforge's capabilities and market position within the digital engineering sector.
- A board meeting is scheduled today to consider fund raising related to the potential acquisition of Encora.
- Encora was acquired by Advent International in 2021 for $1.5 billion, indicating its significant value in the digital engineering space.
- Barclays analysts have identified a dozen stocks with an ""overweight"" rating due to strategic positioning in AI spending, suggesting Coforge could benefit from increased AI investments.
- Expected growth in AI spending next year is anticipated to influence market dynamics and investment strategies positively for companies like Coforge involved in technology services.
- Increased AI investments are projected to drive growth and profitability for companies supporting these technologies.",Relevant,HIGH,"The content explicitly mentions Coforge's potential acquisition of Encora for $2 billion, which is a significant corporate action involving COFORGE.",Coforge may acquire Encora for $2 billion.; A board meeting is scheduled to discuss fund raising.,Although specific; Although specific financial; BEL; Barclays has identified a dozen; COFORGE; Encora; LIC; LT; The article implies a broader market trend where increased investment in AI technologies; The key points of the article; These; These stocks are considered attractive for investors looking to leverage growth opportunities in the tech; a broader market trend where; by Barclays analysts regarding; dozen; not; overweight; positioned to benefit; positioning and potential; regarding; that Barclays believes will; that are poised to benefit from; the article highlights a strategic opportunity for investors to focus on companies that are poised to benefit; the emphasis is on strategic positioning and potential financial; to benefit from anticipated,Potential acquisition by Coforge of Encora and related financial activities.,text; image; external,[No specific revenue figures mentioned]; [No specific profit figures mentioned]; [No growth rates mentioned]; Acquisition target of $2 billion for Encora.; [No market metrics provided]; [No ratios or margins provided],"The acquisition involves both Coforge and Encora, indicating a strategic business move that could impact their market positions and operations.",,Coforge is considering a significant acquisition to potentially expand its business operations and capabilities.,"https://pbs.twimg.com/card_img/2003755380317528064/2KErZprW?format=jpg&name=orig,https://pbs.twimg.com/card_img/2004180049801433088/2o2RPJ2V?format=jpg&name=orig",,https://t.co/JTCQ5hgJcv,1758,2025-12-26T04:05:11,@CNBCTV18Live
Coforge Ltd,https://x.com/CNBCTV18Live/status/2004394603177460072,"RELEVANT (HIGH confidence)
Sources: text, image
- Coforge is in talks to acquire Encora, a global digital engineering company, valued at approximately $2 billion.
- Encora is currently owned by Advent International, which acquired a stake for $1.5 billion in 2021.
- The acquisition aims to enhance Coforge's capabilities and market position in the digital engineering sector.
- Coforge board meeting scheduled today to consider fund raising related to the potential acquisition.
- The transaction could significantly expand Coforge’s service offerings and client base in the technology services industry.","Sources: external, image, text
- Coforge is in advanced talks to acquire Encora, a global digital engineering company, for approximately $2 billion.
- The acquisition aims to enhance Coforge's capabilities and market position within the digital engineering sector.
- A board meeting is scheduled today to consider fund raising related to the potential acquisition of Encora.
- Encora was acquired by Advent International in 2021 for $1.5 billion, indicating its significant value in the digital engineering space.
- Barclays analysts have identified a dozen stocks with an ""overweight"" rating due to strategic positioning in AI spending, suggesting Coforge could benefit from increased AI investments.
- Expected growth in AI spending next year is anticipated to influence market dynamics and investment strategies positively for companies like Coforge involved in technology services.
- Increased AI investments are projected to drive growth and profitability for companies supporting these technologies.",Relevant,HIGH,"The content discusses a potential acquisition by COFORGE of Encora, which is directly related to corporate actions and strategic initiatives involving COFORGE.","COFORGE is in talks to acquire Encora for approximately $2 billion.; The acquisition is a significant strategic initiative by Coforge, indicating potential expansion or diversification of its business operations.",Advent International; COFORGE; Coforge board meet today to consider fund; Encora; Encora is a global digital engineering company; board meet today to consider; is a global digital engineering,Acquisition talks between Coforge and Encora valued at around $2 billion.,text; image,,"This acquisition involves both Coforge and Encora, with Advent International being the current owner of Encora. The transaction could impact market dynamics in the digital engineering sector.",[Leave blank],"Coforge is considering acquiring Encora, a move that could significantly impact its market position and strategic direction.; Advent International's previous investment in Encora for $1.5 billion highlights the value and potential of Encora as an acquisition target.","https://pbs.twimg.com/media/G9EKAM3aUAAAxlK?format=jpg&name=orig,https://pbs.twimg.com/media/G9EKAM3aUAAAxlK?format=jpg&name=orig",,,719,2025-12-26T03:31:27,@CNBCTV18Live
Coforge Ltd,https://x.com/CNBCTV18Live/status/2004381472661426457,"RELEVANT (MEDIUM confidence)
Sources: text, image, external
- Coforge shares are under scrutiny ahead of a board meeting to consider a fund raise proposal.
- Key numbers associated with Coforge: stock prices at 8.40, 12.60, 21.81, 16.24, and 8.73.
- The company is potentially positioning itself for growth through increased AI-related expenditures.
- Barclays analysts have rated twelve stocks as ""overweight,"" indicating a positive outlook on companies poised to benefit from AI spending increases.
- Coforge's involvement in technology sectors with strong AI capabilities may lead to higher stock valuations and growth opportunities.","Sources: external, image, text
- Coforge is in advanced talks to acquire Encora, a global digital engineering company, for approximately $2 billion.
- The acquisition aims to enhance Coforge's capabilities and market position within the digital engineering sector.
- A board meeting is scheduled today to consider fund raising related to the potential acquisition of Encora.
- Encora was acquired by Advent International in 2021 for $1.5 billion, indicating its significant value in the digital engineering space.
- Barclays analysts have identified a dozen stocks with an ""overweight"" rating due to strategic positioning in AI spending, suggesting Coforge could benefit from increased AI investments.
- Expected growth in AI spending next year is anticipated to influence market dynamics and investment strategies positively for companies like Coforge involved in technology services.
- Increased AI investments are projected to drive growth and profitability for companies supporting these technologies.",Relevant,MEDIUM,"The content mentions Coforge specifically in the context of a board meeting to consider a fund raise proposal, which is directly related to corporate actions and strategic initiatives.","Coforge is preparing for a board meeting to consider a fund raise proposal.; Stock price movements are implied by numbers (8.40, 12.60, 21.81, 16.24, 8.73) in the image content.",Barclays; Barclays analysts regarding the; COFORGE; Coforge; Coforge shares in focus ahead of board meet to consider fund; LIC; The article does not provide specific names of the companies or detailed financial; This anticipated; ahead of board meet to consider; analysts have identified twelve; and a stylized design that appears to be related to financial; and potentially higher; article is on a selection of; capitalize on; due to their potential to; financial or; higher; of the companies or detailed; outlook on the selected; particular; positioned to benefit; s focus on; s focus on financial; selected; that appears to be related to; to benefit from anticipated; to consider these particular; twelve,Focus on Coforge's upcoming board meeting regarding a potential fund raise.,text; image; external,,"The external content discusses broader market trends related to AI spending, affecting multiple companies in the technology sector.",[Leave blank],"Coforge is considering a fund raise proposal, indicating potential strategic financial planning.; The content does not provide specific financial metrics or detailed company names from the external article but highlights market trends relevant to technology companies like Coforge.","https://pbs.twimg.com/card_img/2004381415937658880/JqmdY2Ru?format=jpg&name=orig,https://pbs.twimg.com/card_img/2004381415937658880/JqmdY2Ru?format=jpg&name=orig",,https://t.co/RDDEqzwMWU,2004,2025-12-26T02:39:17,@CNBCTV18Live
HDFC Bank Ltd,https://x.com/ETMarkets/status/2004416886352843185,"RELEVANT (MEDIUM confidence)
Sources: text, image
- Motilal Oswal suggests HDFC Bank, ICICI Bank, SBI, and AU Bank are key players in the banking sector.
- PSU banks are reportedly gaining market share over private banks.
- HDFC Bank is highlighted as a significant entity among private banks. 

(Note: The provided text does not contain specific financial metrics, business developments, targets, partnerships, or growth plans for HDFC Bank.)","Sources: external, image, text
- HDFC Bank is identified as a significant entity among private banks, maintaining strong market positioning.
- Recommended by Motilal Oswal as a top investment pick due to robust performance in the financial sector.
- Considered a strong investment opportunity amidst evolving market conditions affecting unsecured lending and credit growth patterns.
- Part of selective investment recommendations in cyclical sectors like real estate and financials for its strategic positioning.",Relevant,MEDIUM,"The content mentions HDFCBank as part of a broader discussion about PSU banks impacting private banks, indicating industry-wide relevance and potential impact on HDFCBank.",Mention of HDFCBank in the context of competition with PSU banks.; No specific financial metrics or strategic updates for HDFCBank are provided.,AU Bank; HDFC; HDFCBANK; HDFCBank; ICICI; ICICIBANK; ICICIBank; PSU; SBI; SBI (State Bank of India); The building appears to be a; The building appears to be a bank; There are no; There are no financial; person,Discussion on the competitive dynamics between PSU banks and private banks in India.,text; image,[Leave blank]; [Leave blank]; [Leave blank]; [Leave blank]; [Leave blank]; [Leave blank],"The analysis suggests that PSU banks are gaining ground over private banks like HDFCBank, ICICI Bank, SBI, and AU Bank, indicating a broader industry trend affecting multiple financial institutions.",[Leave blank],"Discussion of competitive dynamics between PSU and private banks, including HDFCBank.",https://pbs.twimg.com/media/G9EQjKhaEAAODb3?format=jpg&name=orig,,,671,2025-12-26T05:00:00,@ETMarkets
HDFC Bank Ltd,https://x.com/ETMarkets/status/2004408076724580548,"RELEVANT (HIGH confidence)
Sources: text, image, external
- Motilal Oswal recommends HDFC Bank as a top investment pick due to its robust performance and strategic positioning in the financial sector.
- The financial sector is experiencing changes, particularly in unsecured lending practices and credit growth patterns affecting PSU banks.
- Nuvama highlights healthy inventory levels enabling real estate developers like Prestige Estates Projects Limited (PEPL) and Brigade Enterprises Ltd. to increase prices.
- HDFC Bank is considered a strong investment opportunity amidst evolving market conditions in the financial sector.
- The brokerage firms suggest selective investments in cyclical sectors such as real estate and financials, identifying specific companies with strong market positioning.
- Nuvama maintains a positive outlook on the real estate sector despite challenges like softer sales and slowdown in new project launches.","Sources: external, image, text
- HDFC Bank is identified as a significant entity among private banks, maintaining strong market positioning.
- Recommended by Motilal Oswal as a top investment pick due to robust performance in the financial sector.
- Considered a strong investment opportunity amidst evolving market conditions affecting unsecured lending and credit growth patterns.
- Part of selective investment recommendations in cyclical sectors like real estate and financials for its strategic positioning.",Relevant,HIGH,"The content explicitly mentions HDFC Bank as one of the top picks recommended by Motilal Oswal for investment, indicating its relevance to financial sector analysis.","Motilal Oswal recommends investing in major Indian banks, specifically naming ICICI Bank and HDFC Bank.; The financial sector is undergoing a reset with changes affecting unsecured lending practices and credit growth patterns, particularly impacting PSU banks. However, ICICI Bank and HDFC Bank are considered top picks due to their robust performance.",A stock market chart in the background There are no company; Bank and HDFC; Brigade Enterprises Ltd.; HDFC; HDFC Bank; HDFCBANK; HDFCBank; ICICI; ICICI Bank; ICICI Bank and HDFC; ICICI Bank and HDFC Bank; ICICIBANK; ICICIBank; Indian; LIC; LT; Motilal recommends ICICI & HDFC; Motilal recommends ICICI & HDFC Bank; Nuvama has expressed a positive outlook on the real estate; Prestige Estates Projects Limited (PEPL); The article reflects a selective but constructive stance on cyclical sectors like real estate; The financial sector is undergoing a reset with changes in unsecured lending practices and credit; The image appears to be a; and Brigade Enterprises; and Brigade Enterprises Ltd; are enabling developers to; but no specific; but no specific financial; in the background There are no; increase; investing in major Indian; like Prestige Estates Projects; positioned companies like Prestige Estates Projects Limited; related graphic with a person standing in front of it; s confidence in specific real estate; s endorsement of leading; s real estate and; s real estate and financial; sectors like real estate and; specifically ICICI; specifically ICICI Bank and HDFC Bank,Investment recommendations in India's real estate and financial sectors by brokerage firms Nuvama and Motilal Oswal.,text; image; external,,"The content discusses investment opportunities in both the real estate and financial sectors, highlighting companies like Prestige Estates Projects Limited (PEPL), Brigade Enterprises Ltd., ICICI Bank, and HDFC Bank as attractive investments due to their market positioning and sector dynamics.",,,https://pbs.twimg.com/card_img/2004399631757942784/Q1TvSar6?format=jpg&name=orig,,https://t.co/Qjapx3pQN5,2421,2025-12-26T04:25:00,@ETMarkets
Indian Energy Exchange Ltd,https://x.com/ETMarkets/status/2004416341185646912,"RELEVANT (HIGH confidence)
Sources: text, image, external
- IEX shares declined by 4.20% on the announcement day, reaching an intraday low of Rs 133.29.
- CERC introduced a VPPA framework allowing large consumers to meet renewable energy obligations through financial contracts without physical power purchase.
- The VPPA framework aims to provide revenue certainty for renewable generators and simplify compliance for large consumers.
- Concerns exist about potential decline in demand for exchange-based renewable power products, impacting IEX's trading volumes.
- IEX trades at a P/E ratio of 26.49 and a P/B ratio of 10.91, indicating a premium valuation by investors.
- Technical indicators show weak momentum with an RSI of 44.0 and the stock trading below all eight key SMAs, suggesting a bearish outlook.","Sources: external, image, text
- IEX shares declined by 4.20% on the announcement day, reaching an intraday low of Rs 133.29.
- CERC introduced a VPPA framework allowing large consumers to meet renewable energy obligations through financial contracts without physical power purchase.
- The VPPA framework aims to provide revenue certainty for renewable generators and simplify compliance for large consumers.
- Concerns exist about potential decline in demand for exchange-based renewable power products, impacting IEX's trading volumes.
- IEX trades at a P/E ratio of 26.49 and a P/B ratio of 10.91, indicating a premium valuation by investors.
- Technical indicators show weak momentum with an RSI of 44.0 and the stock trading below all eight key SMAs, suggesting a bearish outlook.",Relevant,HIGH,"The content discusses specific financial metrics, stock price movements, and regulatory impacts directly affecting IEX, making it highly relevant to the company's current situation.","IEX shares dropped by 4.20% on the announcement day.; The stock reached an intraday low of Rs 133.29.; Over the past year, IEX's stock has fallen approximately 25% and is trading near its 52-week low of Rs 130.; IEX trades at a P/E ratio of 26.49 and a P/B ratio of 10.91.; The RSI for IEX is at 44.0, indicating neutral-to-weak momentum.; IEX is trading below all eight key SMAs, suggesting a bearish outlook.",BEL; Central; Central Electricity Regulatory Commission (CERC); IEX; Indian; Key points from the article; LIC; These agreements allow consumers to claim compliance with renewable energy obligations without physically receiving the power; based renewable power; energy obligations through; impact; introduced a framework for Virtual Power; of a broader trend where the; on the day of the announcement; s business model and market dynamics in the power; s power sector on Indian Energy; stock; trading; transferable; transferable financial contracts with renewable energy; which allows large electricity consumers to meet their renewable energy obligations through financial,Impact of CERC's VPPA framework on IEX's stock performance and market dynamics in India's power sector.,text; image; external,"IEX's stock price movements and trading ratios (P/E, P/B).; Price-to-Earnings (P/E) ratio of 26.49.; Price-to-Book (P/B) ratio of 10.91.","The introduction of VPPAs by CERC affects not only IEX but also renewable energy generators and large electricity consumers, potentially altering demand for exchange-based renewable power products.",[Leave blank],,https://pbs.twimg.com/card_img/2004416309916999680/mzs2Sj4L?format=jpg&name=orig,,https://t.co/M5cxRUBsBR,2460,2025-12-26T04:57:50,@ETMarkets
HDFC Bank Ltd,https://x.com/ETMarkets/status/2004416886352843185,"RELEVANT (MEDIUM confidence)
Sources: text, image
- Motilal Oswal identifies HDFC Bank as a key player among private banks, alongside ICICI Bank, SBI, and AU Bank.
- The analysis suggests that PSU banks are gaining competitive ground over private banks like HDFC Bank.
- HDFC Bank remains significant in the banking sector despite emerging competition from PSU banks.","Sources: external, image, text
- HDFC Bank identified as a key player among private banks, alongside ICICI Bank, SBI, and AU Bank by Motilal Oswal.
- PSU banks gaining competitive ground over private banks like HDFC Bank.
- HDFC Bank remains significant in the banking sector despite competition from PSU banks.
- Included in top stock picks recommended by Motilal Oswal, indicating positive market sentiment.
- Benefiting from monetary policy measures including frontloaded rate cuts totaling 125 basis points.
- Fiscal interventions such as income tax cuts and GST reductions expected to stimulate consumption, potentially boosting HDFC Bank's revenues.
- Inflation projected at around 2.0% for 2025-26, below RBI's target, suggesting favorable lending conditions.
- RBI reduced the repo rate by 125 basis points to 5.25% in 2025, impacting interest margins and lending strategies.
- GDP growth forecast revised upward to 7.3% for 2025-26, indicating a favorable economic environment for HDFC Bank's expansion plans.",Relevant,MEDIUM,"The content mentions HDFCBank explicitly as part of a discussion on PSU banks impacting private banks, indicating relevance to HDFCBank's market position and competitive landscape.",Mention of HDFCBank as one of the key private banks affected by PSU banks' performance.; The context suggests competitive pressure from PSU banks on private banks like HDFCBank.,AU Bank; HDFC; HDFCBANK; HDFCBank; ICICI; ICICIBANK; ICICIBank; No financial; PSU; RIL; SBI; SBI (State Bank of India); The building appears to be a; The building appears to be a bank; The image is primarily a visual representation of banking and financial; a visual representation of; banking and; on it; person,"Discussion about the impact of PSU banks on private banks, with specific mention of HDFCBank among others.",text; image,,"The content discusses an industry-wide trend where PSU banks are affecting private banks, including HDFCBank, ICICI Bank, SBI, and AU Bank. This indicates a broader market dynamic impacting multiple companies in the banking sector.",,,https://pbs.twimg.com/media/G9EQjKhaEAAODb3?format=jpg&name=orig,,,729,2025-12-26T05:00:00,@ETMarkets
HDFC Bank Ltd,https://x.com/ETMarkets/status/2004408076724580548,"RELEVANT (MEDIUM confidence)
Sources: text, image, external
- HDFC Bank is among the top stock picks recommended by Motilal Oswal, indicating positive market sentiment.
- India's economic growth supported by monetary policy measures includes frontloaded rate cuts totaling 125 basis points, benefiting financial institutions like HDFC Bank.
- Fiscal interventions such as income tax cuts and a reduction in GST rates are expected to stimulate consumption, potentially boosting banking sector revenues including those of HDFC Bank.
- Inflation is projected to average around 2.0% for 2025-26, below the RBI's target, which may lead to favorable lending conditions for banks like HDFC Bank.
- The RBI reduced the repo rate by 125 basis points to 5.25% in 2025, likely impacting interest margins and lending strategies at HDFC Bank.
- GDP growth forecasts were revised upward to 7.3% for 2025-26, suggesting a favorable economic environment for HDFC Bank's business expansion plans.","Sources: external, image, text
- HDFC Bank identified as a key player among private banks, alongside ICICI Bank, SBI, and AU Bank by Motilal Oswal.
- PSU banks gaining competitive ground over private banks like HDFC Bank.
- HDFC Bank remains significant in the banking sector despite competition from PSU banks.
- Included in top stock picks recommended by Motilal Oswal, indicating positive market sentiment.
- Benefiting from monetary policy measures including frontloaded rate cuts totaling 125 basis points.
- Fiscal interventions such as income tax cuts and GST reductions expected to stimulate consumption, potentially boosting HDFC Bank's revenues.
- Inflation projected at around 2.0% for 2025-26, below RBI's target, suggesting favorable lending conditions.
- RBI reduced the repo rate by 125 basis points to 5.25% in 2025, impacting interest margins and lending strategies.
- GDP growth forecast revised upward to 7.3% for 2025-26, indicating a favorable economic environment for HDFC Bank's expansion plans.",Relevant,MEDIUM,"The content mentions HDFCBank as one of the top picks by Motilal Oswal, indicating relevance to stock recommendations and market implications for HDFCBank.",HDFCBank is recommended by Motilal Oswal as a top pick.; Economic projections suggest favorable conditions for financial institutions like HDFCBank.,BEL; Brigade Enterprises; Consumer; Fiscal interventions involve; HDFC; HDFC Bank; HDFCBANK; HDFCBank; ICICI; ICICI Bank; ICICIBANK; Key points from the article; LIC; Monetary policy measures; Nuvama; Potential risks; Prestige Estates; RIL; and HDFC; and HDFC Bank; based inflation is expected to trend below the Reserve Bank; consumer; other related news about; term; to trend below the Reserve; with consumer,Stock recommendations and economic outlook in India.,text; image; external,,"The article discusses policy measures affecting multiple companies, including HDFCBank, due to broad-based GDP growth expectations and monetary/fiscal interventions.",,,https://pbs.twimg.com/card_img/2004399631757942784/Q1TvSar6?format=jpg&name=orig,,https://t.co/Qjapx3pQN5,2285,2025-12-26T04:25:00,@ETMarkets
Indian Energy Exchange Ltd,https://x.com/ETMarkets/status/2004416341185646912,"RELEVANT (HIGH confidence)
Sources: text, image, external
- CERC's new VPPA framework allows large electricity consumers to meet renewable energy obligations through financial agreements, bypassing physical power purchase.
- IEX shares declined by 4.20%, reaching an intraday low of Rs 133.29 following the introduction of the VPPA guidelines.
- Over the past year, IEX shares have dropped approximately 25%, currently trading near their 52-week low of Rs 130.
- The company is valued at a P/E ratio of 26.49 and a P/B ratio of 10.91, indicating a premium valuation affecting investor sentiment.
- The stock's 14-day RSI stands at 44.0, suggesting neutral-to-weak momentum without signs of oversold or overbought conditions.
- IEX is trading below all eight key SMAs, indicating a bearish technical outlook.
- VPPA model benefits large commercial and industrial users by offering flexibility in renewable compliance but poses challenges for power exchanges like IEX due to potential reduced demand.","Sources: external, image, text
- CERC's new VPPA framework allows large electricity consumers to meet renewable energy obligations through financial agreements, bypassing physical power purchase.
- IEX shares declined by 4.20% following the introduction of the VPPA guidelines, reaching an intraday low of Rs 133.29.
- Over the past year, IEX shares have dropped approximately 25%, currently trading near their 52-week low of Rs 130.
- The company is valued at a P/E ratio of 26.49 and a P/B ratio of 10.91, indicating a premium valuation affecting investor sentiment.
- The stock's 14-day RSI stands at 44.0, suggesting neutral-to-weak momentum without signs of oversold or overbought conditions.
- IEX is trading below all eight key SMAs, indicating a bearish technical outlook.
- VPPA model benefits large commercial and industrial users by offering flexibility in renewable compliance but poses challenges for power exchanges like IEX due to potential reduced demand.",Relevant,HIGH,"The content discusses specific financial metrics, stock price movements, and regulatory impacts directly affecting IEX. It includes details on share decline, P/E ratio, P/B ratio, RSI, and technical analysis related to IEX's performance.","IEX shares slid over 4%, reaching an intraday low of Rs 133.29.; The company is valued at a P/E ratio of 26.49 and a P/B ratio of 10.91.; The stock's 14-day RSI stands at 44.0, indicating neutral-to-weak momentum.; IEX is trading below all eight key SMAs, suggesting a bearish technical outlook.",BEL; CERC (Central Electricity Regulatory Commission); Central; IEX; INDIAN; INDIAN ENERGY; Indian; LIC; The background shows an image of electricity pylons and power; The company; The introduction of a Virtual Power; The overall theme of the image is related to the Indian Energy; based renewable power; bypassing the need for physical power; currently; decreasing; energy obligations through; has led to a decline in IEX; investor caution driven by both; it poses challenges for power exchanges like IEX due to potential reduced demand for their services; on Indian Energy; s new VPPA guidelines allow large electricity consumers to meet renewable energy obligations through financial; suggesting a theme related to energy and power; to investor concerns and the; trading; which is a; which is a stock exchange for energy; with investor caution driven by both financial,Impact of CERC's VPPA framework on IEX shares and market dynamics.,text; image; external,IEX shares dropped approximately 25% over the past year.; Current trading near 52-week low of Rs 130.; P/E ratio: 26.49; P/B ratio: 10.91,"The introduction of the VPPA framework by CERC affects not only IEX but also other power exchanges and large electricity consumers in India, altering demand for exchange-based renewable power products.",[Leave blank],,https://pbs.twimg.com/card_img/2004416309916999680/mzs2Sj4L?format=jpg&name=orig,,https://t.co/M5cxRUBsBR,2742,2025-12-26T04:57:50,@ETMarkets
Bharat Dynamics Ltd,https://x.com/ETMarkets/status/2004408076690927992,"RELEVANT (MEDIUM confidence)
Sources: text, image, external
- Defense stocks, including BEL BDL, are in focus ahead of the year-end DAC meeting.
- Silver ETFs have delivered over a 160% return in 2025, indicating strong performance.
- Institutional investors' role is evolving from IPO cheerleaders to silent stewards.  
- Mid-tier IT companies often miss billion-dollar targets; Firstsource is an exception.
- Phoenix Mills stock reached a fresh 52-week high in December 2025, moving in an upward sloping channel.
- Long-term investment strategy suggests considering five large-cap stocks with potential upside of up to 25%.","Sources: external, image, text
- Defense stocks, including BEL BDL, are under scrutiny ahead of the year-end DAC meeting.
- Silver ETFs have achieved a return exceeding 160% in 2025.
- Institutional investors' roles are shifting from IPO promoters to more passive stewards.
- Firstsource is highlighted as an exception among mid-tier IT companies for missing billion-dollar targets.
- Phoenix Mills stock reached a new 52-week high in December 2025, indicating upward momentum.
- A long-term investment strategy recommends considering five large-cap stocks with potential upside of up to 25%.",Relevant,MEDIUM,"The content mentions BDL as one of the defense stocks being focused on ahead of a year-end DAC meeting, indicating its relevance in the context of industry developments.",BDL is mentioned as a defense stock in focus ahead of the year-end DAC meeting.,BDL; BEL; It mentions recommendations for; It mentions recommendations for mutual; Mills; Mutual; Mutual Fund; Phoenix Mills; Readers are encouraged to subscribe to The Economic Times Prime for access to ET ePaper online and stay updated with mutual fund; TCS; cap; defence; defense; dollar; highlights several defense; mutual; online and stay updated with; other defence; provides insights into various; the article provides insights into various financial; tier IT; traded,Focus on defense stocks and market trends related to the upcoming DAC meeting.,text; image; external,,"Several defense companies are highlighted due to their focus around the DAC meeting, suggesting potential impacts or discussions relevant to multiple firms within this sector.",,,https://pbs.twimg.com/card_img/2004394761910939648/jKAtYB8l?format=jpg&name=orig,,https://t.co/VjnoJWiMbF,2099,2025-12-26T04:25:00,@ETMarkets
Titan Company Ltd,https://x.com/FinancialXpress/status/2004433655066673606,"RELEVANT (HIGH confidence)
Sources: text, image
- Titan enters lab-grown diamond segment, expanding product offerings.
- Launch of first retail store in Mumbai scheduled for December 29.
- Strategic move to diversify into sustainable jewelry options with lab-grown diamonds.
- Expansion aligns with growing consumer demand for ethical and eco-friendly products.
- Potential increase in market share within the luxury goods sector through new segment entry.","Sources: image, text
- Titan enters lab-grown diamond segment to expand product offerings.
- Scheduled launch of first retail store in Mumbai on December 29.
- Strategic diversification into sustainable jewelry options using lab-grown diamonds.
- Expansion aligns with increasing consumer demand for ethical and eco-friendly products.
- Potential increase in market share within the luxury goods sector through new segment entry.",Relevant,HIGH,"The content explicitly mentions Titan's entry into the lab-grown diamond segment and its plan to launch a retail store in Mumbai, which aligns with business developments and strategic initiatives.",Titan is entering the lab-grown diamond segment.; The company plans to open its first retail store in Mumbai on December 29.,TITAN; TITAN COMPANY; to launch first retail,Titan's expansion into the lab-grown diamond market and retail store launch.,text; image,[No specific revenue figures mentioned]; [No specific profit figures mentioned]; [No growth rates provided]; Launch of the first retail store in Mumbai on December 29.; [No market metrics specified]; [No ratios or margins detailed],,,Titan's strategic initiative to enter the lab-grown diamond segment.,https://pbs.twimg.com/card_img/2004433658367627264/z9YWIntT?format=jpg&name=orig,,https://t.co/2TviI6EGvk,359,2025-12-26T06:06:38,@FinancialXpress
Maruti Suzuki India Ltd,https://x.com/FinancialXpress/status/2004411925266923668,"RELEVANT (MEDIUM confidence)
Sources: text, image, external
- Maruti Suzuki Wagon R consistently ranks among top-selling compact cars in India, contributing significantly to the company's market share.
- Periodic updates include modern infotainment systems, improved fuel efficiency, and enhanced safety features to meet consumer expectations.
- The vehicle's competitive pricing strategy and extensive dealership network support its strong sales performance across various demographics.
- Maruti Suzuki leverages Wagon R’s brand equity to introduce new models and variants, expanding its product lineup.
- Strategic marketing campaigns reinforce the car’s image as a reliable and economical choice for Indian consumers.
- Plans to innovate include potential introduction of electric variants, aligning with global trends in sustainable mobility.","Sources: external, image, text
- Maruti Suzuki Wagon R ranks among top-selling compact cars in India, significantly contributing to the company's market share.
- The vehicle features modern infotainment systems, improved fuel efficiency, and enhanced safety features.
- Competitive pricing strategy and extensive dealership network support strong sales performance across various demographics.
- Leveraging Wagon R’s brand equity, Maruti Suzuki introduces new models and variants to expand its product lineup.
- Strategic marketing campaigns position the car as a reliable and economical choice for Indian consumers.
- Plans include potential introduction of electric variants, aligning with global trends in sustainable mobility.",Relevant,MEDIUM,"The content discusses the Maruti Suzuki Wagon R's market performance, strategic updates, and business developments, which are directly related to Maruti Suzuki.","The Wagon R has maintained relevance through strategic updates while preserving its core identity.; Periodic updates include modern infotainment systems, improved fuel efficiency, and robust engine options.; The vehicle's success is attributed to competitive pricing and a widespread dealership network.",Indian; MARUTI; Maruti; Maruti Suzuki; Other automakers (implied as competitors); The article may discuss challenges such as increasing competition from other automakers and changing consumer; These updates have; These updates have included modern infotainment systems; While specific; While specific financial; and enhanced safety measures to meet evolving consumer; brand; content such articles might; market; may discuss challenges such as; s ability to adapt to market changes and consumer; s brand; s overall revenue and market; top,"Overview of Maruti Suzuki Wagon R's 25-year journey, focusing on its design heritage, reinvention strategies, market performance, financial impact, and future outlook.",text; image; external,"N/A; N/A; N/A; Plans to introduce electric variants of the Wagon R aligning with global trends in sustainable mobility.; The Wagon R consistently ranks among top-selling compact cars in India.; Appeals across various demographics, including families and young professionals.; N/A",The content primarily focuses on Maruti Suzuki but implies industry-wide trends such as competition from other automakers and shifts towards SUVs.,,Maruti Suzuki leverages the Wagon R's brand equity to introduce new models and variants.; Strategic marketing campaigns reinforce its image as a reliable and economical choice.,https://pbs.twimg.com/card_img/2004411928500678657/y3AuxH8l?format=png&name=orig,,https://t.co/AHCwYQgaX3,3050,2025-12-26T04:40:17,@FinancialXpress
Coforge Ltd,https://x.com/moneycontrolcom/status/2004445112689201587,"RELEVANT (HIGH confidence)
Sources: text
- Targeting a $2-billion revenue run-rate in upcoming quarters  
- Focused on expanding service offerings to drive growth  
- Strategic investments planned in technology and talent acquisition  
- Pursuing new partnerships to enhance market reach and capabilities  
- Implementing initiatives for operational efficiency improvements  
- Expanding into emerging markets to diversify revenue streams  
- Strengthening client relationships through tailored solutions and services","Sources: external, image, text
- Targeting a $2-billion revenue run-rate in upcoming quarters  
- Focused on expanding service offerings to drive growth  
- Strategic investments planned in technology and talent acquisition  
- Pursuing new partnerships to enhance market reach and capabilities  
- Implementing initiatives for operational efficiency improvements  
- Expanding into emerging markets to diversify revenue streams  
- In advanced talks for an acquisition valued at over $1 billion, potentially one of the largest in IT services sector  
- Acquisition aims to enhance Coforge's market position and service offerings  
- Discussions with Encora indicate potential strategic partnership or collaboration  
- Market speculation suggests fundraising plans alongside potential Encora partnership  
- Enhancing cloud capabilities through a strategic deal  
- Expanding data management expertise for advanced analytics solutions  
- Boosting product engineering capabilities for innovative software development  
- Facilitating entry into key overseas markets to increase global presence  
- Aims to achieve growth targets by leveraging new partnerships formed through deals  
- Plans to increase revenue streams from international operations as part of broader business strategy  

These points encapsulate Coforge's strategic initiatives and developments based on the analyzed tweets.",Relevant,HIGH,"The content explicitly mentions COFORGE's financial target of achieving a $2-billion revenue run-rate over the coming quarters, which is directly related to specific financial metrics and future guidance.",COFORGE is focused on achieving a $2-billion revenue run-rate over the coming quarters.,COFORGE,Coforge's revenue growth strategy and targets for upcoming quarters.,text,Coforge aims for a $2-billion revenue run-rate in upcoming quarters.; Target of achieving a $2-billion revenue run-rate over the coming quarters.,,,Coforge's strategic focus on increasing its revenue to reach a $2-billion run-rate.,,,,93,2025-12-26T06:52:10,@moneycontrolcom
Coforge Ltd,https://x.com/moneycontrolcom/status/2004445051011858455,"RELEVANT (MEDIUM confidence)
Sources: text
- Enhances cloud capabilities through strategic deal, strengthening service offerings in the technology sector.
- Expands data management expertise to support growing demand for advanced analytics solutions.
- Boosts product engineering capabilities, enabling development of innovative software products.
- Facilitates entry and expansion into key overseas markets, increasing global market presence.
- Aims to achieve growth targets by leveraging new partnerships formed through the deal.
- Plans to increase revenue streams from international operations as part of broader business development strategy.","Sources: external, image, text
- Targeting a $2-billion revenue run-rate in upcoming quarters  
- Focused on expanding service offerings to drive growth  
- Strategic investments planned in technology and talent acquisition  
- Pursuing new partnerships to enhance market reach and capabilities  
- Implementing initiatives for operational efficiency improvements  
- Expanding into emerging markets to diversify revenue streams  
- In advanced talks for an acquisition valued at over $1 billion, potentially one of the largest in IT services sector  
- Acquisition aims to enhance Coforge's market position and service offerings  
- Discussions with Encora indicate potential strategic partnership or collaboration  
- Market speculation suggests fundraising plans alongside potential Encora partnership  
- Enhancing cloud capabilities through a strategic deal  
- Expanding data management expertise for advanced analytics solutions  
- Boosting product engineering capabilities for innovative software development  
- Facilitating entry into key overseas markets to increase global presence  
- Aims to achieve growth targets by leveraging new partnerships formed through deals  
- Plans to increase revenue streams from international operations as part of broader business strategy  

These points encapsulate Coforge's strategic initiatives and developments based on the analyzed tweets.",Relevant,MEDIUM,"The content discusses strategic initiatives by Coforge such as expanding in key overseas markets and enhancing product engineering capabilities, which align with the criteria for relevance.","The content highlights strategic initiatives by Coforge such as expanding in key overseas markets.; It mentions enhancing product engineering capabilities, which is a business development focus for the company.",COFORGE; Cloud Data Product engineering,Strategic business developments of Coforge including market expansion and capability enhancement.,text,[No specific revenue figures mentioned]; [No specific profit figures mentioned]; [No specific growth rates mentioned]; [No specific targets or timelines provided]; [No market metrics specified]; [No ratios or margins detailed],,,Coforge is focusing on expanding in key overseas markets.; The company aims to enhance its product engineering capabilities.,,,,121,2025-12-26T06:51:55,@moneycontrolcom
Coforge Ltd,https://x.com/moneycontrolcom/status/2004444976542110079,"RELEVANT (MEDIUM confidence)
Sources: text
- Coforge reportedly held discussions with Encora, a company backed by Advent International.
- Potential partnership or collaboration under consideration between Coforge and Encora.
- Discussions indicate strategic interest in expanding business relationships within the technology sector.
- Possible alignment of growth plans through potential partnerships with established firms like Encora.
- Engagement with Encora may influence Coforge's market positioning and competitive strategy.","Sources: external, image, text
- Targeting a $2-billion revenue run-rate in upcoming quarters  
- Focused on expanding service offerings to drive growth  
- Strategic investments planned in technology and talent acquisition  
- Pursuing new partnerships to enhance market reach and capabilities  
- Implementing initiatives for operational efficiency improvements  
- Expanding into emerging markets to diversify revenue streams  
- In advanced talks for an acquisition valued at over $1 billion, potentially one of the largest in IT services sector  
- Acquisition aims to enhance Coforge's market position and service offerings  
- Discussions with Encora indicate potential strategic partnership or collaboration  
- Market speculation suggests fundraising plans alongside potential Encora partnership  
- Enhancing cloud capabilities through a strategic deal  
- Expanding data management expertise for advanced analytics solutions  
- Boosting product engineering capabilities for innovative software development  
- Facilitating entry into key overseas markets to increase global presence  
- Aims to achieve growth targets by leveraging new partnerships formed through deals  
- Plans to increase revenue streams from international operations as part of broader business strategy  

These points encapsulate Coforge's strategic initiatives and developments based on the analyzed tweets.",Relevant,MEDIUM,"The content mentions Coforge's discussions with another company, which is a business development activity. This aligns with the criteria for relevance as it involves strategic initiatives by COFORGE.",Coforge is reportedly holding discussions with Encora.; No specific financial figures or metrics provided.,COFORGE; Encora; based; based company,Business discussions between Coforge and Encora regarding potential collaborations or partnerships.,text,[Leave blank]; [Leave blank]; [Leave blank]; [Leave blank]; [Leave blank]; [Leave blank],"The mention of Encora indicates a multi-company scenario where both companies are involved in discussions, potentially affecting their business strategies.",[Leave blank],"Coforge is engaged in discussions with Encora, indicating potential strategic initiatives or partnerships.",,,,155,2025-12-26T06:51:37,@moneycontrolcom
Coforge Ltd,https://x.com/moneycontrolcom/status/2004444920908820877,"RELEVANT (HIGH confidence)
Sources: text
- Coforge is in advanced talks for an acquisition valued at over $1 billion.
- The potential deal could be one of the largest in the IT services sector.
- Acquisition aims to enhance Coforge's market position and service offerings.
- Strategic move aligns with growth plans by expanding capabilities and client base.
- Deal may involve integration of new technologies or expertise into Coforge’s portfolio.","Sources: external, image, text
- Targeting a $2-billion revenue run-rate in upcoming quarters  
- Focused on expanding service offerings to drive growth  
- Strategic investments planned in technology and talent acquisition  
- Pursuing new partnerships to enhance market reach and capabilities  
- Implementing initiatives for operational efficiency improvements  
- Expanding into emerging markets to diversify revenue streams  
- In advanced talks for an acquisition valued at over $1 billion, potentially one of the largest in IT services sector  
- Acquisition aims to enhance Coforge's market position and service offerings  
- Discussions with Encora indicate potential strategic partnership or collaboration  
- Market speculation suggests fundraising plans alongside potential Encora partnership  
- Enhancing cloud capabilities through a strategic deal  
- Expanding data management expertise for advanced analytics solutions  
- Boosting product engineering capabilities for innovative software development  
- Facilitating entry into key overseas markets to increase global presence  
- Aims to achieve growth targets by leveraging new partnerships formed through deals  
- Plans to increase revenue streams from international operations as part of broader business strategy  

These points encapsulate Coforge's strategic initiatives and developments based on the analyzed tweets.",Relevant,HIGH,"The content discusses a significant corporate action involving COFORGE, specifically an acquisition worth over $1 billion, which is directly related to the company's strategic initiatives.",Coforge is engaged in advanced talks for an acquisition valued at over $1 billion.; The deal could be one of the largest in the IT services sector.,"@nalinmehta (likely a reference to an analyst or commentator, not a company); COFORGE; IT services; IT services company",Coforge's potential acquisition deal in the IT services sector.,text,,,,"Coforge is potentially making one of the biggest deals in its sector, indicating a strategic move to expand or enhance its market position.",,,,207,2025-12-26T06:51:24,@moneycontrolcom
Coforge Ltd,https://x.com/moneycontrolcom/status/2004406187455140305,"RELEVANT (HIGH confidence)
Sources: text, image
- Coforge shares decreased by 12.20 to 1725.50 in early trade on December 26, 2025.
- Current trading volume is 4,34,870.00 on NSE.
- Day's high was 1744.70 and low was 1711.00.
- Discussions around a $1-billion deal with Encora are impacting share prices.
- Company exploring fundraising plans alongside the potential Encora partnership.
- Market speculation suggests strategic growth initiatives through partnerships and capital raising efforts.","Sources: external, image, text
- Targeting a $2-billion revenue run-rate in upcoming quarters  
- Focused on expanding service offerings to drive growth  
- Strategic investments planned in technology and talent acquisition  
- Pursuing new partnerships to enhance market reach and capabilities  
- Implementing initiatives for operational efficiency improvements  
- Expanding into emerging markets to diversify revenue streams  
- In advanced talks for an acquisition valued at over $1 billion, potentially one of the largest in IT services sector  
- Acquisition aims to enhance Coforge's market position and service offerings  
- Discussions with Encora indicate potential strategic partnership or collaboration  
- Market speculation suggests fundraising plans alongside potential Encora partnership  
- Enhancing cloud capabilities through a strategic deal  
- Expanding data management expertise for advanced analytics solutions  
- Boosting product engineering capabilities for innovative software development  
- Facilitating entry into key overseas markets to increase global presence  
- Aims to achieve growth targets by leveraging new partnerships formed through deals  
- Plans to increase revenue streams from international operations as part of broader business strategy  

These points encapsulate Coforge's strategic initiatives and developments based on the analyzed tweets.",Relevant,HIGH,"The content discusses COFORGE's stock price movement and mentions a significant business development involving Encora, which is directly related to COFORGE.","Coforge shares are currently priced at 1725.50, indicating a decrease of 12.20 (0.70%).; The day high was 1744.70 and the day low was 1711.00.; Volume on NSE is 4,34,870.00 as of 26 Dec, 2025 at 09:44.",COFORGE; Coforge; Current; Encora; Green arrow indicating an; NSE,Stock price movement of COFORGE and mention of a $1-billion deal with Encora.,text; image,[Leave blank]; [Leave blank]; [Leave blank]; [Leave blank]; Current Price: 1725.50; Decrease: 12.20 (0.70%); Day High: 1744.70; Day Low: 1711.00; [Leave blank],The discussion involves Encora as part of a potential deal or partnership affecting COFORGE's financial strategy.,[Leave blank],"Coforge is involved in discussions about a $1-billion deal with Encora, which may impact its fundraising plans and strategic direction.",https://pbs.twimg.com/media/G9EUjQ-bQAAGtfh?format=jpg&name=orig,,,632,2025-12-26T04:17:29,@moneycontrolcom
Coforge Ltd,https://x.com/moneycontrolcom/status/2004394910842343843,"RELEVANT (HIGH confidence)
Sources: text, image, external
- Coforge is in discussions for an acquisition valued at over $1 billion, pending board approval.
- The potential deal may involve raising additional funds to support the acquisition process.
- Major tech companies are increasing hiring in India due to H-1B visa restrictions, with approximately 32,000 jobs added by 2025.","Sources: external, image, text
- Targeting a $2-billion revenue run-rate in upcoming quarters  
- Focused on expanding service offerings to drive growth  
- Strategic investments planned in technology and talent acquisition  
- Pursuing new partnerships to enhance market reach and capabilities  
- Implementing initiatives for operational efficiency improvements  
- Expanding into emerging markets to diversify revenue streams  
- In advanced talks for an acquisition valued at over $1 billion, potentially one of the largest in IT services sector  
- Acquisition aims to enhance Coforge's market position and service offerings  
- Discussions with Encora indicate potential strategic partnership or collaboration  
- Market speculation suggests fundraising plans alongside potential Encora partnership  
- Enhancing cloud capabilities through a strategic deal  
- Expanding data management expertise for advanced analytics solutions  
- Boosting product engineering capabilities for innovative software development  
- Facilitating entry into key overseas markets to increase global presence  
- Aims to achieve growth targets by leveraging new partnerships formed through deals  
- Plans to increase revenue streams from international operations as part of broader business strategy  

These points encapsulate Coforge's strategic initiatives and developments based on the analyzed tweets.",Relevant,HIGH,"The content discusses Coforge's potential acquisition valued at over $1 billion and the board's consideration of raising additional funds, which are significant corporate actions.",Coforge is reportedly discussing an acquisition valued at over $1 billion.; The board of Coforge may consider raising additional funds to support this potential deal.,Amazon; Apple; COFORGE; Electric; Google; Major tech; Media & Investments; Media & Investments Limited; Meta; Microsoft; Netflix; Share; The article also; The article also includes various sections related to financial tools; The company; This shortage is projected to; Unlisted; also involve raising additional; an Uttarakhand pacer who dismissed Rohit; and Netflix are; and calculators for; board to weigh; commodity; increase; mutual; mutual fund; on Coforge and Ola Electric; performing; s exterior with the; s exterior with the company; share; various sections related to,Coforge is in talks for a major acquisition and may raise funds to support this deal.,text; image; external,,"The article also mentions other companies involved in hiring trends due to H-1B visa rules, such as Meta, Apple, Google, Amazon, Microsoft, and Netflix. These companies are increasing their hiring in India, which is relevant for understanding broader industry dynamics affecting tech firms like Coforge.",The article was detailed by @chandrarsrikant and @shaw_reshab.,,https://pbs.twimg.com/card_img/2004391939425423360/Vap1wTZj?format=jpg&name=orig,,https://t.co/yreheqpIyg,2792,2025-12-26T03:32:41,@moneycontrolcom
Kotak Mahindra Bank Ltd,https://x.com/bsindia/status/2005645159195979901,"RELEVANT (MEDIUM confidence)
Sources: text, image
- Medium duration and floater funds delivered over 8% returns in the past year.
- Returns supported by rate cuts and falling yields.
- Debt schemes extend winning run into 2025 due to favorable interest rate environment.
- Focus on leveraging rate-cut tailwinds for enhanced fund performance.","Sources: image, text
- Medium duration and floater funds delivered over 8% returns in the past year.
- Fund performance supported by rate cuts and falling yields.
- Debt schemes projected to maintain strong performance into 2025 due to favorable interest rates.
- Strategy focuses on leveraging rate-cut tailwinds for enhanced fund performance.",Relevant,MEDIUM,"The content discusses debt schemes that have benefited from rate cuts, which is an industry-wide impact affecting KOTAKBANK as a financial institution. Additionally, the mention of Kotak Mutual Funds (KotakMF) directly links to KOTAKBANK's subsidiary activities in mutual funds.",Medium duration and floater funds have delivered over 8% returns in the past year.; Supported by rate cuts and falling yields.,KOTAKBANK; Kotak Mutual Funds (KotakMF); Medium duration and floater; cut tailwinds Medium,Performance of medium duration and floater debt schemes due to rate cuts and falling yields.,text; image,,"The content highlights an industry-wide impact where financial institutions, including KOTAKBANK through its KotakMF arm, benefit from favorable interest rate environments leading to improved returns on certain mutual fund schemes.",,,https://pbs.twimg.com/card_img/2004957368367689728/goy2hR-q?format=jpg&name=orig,,https://t.co/Qbgq7T9AF0,311,2025-12-29T14:20:43,@bsindia
Reliance Industries Ltd,https://x.com/bsindia/status/2005575791527211455,"RELEVANT (MEDIUM confidence)
Sources: text, image
- Reliance Industries (RIL) contributed to a 380-point decline in the Sensex.
- RIL's stock movement influenced Nifty to drop below 25,950 levels.
- Sector-specific performance: PSU bank and media shares experienced an increase amid broader market declines. 

(Note: The provided text does not contain specific strategic information about financial metrics, business developments, targets, partnerships, or growth plans for Reliance Industries.)","Sources: image, text
- Reliance Industries' stock movement contributed to a 380-point decline in the Sensex.
- RIL's influence caused Nifty to drop below 25,950 levels.
- Sector-specific performance: PSU bank and media shares increased amid broader market declines.

(Note: The provided text does not contain specific strategic information about financial metrics, business developments, targets, partnerships, or growth plans for Reliance Industries.)",Relevant,MEDIUM,"The content mentions RELIANCE (RIL) as part of a broader market update affecting the Sensex and Nifty indices, indicating its relevance to financial performance and stock movements.","Mention of RIL dragging the Sensex by 380 points.; Nifty index falling below 25,950 due to actions involving RIL.",Airtel; BEL; PSU; PSU bank; RELIANCE; RIL; media,"Market index movement due to specific company actions, including RELIANCE's impact on the Sensex.",text; image,"[No specific revenue figures mentioned]; [No specific profit figures mentioned]; [No specific growth rates mentioned]; [No specific targets or timelines mentioned]; Sensex dragged by 380 points due to RIL.; Nifty index below 25,950.; [No specific ratios or margins mentioned]","The content discusses the impact of RIL and Airtel on market indices, suggesting a broader industry or sector influence affecting multiple companies.",,[No strategic information provided],https://pbs.twimg.com/card_img/2005491440240271362/TfyqfdmB?format=jpg&name=orig,,https://t.co/6Ykn5JWVhk,177,2025-12-29T09:45:05,@bsindia
Coforge Ltd,https://x.com/bsindia/status/2005519845400678726,"RELEVANT (MEDIUM confidence)
Sources: text, image
- Coforge acquired Encora, a digital transformation services provider.
- The acquisition aims to enhance Coforge's capabilities in cloud, AI, and automation technologies.
- Expected to strengthen Coforge's market position in North America.
- Targets increased revenue growth through expanded service offerings.
- Plans to leverage Encora’s client base for cross-selling opportunities.
- Acquisition aligns with Coforge's strategic focus on digital transformation.","Sources: image, text
- Coforge acquired Silicon Valley-based AI firm Encora for $2.35 billion in an all-stock deal, marking the largest takeover by an Indian IT company in the Enterprise Resource & Digital (ER&D) space.
- Post-acquisition, Encora shareholders will receive a 20% stake in Coforge.
- The acquisition aims to enhance Coforge's capabilities in cloud, AI, and automation technologies.
- Expected to strengthen Coforge's market position in North America.
- Targets increased revenue growth through expanded service offerings by leveraging Encora’s client base for cross-selling opportunities.
- Deal expected to be earnings per share (EPS) accretive for Coforge in fiscal year 2027.
- Acquisition aligns with Coforge's strategic focus on digital transformation.",Relevant,MEDIUM,"The content discusses Coforge's acquisition of Encora, which is a significant corporate action and directly relates to COFORGE. Analysts' perspectives on this acquisition are also mentioned, indicating its relevance for investors.",Coforge has acquired Encora.; The acquisition is being analyzed by analysts for its impact on investors.,COFORGE; Encora; GuptaSirali Experience it,Analysis of the implications of Coforge's acquisition of Encora for investors.,text; image,[No specific revenue figures mentioned]; [No specific profit figures mentioned]; [No specific growth rates mentioned]; [No specific targets or timelines mentioned]; [No specific market metrics mentioned]; [No specific ratios or margins mentioned],"The content involves discussions by analysts about the impact of Coforge's acquisition on the stock market and investor sentiment, which may affect multiple companies in the industry.",Analysts weigh in on what the acquisition means for investors.,Coforge's acquisition of Encora is a strategic corporate action.,https://pbs.twimg.com/card_img/2004454346533359620/78tQ0SsH?format=jpg&name=orig,,https://t.co/kmjEptNXEy,249,2025-12-29T06:02:46,@bsindia
Coforge Ltd,https://x.com/bsindia/status/2004749657222869477,"RELEVANT (HIGH confidence)
Sources: text, image
- Coforge to acquire Silicon Valley-based AI firm Encora for $2.35 billion in an all-stock deal.
- Acquisition is the largest takeover by an Indian IT company in Enterprise Resource & Digital (ER&D) space.
- Encora shareholders will receive a 20% stake in Coforge post-acquisition.
- Deal expected to be earnings per share (EPS) accretive for Coforge in fiscal year 2027.
- Acquisition aims to enhance Coforge's capabilities in AI and digital transformation services.","Sources: image, text
- Coforge acquired Silicon Valley-based AI firm Encora for $2.35 billion in an all-stock deal, marking the largest takeover by an Indian IT company in the Enterprise Resource & Digital (ER&D) space.
- Post-acquisition, Encora shareholders will receive a 20% stake in Coforge.
- The acquisition aims to enhance Coforge's capabilities in cloud, AI, and automation technologies.
- Expected to strengthen Coforge's market position in North America.
- Targets increased revenue growth through expanded service offerings by leveraging Encora’s client base for cross-selling opportunities.
- Deal expected to be earnings per share (EPS) accretive for Coforge in fiscal year 2027.
- Acquisition aligns with Coforge's strategic focus on digital transformation.",Relevant,HIGH,"The content explicitly mentions COFORGE's acquisition of Encora, which is a significant corporate action involving financial metrics and strategic implications for the company.","Coforge is acquiring Silicon Valley-based AI firm Encora.; The acquisition value is $2.35 billion, executed as an all-stock deal.; Encora shareholders are expected to receive a 20% stake in COFORGE post-acquisition.; The deal is anticipated to be EPS accretive for COFORGE by FY27.",COFORGE; D The acquisition gives Encora; Encora; Indian; LIC; takeover by an Indian IT; the largest takeover by an Indian IT company,Acquisition announcement by Coforge of Silicon Valley-based AI firm Encora.,text; image,[No specific revenue figures provided]; [No specific profit figures provided]; [No specific growth rates provided]; EPS accretion expected in FY27.; [No specific market metrics provided]; [No specific ratios or margins provided],"This acquisition impacts both companies involved, with Encora shareholders receiving a stake in COFORGE and potential EPS accretion expected for COFORGE.",The tweet mentions an expectation that the deal will be EPS accretive in FY27.,Coforge's largest takeover by an Indian IT company in the ER&D sector.; Strategic expansion into AI through acquisition of Encora.,"https://pbs.twimg.com/card_img/2004749660674740225/s89ST9B2?format=jpg&name=orig,https://pbs.twimg.com/card_img/2004749660674740225/s89ST9B2?format=jpg&name=orig",,https://t.co/IsrfKcqtm0,304,2025-12-27T03:02:19,@bsindia
Axis Bank Ltd,https://x.com/bsindia/status/2005519479334416885,"RELEVANT (HIGH confidence)
Sources: text, image
- Axis Bank's growth is improving, indicating positive business momentum.
- Net Interest Margins (NIMs) are expected to reach their lowest point in Q4FY26/Q1.
- The company is likely focusing on strategies to enhance profitability post-NIM bottoming out.
- Market analysis suggests potential for stock performance improvement as financial metrics stabilize.
- Axis Bank may be exploring new growth plans or partnerships to sustain long-term development.","Sources: image, text
- Axis Bank's growth is improving, indicating positive business momentum.
- Net Interest Margins (NIMs) expected to reach their lowest in Q4FY26/Q1.
- Focus on strategies to enhance profitability post-NIM bottoming out.
- Potential for stock performance improvement as financial metrics stabilize.
- Exploration of new growth plans or partnerships for long-term development.",Relevant,HIGH,"The content explicitly mentions Axis Bank's growth improvement and specific financial metrics (NIMs to bottom in Q4FY26/Q1), which are directly related to AXISBANK.",Axis Bank's net interest margins (NIMs) are expected to bottom in Q4FY26/Q1.; The content suggests an improvement in Axis Bank's growth trajectory.,AXIS; AXIS BANK; AXISBANK; Axis; Axis Bank; AxisBank; Motilal Oswal; The logo of Axis; The logo of Axis Bank; design that resembles a,"Financial performance update for Axis Bank, including net interest margins (NIMs) projections.",text; image,,The content is primarily focused on Axis Bank with no explicit mention of other companies' impacts or comparisons.,Insights from Motilal Oswal regarding Axis Bank's financial metrics and growth.,,https://pbs.twimg.com/card_img/2005519451530412033/H1mZLapI?format=jpg&name=orig,,https://t.co/r9MOUViYG7,530,2025-12-29T06:01:19,@bsindia
Grasim Industries Ltd,https://x.com/businessline/status/2005853880899285251,"RELEVANT (HIGH confidence)
Sources: text, image, external
- Grasim Industries Ltd approved a composite scheme of arrangement among Essel Mining & Industries Ltd and Aditya Birla Renewables Ltd to create a consolidated renewable energy platform.
- The scheme aims to increase efficiency through economies of scale and synergies in the renewable energy sector.  
- This strategic move is designed to enhance operational capabilities and market presence within the renewable energy industry.","Sources: external, image, text
- Grasim Industries Ltd approved a composite scheme of arrangement among Essel Mining & Industries Ltd and Aditya Birla Renewables Ltd to create a consolidated renewable energy platform.
- The scheme aims to increase efficiency through economies of scale in the renewable energy sector.
- Designed to enhance operational capabilities within the renewable energy industry.
- Strategic move intended to strengthen market presence in the renewable energy sector.",Relevant,HIGH,"The content specifically mentions Grasim Industries Ltd and details a strategic initiative involving the company. It discusses a composite scheme of arrangement among Essel Mining & Industries Ltd and Aditya Birla Renewables Ltd, which is relevant to Grasim as it aims to create a consolidated renewable energy platform.",Grasim Industries Ltd is involved in a composite scheme of arrangement with Essel Mining & Industries Ltd and Aditya Birla Renewables Ltd.; The initiative aims to create a consolidated renewable energy platform.,Achieved the first tunnel breakthrough in CIDCO; Afcons Infrastructure; Approved a composite scheme of arrangement among Essel Mining & Industries Ltd and Aditya Birla Renewables Ltd; Approved a draft scheme for merging Lloyds Infrastructure & Construction Limited; Brahma AI Holdings; Brahma AI Holdings Limited; Brahma AI ME; Brahma AI ME Ltd; Cupid; Cupid Ltd; Executed a; Extended its strategic partnership with August Jewellery Private Limited; GRASIM; Grasim Industries; Grasim Industries Ltd; HINDALCO; Hindalco; Hindalco Ltd; Hindalco Ltd (Novelis); IndiGo; Infrastructure & Construction; Jubilant FoodWorks; LIC; LT; Lloyds Engineering; Lloyds Engineering Works; Ltd and Aditya Birla Renewables; Lupin; Lupin Ltd; Metalfab Hightech Private; Metalfab Hightech Private Limited; Prime Focus; Prime Focus Ltd; Principle approval to establish an FMCG; Rail Vikas Nigam (RVNL); Senco; Senco Gold; The company; The company announced a change in top management with Amit; The investment was fully impaired during the previous financial; Waaree Energies; allowances for captains will; among Essel Mining & Industries; and Techno Industries Private; and Techno Industries Private Limited; announced a change in top; as an associate of the; creating a consolidated renewable energy; ending its association as an associate of the company; highlights several key; impaired during the previous; medication; million; new pilot allowances and; per; renewable energy platform to; s infrastructure; transforming it into a Complete Engineering and Infrastructure Solutions; with August Jewellery Private,Strategic business development for Grasim Industries Ltd in the renewable energy sector.,text; image; external,,"The initiative involves multiple companies within the same corporate group, indicating strategic consolidation and synergy creation among Essel Mining & Industries Ltd, Aditya Birla Renewables Ltd, and Grasim Industries Ltd.",,"Grasim Industries Ltd is part of a strategic initiative to consolidate renewable energy operations, aiming for increased efficiency through economies of scale and synergies.",https://pbs.twimg.com/card_img/2003876566628007936/BNGySn7e?format=jpg&name=orig,,https://t.co/EAGPZf9HfM,3610,2025-12-30T04:10:06,@businessline
State Bank of India,https://x.com/businessline/status/2005675182984175908,"RELEVANT (MEDIUM confidence)
Sources: text, image, external
- SBI General Insurance is preparing for regulatory changes including the implementation of a risk-based capital (RBC) framework and adoption of IFRS 17 accounting system, enhancing transparency and profitability visibility.
  
- The company is addressing shifts in customer demand from traditional insurance covers to emerging areas such as cyber risk by leveraging data analytics, AI, and digital transformation.

- SBI General Insurance has expanded its digital distribution channels, increasing retail penetration even in underserved markets.

- Despite challenges like the input tax credit (ITC) issue, growth in health insurance volumes is expected to mitigate its impact.

- The company launched a parametric insurance cover in Nagaland, indicating innovation and expansion into underserved segments.

- SBI General Insurance anticipates addressing climate-related risks due to global warming with innovative solutions.","Sources: external, image, text
- SBI General Insurance is preparing for regulatory changes, including the implementation of a risk-based capital (RBC) framework and adoption of IFRS 17 to enhance transparency and profitability visibility.

- The company is shifting focus from traditional insurance covers to emerging areas such as cyber risk by leveraging data analytics, AI, and digital transformation.

- SBI General Insurance has expanded its digital distribution channels, increasing retail penetration in underserved markets.

- Despite challenges like the input tax credit (ITC) issue, growth in health insurance volumes is expected to mitigate its impact.

- The company launched a parametric insurance cover in Nagaland, indicating innovation and expansion into underserved segments.

- SBI General Insurance anticipates addressing climate-related risks with innovative solutions due to global warming.

- Under the new VB-G RAM G funding pattern, states collectively gain ₹17,000 crore compared to MGNREGA averages, with Uttar Pradesh and Maharashtra as top beneficiaries.

- The revised funding ratio shifts from 50:50 to 60:40 between Centre and States, ensuring most states are net gainers without increased financial burdens.

- VB-G RAM G Bill guarantees 125 days of wage employment per rural household, increasing from the current 100 days under MGNREGA.",Relevant,MEDIUM,"The content discusses developments and outlooks related to SBI General Insurance, a subsidiary of State Bank of India (SBIN), focusing on industry trends affecting the company.","SBI General Insurance is preparing for regulatory transitions by engaging consulting firms.; The company has launched a parametric insurance cover in Nagaland, indicating innovation in product offerings.",Cyber threats are emerging as critical risks that require innovative solutions; Director and CEO of SBI General; General; General insurance; He discusses key trends and challenges in the general insurance; ITC; LT; No other specific companies are mentioned directly.; SBI; SBI General; SBI General Insurance; SBI General Insurance has already launched a parametric insurance; SBIN (through its subsidiary SBI General Insurance); The input tax credit; There is a noticeable shift in customer demand from traditional insurance; already launched a parametric; and digital transformation to offer more comprehensive solutions; based; based capital; centric approaches is expected to drive sustainable growth and greater adoption of insurance; demand from traditional; general; growth and greater adoption of; increasing retail; insurance; such as; the Managing Director and CEO of SBI General Insurance; though growth in health; though growth in health insurance; trends and challenges in the; who lack health; who lack health insurance,"Insights from Naveen Chandra Jha, CEO of SBI General Insurance, regarding regulatory changes, industry shifts, challenges, and opportunities in 2025-2026.",text; image; external,,"The content highlights general insurance industry-wide impacts such as regulatory changes (RBC framework, IFRS 17), customer demand shifts, and emerging risks like cyber threats that affect multiple companies including SBIN's subsidiary.","Naveen Chandra Jha discusses key trends in the general insurance sector for 2025-2026, focusing on regulatory changes, industry shifts towards digital transformation, challenges such as ITC issues and climate-related risks, and opportunities like innovative product offerings.",SBI General Insurance is focusing on regulatory compliance and innovation in product offerings.; The company is leveraging digital transformation to enhance underwriting and claims processes.,https://pbs.twimg.com/card_img/2005675184229883905/qpIaBZSD?format=jpg&name=orig,,https://t.co/VzUxOG2P3m,2409,2025-12-29T16:20:01,@businessline
State Bank of India,https://x.com/businessline/status/2005526724239323494,"RELEVANT (HIGH confidence)
Sources: text, image, external
- States collectively gain ₹17,000 crore under new VB-G RAM G funding pattern compared to MGNREGA averages.
- Uttar Pradesh and Maharashtra are top beneficiaries of the revised funding framework based on equity-efficiency criteria.
- Revised funding ratio shifts from 50:50 to 60:40 between Centre and States; SBI report suggests most states will be net gainers despite concerns.
- Normative assessment shows financial benefits for most states, with only two experiencing minimal losses under new framework compared to MGNREGA allocations (FY19-FY25 excluding FY21).
- Tamil Nadu's loss is negligible if outlier allocation in FY24 is excluded; Bihar, Chhattisgarh, and Gujarat also identified as significant gainers.
- VB-G RAM G Bill passed with President Droupadi Murmu's assent on December 21, 2025, guarantees 125 days of wage employment per rural household.","Sources: external, image, text
- SBI General Insurance is preparing for regulatory changes, including the implementation of a risk-based capital (RBC) framework and adoption of IFRS 17 to enhance transparency and profitability visibility.

- The company is shifting focus from traditional insurance covers to emerging areas such as cyber risk by leveraging data analytics, AI, and digital transformation.

- SBI General Insurance has expanded its digital distribution channels, increasing retail penetration in underserved markets.

- Despite challenges like the input tax credit (ITC) issue, growth in health insurance volumes is expected to mitigate its impact.

- The company launched a parametric insurance cover in Nagaland, indicating innovation and expansion into underserved segments.

- SBI General Insurance anticipates addressing climate-related risks with innovative solutions due to global warming.

- Under the new VB-G RAM G funding pattern, states collectively gain ₹17,000 crore compared to MGNREGA averages, with Uttar Pradesh and Maharashtra as top beneficiaries.

- The revised funding ratio shifts from 50:50 to 60:40 between Centre and States, ensuring most states are net gainers without increased financial burdens.

- VB-G RAM G Bill guarantees 125 days of wage employment per rural household, increasing from the current 100 days under MGNREGA.",Relevant,HIGH,"The content is relevant to SBIN as it discusses a report by the State Bank of India (SBI) analyzing financial impacts under a new funding framework. This involves SBI's analysis and insights, which are central to the content.",SBI conducted the report estimating collective gains for states.; Analysis based on equity and efficiency criteria across seven parameters.,According to a report by State; According to a report by State Bank; G RAM G; Indian; Key points from the article; No other companies are directly mentioned in this context.; SBI; SBI suggests that adopting objective criteria can improve fund; SBIN; SBIN (State Bank of India); The news article discusses the potential financial impact of the proposed Viksit; The report uses a simulated scenario to assess fund; This assessment shows that most states benefit; a simulated scenario to assess; article discusses the potential; balancing; be beneficial for most states; concerns over a shift in; contribution under the new; debate regarding the revised; despite initial concerns about; increase; lagging states while balancing; leading beneficiaries via; objective criteria can improve; seven parameters focused on; shows that most states benefit; via; with critics arguing it might; with critics arguing it might increase financial,"Analysis of financial impact on Indian states due to the proposed Viksit Bharat Guarantee for Rozgar and Ajeevika Mission (VB-G RAM G) Act, with specific focus on funding patterns and state gains.",text; image; external,,"The analysis impacts multiple states financially under a new framework, but does not directly involve other companies besides SBI in terms of financial metrics or corporate actions.",[Leave blank],SBI's report suggests enhanced devolution of funds using objective criteria.; States can leverage their 40% contribution under the new funding structure for better outcomes.,https://pbs.twimg.com/card_img/2005504223417692160/JiY7eNry?format=jpg&name=orig,,https://t.co/QZkdtAnjbY,2640,2025-12-29T06:30:06,@businessline
State Bank of India,https://x.com/businessline/status/2005504223014973783,"RELEVANT (HIGH confidence)
Sources: text, image, external
- SBI report estimates states could gain approximately ₹17,000 crore under the VB-G RAM G Act compared to past allocations.
- Revised funding ratio of 60:40 (Centre:States) is expected not to increase financial burdens on states; concerns are deemed unfounded by SBI.
- Uttar Pradesh and Maharashtra identified as top gainers; only two states experience minimal losses in fund distribution analysis.
- VB-G RAM G Bill guarantees 125 days of wage employment per rural household, increasing from the current 100 days under MGNREGA.
- Enhanced devolution through objective criteria can improve fund allocation for both developed and lagging states.
- States have an opportunity to enhance outcomes by effectively utilizing their 40% contribution in the new funding structure.","Sources: external, image, text
- SBI General Insurance is preparing for regulatory changes, including the implementation of a risk-based capital (RBC) framework and adoption of IFRS 17 to enhance transparency and profitability visibility.

- The company is shifting focus from traditional insurance covers to emerging areas such as cyber risk by leveraging data analytics, AI, and digital transformation.

- SBI General Insurance has expanded its digital distribution channels, increasing retail penetration in underserved markets.

- Despite challenges like the input tax credit (ITC) issue, growth in health insurance volumes is expected to mitigate its impact.

- The company launched a parametric insurance cover in Nagaland, indicating innovation and expansion into underserved segments.

- SBI General Insurance anticipates addressing climate-related risks with innovative solutions due to global warming.

- Under the new VB-G RAM G funding pattern, states collectively gain ₹17,000 crore compared to MGNREGA averages, with Uttar Pradesh and Maharashtra as top beneficiaries.

- The revised funding ratio shifts from 50:50 to 60:40 between Centre and States, ensuring most states are net gainers without increased financial burdens.

- VB-G RAM G Bill guarantees 125 days of wage employment per rural household, increasing from the current 100 days under MGNREGA.",Relevant,HIGH,"The content is relevant to SBIN as it discusses a report by State Bank of India (SBI) regarding the financial impact of the VB-G RAM G Act on Indian states. This involves SBI's analysis and insights, making it directly related to the company.","The SBI report estimates that states could gain approximately ₹17,000 crore.; Concerns over the revised funding ratio of 60:40 (Centre:States) are addressed by SBI as unfounded.",According to a report by State; According to a report by State Bank; Indian; Key points; SBI; SBI suggests that adopting objective criteria can improve fund; SBIN; The article highlights the potential for improved financial; The news article discusses the potential financial impact of the proposed Viksit; The report uses objective criteria to assess fund; [No other companies directly mentioned]; addresses concerns regarding; article discusses the potential; balancing; concerns over a shift in; contribution under the new; debate regarding the revised; increase; lagging states while balancing; objective criteria can improve; objective criteria to assess; seven parameters focused on; the potential for improved; with critics fearing it might; with critics fearing it might increase financial,Financial impact assessment of the VB-G RAM G Act on Indian states based on an SBI report.,text; image; external,"[Leave blank]; [Leave blank]; [Leave blank]; The VB-G RAM G Bill was passed in Parliament, with President Droupadi Murmu giving assent on December 21, 2025.; [Leave blank]; [Leave blank]","The content discusses potential financial outcomes for various Indian states under a new legislative framework, which indirectly impacts multiple stakeholders including state governments and potentially other financial institutions involved in similar schemes.",[Leave blank],SBI suggests that adopting objective criteria can improve fund devolution for both developed and lagging states while balancing equity and efficiency.; States have the opportunity to enhance outcomes by effectively utilizing their 40% contribution under the new funding structure.,https://pbs.twimg.com/card_img/2005504223417692160/JiY7eNry?format=jpg&name=orig,,https://t.co/jL5em3EoLC,2461,2025-12-29T05:00:41,@businessline
Godrej Consumer Products Ltd,https://x.com/businessline/status/2005551875169403070,"RELEVANT (HIGH confidence)
Sources: text, image, external
- Home security market in Kerala growing at approximately 20% year-on-year; commercial/institutional segment expanding by 15%.
- Anticipated 20% growth over the next three years driven by demand for advanced home lockers and institutional security solutions, influenced by rising gold prices.
- Kerala holds nearly an 80% market share in the home locker category across the state.
- Godrej’s Security Solutions business has a presence in all 14 districts of Kerala with exclusive stores, dealer outlets, retail counters, COCO stores, and modern trade locations.
- Expansion plans include enhancing the home locker category and introducing advanced security solutions for residential and institutional customers.
- Kochi identified as strategic market due to its prominence in gold ownership and jewellery trade; new store offers a comprehensive range of cutting-edge security products.","Sources: external, image, text
- Home security market in Kerala growing at approximately 20% year-on-year; commercial/institutional segment expanding by 15%.
- Projected growth of 20% over the next three years for Godrej's Security Solutions business, driven by rising gold prices and demand for advanced solutions.
- Kerala holds nearly an 80% market share in the home locker category within the state.
- Godrej’s Security Solutions has a presence across all 14 districts of Kerala through exclusive stores, dealer outlets, retail counters, COCO stores, and modern trade locations.
- Expansion plans include enhancing the home locker category and introducing advanced security solutions for residential and institutional customers.
- Kochi identified as strategic market due to its prominence in gold ownership and jewellery trade; new store offers a comprehensive range of cutting-edge security products.
- Integration of home and institutional security portfolios at the new Kochi store aims to educate customers on advanced security standards and technologies.",Relevant,HIGH,"The content discusses Godrej Enterprises Group's strategic expansion into the Kerala market with a focus on home security solutions, which is directly related to GODREJCP. It includes business developments and strategic initiatives by Godrej, aligning with several criteria for relevance.","GODREJCP is expanding its presence in Kerala, focusing on home lockers with an 80% market share.; The company anticipates a 20% growth over the next three years due to rising demand for advanced security solutions.; A new exclusive store is being launched in Kochi targeting gold owners and Tier II/III towns.",(No other specific companies are mentioned); COCO; Demand; GODREJCP; Godrej is consolidating its home; Godrej strengthens presence in Kerala for home; Kerala; Key points from the article; Kochi is highlighted as a strategic market due to its prominence in gold ownership and jewellery; Market; The company; allowing customers to better understand advanced security standards and technologies; discusses Godrej Enterprises; discusses Godrej Enterprises Group; driven by; driven by increasing demand for advanced home lockers and institutional security solutions; focusing on enhancing the home locker category and introducing advanced security solutions; gold; market; market share in the home; s Security Solutions; s strategic initiatives to; s strategic initiatives to capitalize on market growth opportunities in Kerala by expanding its retail; security solutions; specifically focusing on home security solutions; store; the home,"Strategic expansion of Godrej’s Security Solutions in Kerala, focusing on home lockers and advanced security products.",text; image; external,Home security market growth in Kerala: approximately 20% year-on-year.; Commercial and institutional security segment expansion: around 15%.; Anticipated 20% growth over the next three years for Godrej’s Security Solutions business.; Kerala holds nearly an 80% market share in the home locker category across the state.,The content primarily focuses on Godrej's market activities without mentioning specific impacts or comparisons to other companies.,Pushkar Gokhale provides insights into market growth rates and future expectations for the security solutions sector in Kerala.,Expansion plans include enhancing the home locker category and introducing advanced security solutions.; Strategic importance of Kochi due to its prominence in gold ownership and jewellery trade.,https://pbs.twimg.com/card_img/2005537750746091520/v86D4TMO?format=jpg&name=orig,,https://t.co/lgAQ7AFXDo,2713,2025-12-29T08:10:03,@businessline
Godrej Consumer Products Ltd,https://x.com/businessline/status/2005537755460513917,"RELEVANT (HIGH confidence)
Sources: text, image, external
- Godrej Enterprises Group is expanding its Security Solutions business in Kerala, launching an exclusive store in Kochi to strengthen regional presence.

- The home security market in Kerala is growing at approximately 20% year-on-year; the commercial and institutional segment is expanding by around 15%.

- Projected growth of 20% over the next three years for Godrej's Security Solutions business in Kerala, driven by increased demand due to rising gold prices.

- Kerala holds nearly an 80% market share in the home locker category within the state; Godrej has a network across all 14 districts through various retail channels.

- The new Kochi store targets the city’s significant gold ownership and jewellery trade sectors with advanced security solutions for residential and commercial customers.

- Integration of home and institutional security portfolios at the new store aims to educate customers on advanced security standards and technologies.","Sources: external, image, text
- Home security market in Kerala growing at approximately 20% year-on-year; commercial/institutional segment expanding by 15%.
- Projected growth of 20% over the next three years for Godrej's Security Solutions business, driven by rising gold prices and demand for advanced solutions.
- Kerala holds nearly an 80% market share in the home locker category within the state.
- Godrej’s Security Solutions has a presence across all 14 districts of Kerala through exclusive stores, dealer outlets, retail counters, COCO stores, and modern trade locations.
- Expansion plans include enhancing the home locker category and introducing advanced security solutions for residential and institutional customers.
- Kochi identified as strategic market due to its prominence in gold ownership and jewellery trade; new store offers a comprehensive range of cutting-edge security products.
- Integration of home and institutional security portfolios at the new Kochi store aims to educate customers on advanced security standards and technologies.",Relevant,HIGH,"The content discusses strategic business developments by Godrej Enterprises Group's Security Solutions business, which is part of the broader GODREJCP portfolio. It includes market expansion and product integration strategies relevant to GODREJCP.",Godrej is expanding its presence in Kerala by launching a new store in Kochi.; The home security market in Kerala is growing at approximately 20% year-on-year.; Godrej holds nearly an 80% market share in the home locker category within Kerala.; Strategic positioning of the new store due to Kochi's prominence as a hub for gold ownership and jewellery trade.,By bringing together its home; COCO; GODREJCP (Godrej Consumer Products); Godrej Enterprises Group; Godrej strengthens presence in Kerala for home; Kerala; Key points from the article; Market; The company; The home; This growth is attributed to; This growth is attributed to increasing demand for advanced security solutions; This is partly driven by; This location allows Godrej to offer a comprehensive range of advanced security solutions; discusses Godrej Enterprises; discusses Godrej Enterprises Group; gold; highlighted the rising demand for home lockers and institutional security solutions; market; market share in the home; s Security Solutions; s prominence as a hub for gold ownership and jewellery; security solutions; specifically focusing on their Security Solutions; the new store aims to educate customers about advanced security standards and technologies,Strategic expansion of Godrej's Security Solutions in Kerala with a new store launch in Kochi.,text; image; external,Home security market in Kerala growing at approximately 20% year-on-year.; Commercial and institutional security segment expanding by around 15%.; Kerala holds nearly an 80% market share in the home locker category.,"The content primarily focuses on Godrej Enterprises Group, without specific mention of other companies for comparison or partnership. However, it implies competition within the security solutions market.",Pushkar Gokhale's insights on market growth and demand projections.,Godrej's Security Solutions business is leveraging market growth opportunities in Kerala.; The new store aims to educate customers about advanced security standards and technologies.,https://pbs.twimg.com/card_img/2005537750746091520/v86D4TMO?format=jpg&name=orig,,https://t.co/4bLc0aJCAz,2172,2025-12-29T07:13:56,@businessline
Reliance Industries Ltd,https://x.com/businessline/status/2005531765058736250,"RELEVANT (HIGH confidence)
Sources: text, image, external
- Reliance Industries Ltd (RIL) contests a $247 million claim for additional profits from the KG-D6 oil block under NELP cost recovery terms.
- RIL denies receiving any notice regarding India's alleged $30 billion claim due to gas field underproduction, involving both RIL and BP.
- The arbitration dispute involves disallowed investments by the consortium (RIL, BP, Niko) in drilling and evacuation infrastructure despite NELP agreements allowing full cost recovery.
- RIL is optimistic about resolving the KG-D6 arbitration process by 2026.
- Production sharing contracts under NELP permit operators to recover all development costs before government profit share begins, with expenditures monitored through approvals and audits.
- A management committee with two government representatives holding veto power oversees decisions related to cost recovery in oil and gas exploration.","Sources: external, image, text
- Reliance Industries Ltd (RIL) contests a $247 million claim by the Indian government for additional profits from KG-D6 oil block under NELP cost recovery terms, through international arbitration.
- RIL denies receiving any formal notice regarding India's alleged $30 billion demand due to gas field underproduction at KG-D6 involving both RIL and BP.
- The arbitration dispute centers on disallowed investments by the consortium (RIL, BP, Niko) in drilling and evacuation infrastructure, despite NELP agreements allowing full cost recovery before profit sharing with the government.
- Production Sharing Contracts (PSC) under NELP permit operators to recover all development costs prior to government profit share, with expenditures monitored through approvals and audits by a management committee including two government representatives with veto power.
- RIL is optimistic about resolving the KG-D6 arbitration process by 2026, addressing financial disputes related to field development costs.
- Geological challenges at KG-D6 led to reduced gas production, impacting expected returns on substantial risk capital investment by Reliance.",Relevant,HIGH,"The content discusses a significant arbitration process involving Reliance Industries Ltd (RIL) over financial claims and profit recovery terms related to the KG-D6 oil block. This directly pertains to RELIANCE's business operations, legal matters, and strategic initiatives.","Reliance Industries Ltd (RIL) contests a $247 million profit claim related to petroleum demand in KG-D6 arbitration.; The dispute involves post-facto disallowance of investments made for drilling and evacuation infrastructure under NELP terms, which allow full cost recovery before government profit share begins.; RIL expects resolution by 2026.",A management committee with two government representatives holding veto power; BP; LT; Niko; RELIANCE; RIL; Reliance; The piece concludes with copyright information for THG PUBLISHING PVT LTD; additional profit; billion from Reliance Industries and BP due to underproduction from gas; billion from Reliance Industries and BP over a gas; discusses an ongoing arbitration process involving Reliance Industries Ltd; for THG PUBLISHING PVT; in creating drilling and evacuation infrastructure; involving Reliance Industries; profit; risk nature of oil and gas; s profit; under NELP permit,Arbitration dispute between RIL and the Government of India regarding additional profits from the KG-D6 oil block under NELP cost recovery terms.,text; image; external,$247 million claim for additional profits from KG-D6 oil block; Resolution of arbitration expected by 2026,"The arbitration involves multiple companies as part of a consortium, including BP and Niko, highlighting industry-wide implications for cost recovery in high-risk exploration projects.",RIL is optimistic about resolving the dispute by 2026.,RIL's optimism about resolving the dispute by 2026; Dispute centers on NELP agreement terms allowing full cost recovery before government profit share.,https://pbs.twimg.com/card_img/2005511152349155328/lj8JiNY7?format=jpg&name=orig,,https://t.co/5sFSvEgfWG,1791,2025-12-29T06:50:08,@businessline
Reliance Industries Ltd,https://x.com/businessline/status/2005511155738124660,"RELEVANT (HIGH confidence)
Sources: text, image, external
- Reliance Industries Ltd (RIL) is involved in an international arbitration over a $247 million claim by the Indian government for additional profits from the KG-D6 oil block.
- The dispute stems from the retroactive disallowance of part of investments made by RIL, BP, and Niko under NELP agreements, which allowed full cost recovery before profit sharing with the government.
- Reports suggest India is seeking $30 billion from RIL and BP due to underproduction at KG-D6, though no formal notice has been received by RIL.
- Exploration and production activities at KG-D6 are governed by Production Sharing Contracts (PSC) under NELP, allowing cost recovery before profit sharing with government oversight.
- RIL is optimistic about resolving the arbitration dispute by 2026.
- The importance of clear contractual agreements like NELP is emphasized for managing risks in high-risk oil and gas exploration.","Sources: external, image, text
- Reliance Industries Ltd (RIL) contests a $247 million claim by the Indian government for additional profits from KG-D6 oil block under NELP cost recovery terms, through international arbitration.
- RIL denies receiving any formal notice regarding India's alleged $30 billion demand due to gas field underproduction at KG-D6 involving both RIL and BP.
- The arbitration dispute centers on disallowed investments by the consortium (RIL, BP, Niko) in drilling and evacuation infrastructure, despite NELP agreements allowing full cost recovery before profit sharing with the government.
- Production Sharing Contracts (PSC) under NELP permit operators to recover all development costs prior to government profit share, with expenditures monitored through approvals and audits by a management committee including two government representatives with veto power.
- RIL is optimistic about resolving the KG-D6 arbitration process by 2026, addressing financial disputes related to field development costs.
- Geological challenges at KG-D6 led to reduced gas production, impacting expected returns on substantial risk capital investment by Reliance.",Relevant,HIGH,"The content discusses a significant legal dispute involving Reliance Industries Ltd (RIL) regarding additional profits from the KG-D6 oil block, which directly impacts RIL's financial and operational aspects.","Reliance Industries Ltd (RIL) is contesting a $247 million claim by the Indian government for additional profits from the KG-D6 block.; The dispute arose from retroactive disallowance of investments made by RIL, BP, and Niko in infrastructure at KG-D6.; RIL remains optimistic about resolving the arbitration dispute by 2026.",BP; Indian; LIC; LT; Niko; RELIANCE; RIL; Reliance; Reliance Industries; Reliance Industries Limited; The article also notes that oil and gas; The background is a plain wall with the company; The dispute originated when the Indian government retroactively disallowed part of the investments made by Reliance Industries; This process is closely monitored by a management committee comprising two government representatives who have veto power; additional profit; agreement that allowed full cost recovery for operators before profit; and Niko in creating drilling and evacuation infrastructure; billion from RIL and BP due to underproduction of gas; discusses an ongoing arbitration process involving Reliance Industries Ltd; held by THG PUBLISHING PVT; involving Reliance Industries; is a plain wall with the; is closely monitored by a; which permit; with copyright held by THG PUBLISHING PVT LTD,Legal arbitration over additional profit claims by the Indian government against RIL for the KG-D6 oil block.,text; image; external,[No specific revenue figures provided]; $247 million claim for additional profits from KG-D6 block.; [No growth rates provided]; RIL aims to resolve the arbitration dispute by 2026.; [No specific market metrics provided]; [No ratios or margins provided],The dispute involves multiple companies due to shared investments in the KG-D6 project under NELP agreements.,[No specific interview insights provided],The dispute highlights the importance of clear contractual agreements like NELP for managing risks in oil and gas exploration.,https://pbs.twimg.com/card_img/2005511152349155328/lj8JiNY7?format=jpg&name=orig,,https://t.co/IVnyG0U3gl,2240,2025-12-29T05:28:14,@businessline
Reliance Industries Ltd,https://x.com/businessline/status/2005501546918805959,"RELEVANT (HIGH confidence)
Sources: text, image, external
- Government of India claims $247 million from Reliance Industries Ltd (RIL) and partners over KG-D6 block, not the reported $30 billion.
- RIL is contesting the $247 million claim through international arbitration due to retrospective disallowance of infrastructure investment costs by the government.
- Under NELP, operators like RIL are allowed full cost recovery before profit sharing with the government; expenditures audited by a management committee including two government representatives.
- Geological challenges led to reduced gas production from KG-D6, impacting Reliance's expected returns on its substantial risk capital investment.
- Resolution of arbitration process anticipated by 2026, addressing financial and operational disputes related to KG-D6 field development costs.","Sources: external, image, text
- Reliance Industries Ltd (RIL) contests a $247 million claim by the Indian government for additional profits from KG-D6 oil block under NELP cost recovery terms, through international arbitration.
- RIL denies receiving any formal notice regarding India's alleged $30 billion demand due to gas field underproduction at KG-D6 involving both RIL and BP.
- The arbitration dispute centers on disallowed investments by the consortium (RIL, BP, Niko) in drilling and evacuation infrastructure, despite NELP agreements allowing full cost recovery before profit sharing with the government.
- Production Sharing Contracts (PSC) under NELP permit operators to recover all development costs prior to government profit share, with expenditures monitored through approvals and audits by a management committee including two government representatives with veto power.
- RIL is optimistic about resolving the KG-D6 arbitration process by 2026, addressing financial disputes related to field development costs.
- Geological challenges at KG-D6 led to reduced gas production, impacting expected returns on substantial risk capital investment by Reliance.",Relevant,HIGH,"The content discusses a significant legal and financial matter involving Reliance Industries Ltd (RIL) related to the KG-D6 gas field production underperformance. It includes specific details about arbitration, government claims, and operational challenges directly affecting RELIANCE.","Reliance Industries is involved in an arbitration process over a $247 million claim by the Government of India.; The dispute centers around disallowed funds for infrastructure development under NELP provisions.; Geological challenges led to reduced gas production, prompting government action against expenditure claims.; Resolution expected by 2026.",BEL; BP; Geological surprises led to reduced gas; Indian; Industries; Industries Limited; LIC; LT; Niko; RELIANCE; RIL; Reliance; Reliance Industries; Reliance Industries Limited; The government oversees and audits these expenditures through a management committee that includes two government representatives with veto power; billion from Reliance Industries Ltd; comprising Reliance Industries; emphasizing the; emphasizing the financial and operational challenges faced by companies like Reliance Industries; for infrastructure; from Reliance Industries; management committee that; mismanagement; on infrastructure already; s annual audited; s annual audited financial; stating they are factually; substantial investment in risk; the government disallowed part of the expenditure on infrastructure; these expenditures through a; to disallow part of the; which was disappointing for Reliance given its substantial investment in risk capital,"Legal dispute over KG-D6 gas field production between the Indian government and Reliance Industries Ltd, including financial claims and arbitration processes.",text; image; external,Expected resolution of arbitration by 2026.,"The content highlights a multi-company impact involving the Indian government, Reliance Industries, BP, and Niko, focusing on legal and financial implications of underproduction at the KG-D6 block.",[Leave blank],"Reliance Industries is contesting the government's claim through international arbitration.; The dispute involves retrospective disallowance of funds under NELP, affecting strategic financial planning.",https://pbs.twimg.com/card_img/2005501589352480768/hadV3WmD?format=jpg&name=orig,,https://t.co/hkHLjc90Eg,2547,2025-12-29T04:50:03,@businessline
Reliance Industries Ltd,https://x.com/businessline/status/2005499908749685022,"RELEVANT (HIGH confidence)
Sources: text, image, external
- Reliance Industries refutes claims of a $30 billion demand from the Indian government, stating the actual claim is approximately $247 million for underproduction at KG-D6.
- The financial dispute involves additional profit petroleum claimed by the government, currently contested through international arbitration expected to conclude by 2026.
- Government retroactively disallowed part of infrastructure investments made by Reliance Industries, BP, and Niko in KG-D6, contradicting NELP agreement terms allowing full cost recovery before profit sharing.
- The management committee overseeing KG-D6 expenditures includes two government representatives with veto power, impacting project financial decisions.
- Unexpected geological challenges at KG-D6 led to reduced gas production, exacerbating the dispute over disallowed infrastructure expenditure by Reliance.
- Dispute highlights high-risk nature of petroleum exploration and operational challenges within production sharing contracts under NELP.","Sources: external, image, text
- Reliance Industries Ltd (RIL) contests a $247 million claim by the Indian government for additional profits from KG-D6 oil block under NELP cost recovery terms, through international arbitration.
- RIL denies receiving any formal notice regarding India's alleged $30 billion demand due to gas field underproduction at KG-D6 involving both RIL and BP.
- The arbitration dispute centers on disallowed investments by the consortium (RIL, BP, Niko) in drilling and evacuation infrastructure, despite NELP agreements allowing full cost recovery before profit sharing with the government.
- Production Sharing Contracts (PSC) under NELP permit operators to recover all development costs prior to government profit share, with expenditures monitored through approvals and audits by a management committee including two government representatives with veto power.
- RIL is optimistic about resolving the KG-D6 arbitration process by 2026, addressing financial disputes related to field development costs.
- Geological challenges at KG-D6 led to reduced gas production, impacting expected returns on substantial risk capital investment by Reliance.",Relevant,HIGH,"The content directly involves Reliance Industries Ltd (RIL) in a significant financial dispute with the Government of India and BP over gas production shortfalls at the KG-D6 block. It includes specific details about RIL's refutation of claims, legal proceedings, and strategic initiatives related to this issue.","Reliance Industries refutes claims that the Indian government is seeking $30 billion, stating the actual claim amounts to approximately $247 million.; The dispute involves additional profit petroleum claimed by the government from KG-D6, which RIL contests through international arbitration.; The conflict arose due to retroactive disallowance of part of the investments made by the consortium for infrastructure development in the KG-D6 block.",A management; BP; Government of India; Indian; Industries; Industries Limited; LIC; LT; RELIANCE; RIL; Reliance; Reliance Industries; Reliance Industries Limited; The dispute centers around additional profit; The situation was exacerbated when unexpected geological challenges reduced gas; addresses a controversy involving Reliance Industries Ltd; agreement that allowed full cost recovery before profit; block are; comprising Reliance Industries; expenditure already; for infrastructure; including two government representatives with veto power; involving Reliance Industries; leading the government to disallow part of the infrastructure; provides insights into the; risk nature of petroleum exploration and notes that production sharing contracts under NELP permit; s annual audited; s annual audited financial; the article provides insights into the financial,"Financial dispute involving Reliance Industries Ltd regarding underproduction at the KG-D6 gas field, including government claims and arbitration processes.",text; image; external,[No specific revenue figures mentioned]; [No specific profit figures mentioned]; [No growth rates mentioned]; Arbitration process expected to conclude by 2026.; [No market metrics mentioned]; [No ratios or margins mentioned],The content discusses a multi-company scenario where both BP and the Government of India are involved in the financial dispute with RIL over the KG-D6 block. This highlights industry-wide implications related to petroleum exploration risks and regulatory challenges.,,"The dispute centers around the New Exploration Licensing Policy (NELP) agreement and its implications for cost recovery before profit sharing with the government.; RIL is contesting the government's decision through international arbitration, highlighting strategic legal actions in response to regulatory challenges.",https://pbs.twimg.com/card_img/2005501589352480768/hadV3WmD?format=jpg&name=orig,,https://t.co/28x3kiUq5K,2482,2025-12-29T04:43:33,@businessline
Coforge Ltd,https://x.com/businessline/status/2005482685536367003,"RELEVANT (HIGH confidence)
Sources: text, image, external
- Coforge acquired Silicon Valley-based AI firm Encora for $2.35 billion (approximately Rs 21,133 crore) through an all-stock transaction.
- Advent International and Warburg Pincus received preferential shares worth about $1.89 billion in the acquisition deal.
- Post-acquisition, Advent International and Warburg Pincus will retain a 20% stake in the expanded Coforge entity.
- The acquisition aims to enhance Coforge's capabilities in artificial intelligence and technology services.
- This strategic move positions Coforge for growth in AI-driven solutions across global markets.","Sources: external, image, text
- Coforge acquired Silicon Valley-based AI firm Encora for $2.35 billion through an all-stock transaction.
- Advent International and Warburg Pincus received preferential shares worth about $1.89 billion in the acquisition deal.
- Post-acquisition, Advent International and Warburg Pincus will retain a 20% stake in Coforge.
- The acquisition aims to enhance Coforge's capabilities in artificial intelligence and technology services.
- Coforge plans to transform into a $2.5 billion tech services platform by leveraging Encora’s client base and composable AI platform.
- To finance the acquisition, Coforge is considering a bridge loan or a Qualified Institutional Placement (QIP) of up to $550 million.
- Post-acquisition, Coforge anticipates its AI, data, and cloud services businesses will generate approximately $2 billion in revenue by FY 2026-27.
- The transaction enhances Coforge's near-shore delivery capabilities in Latin America and is expected to increase its North American business by about 50%, reaching $1.4 billion post-acquisition.
- Expansion into high-tech and healthcare verticals, each expected to operate at an annual run rate of $170 million.",Relevant,HIGH,"The content specifically mentions Coforge's acquisition of Silicon Valley-based AI firm Encora for $2.35 billion through an all-stock transaction, which is a significant corporate action and business development.","Coforge announced an acquisition of Silicon Valley-based AI firm Encora for $2.35 billion (about Rs 21,133 crore) through an all-stock transaction.; Advent International and Warburg Pincus will receive preferential shares worth about $1.89 billion, retaining a 20% stake in the expanded Coforge.",A subsidiary of Aurobindo Pharma; ADANIENT; Adani; Adani Defence & Aerospace; Adani Enterprises; Advent International; Amit; Aurobindo; Aurobindo Pharma; Avantel; Avantel Ltd; Bengaluru International Airport; COFORGE; CuraTeQ Biologics Private; CuraTeQ Biologics Private Limited; Deputy; Deputy Group; Encora (acquired by Coforge); GMR; GMR Group; Hotels and Resorts Private; LIC; LT; Monarch Surveyors and Engineering Consultants Limited; Ola Electric; Other qualified bidders; Other qualified bidders include Bengaluru International Airport Ltd; SLN Terminus Hotels and Resorts Private Limited; Shareholders approved the acquisition of SLN Terminus Hotels and Resorts Private Limited; Sigachi Industries; Sigachi Industries Ltd; Steel Strips & Wheels; The Adani; The Adani Group; The company; This includes focusing on unmanned and autonomous systems; Viceroy Hotels; Warburg Pincus; an investigation into a fire; and Engineering Consultants; and maintenance infrastructure; and operational expansions across various industries; crore from the Ministry of Defence for CAMC of Satcom Equipment; has terminated its agreement with BioFactura Inc; incident at the; its agreement with BioFactura; s Hyderabad unit; s board approved a capacity expansion plan involving a lease agreement with AMW Autocomponent Limited; was remanded in connection with an investigation into a fire incident at the company; will receive preferential; with AMW Autocomponent,Business developments and strategic acquisitions across various companies with specific focus on Coforge’s acquisition.,text; image; external,"[Leave blank]; [Leave blank]; [Leave blank]; Coforge's acquisition of Encora is completed through an all-stock transaction, with a 20% stake retained by Advent International and Warburg Pincus.; [Leave blank]; [Leave blank]","The content discusses multiple companies involved in significant investments or expansions, indicating active market participation and growth initiatives.",[Leave blank],"Coforge’s strategic initiative includes acquiring Encora to expand its capabilities in AI.; The acquisition is valued at $2.35 billion, indicating a significant investment and expansion strategy for Coforge.",https://pbs.twimg.com/card_img/2005340393026600960/aYG791px?format=jpg&name=orig,,https://t.co/DPtEgNfegr,3354,2025-12-29T03:35:06,@businessline
Coforge Ltd,https://x.com/businessline/status/2004770480448848005,"RELEVANT (HIGH confidence)
Sources: text, image, external
- Coforge acquired Encora, a Silicon Valley-based AI-native firm, for $2.35 billion in an all-stock deal.
- The acquisition will transform Coforge into a $2.5 billion tech services platform by leveraging Encora’s client base and composable AI platform.
- To finance the acquisition, Coforge is considering a bridge loan or a Qualified Institutional Placement (QIP) of up to $550 million to retire Encora's term loan.
- Post-acquisition, Coforge anticipates its AI, data, and cloud services businesses will generate approximately $2 billion in revenue by FY 2026-27.
- The transaction is funded through a preferential allotment of equity shares valued at about $1.89 billion, resulting in Encora shareholders holding around 20% of Coforge’s expanded share capital.
- Acquisition enhances Coforge's near-shore delivery capabilities in Latin America and is expected to increase its North American business by about 50%, reaching $1.4 billion post-acquisition.
- Expansion into high-tech and healthcare verticals, each expected to operate at an annual run rate of $170 million.","Sources: external, image, text
- Coforge acquired Silicon Valley-based AI firm Encora for $2.35 billion through an all-stock transaction.
- Advent International and Warburg Pincus received preferential shares worth about $1.89 billion in the acquisition deal.
- Post-acquisition, Advent International and Warburg Pincus will retain a 20% stake in Coforge.
- The acquisition aims to enhance Coforge's capabilities in artificial intelligence and technology services.
- Coforge plans to transform into a $2.5 billion tech services platform by leveraging Encora’s client base and composable AI platform.
- To finance the acquisition, Coforge is considering a bridge loan or a Qualified Institutional Placement (QIP) of up to $550 million.
- Post-acquisition, Coforge anticipates its AI, data, and cloud services businesses will generate approximately $2 billion in revenue by FY 2026-27.
- The transaction enhances Coforge's near-shore delivery capabilities in Latin America and is expected to increase its North American business by about 50%, reaching $1.4 billion post-acquisition.
- Expansion into high-tech and healthcare verticals, each expected to operate at an annual run rate of $170 million.",Relevant,HIGH,"The content contains detailed financial metrics, strategic initiatives, and corporate actions related to Coforge's acquisition of Encora, which aligns with the specified criteria for relevance.","Coforge is considering a bridge loan or QIP of up to $550 million to retire Encora’s term loan.; The acquisition involves issuing 9.38 crore shares at ₹1,815 each, representing an 8.5% premium over the closing price of ₹1,673.; Post-acquisition, Coforge anticipates its AI, data, and cloud services businesses will generate approximately $2 billion in revenue by FY 2026-27.; Encora is expected to contribute $600 million in turnover by 2026.",COFORGE; Coforge Chief; Coforge Chief Financial Officer Saurabh Goel said that the company; Coforge is considering options such as a bridge loan or a Qualified Institutional Placement; Encora; Indian; Industry expert Sanchit Vir Gogia from Greyhound Research noted that acquiring Encora allows Coforge to gain a time advantage in developing AI technologies; LIC; LT; Saurabh Goel said that the; The company; The transaction is; This move is expected to; a pivotal moment for the; a preferential allotment of; aiming to establish itself as a major player in the tech services; and cloud services; billion tech services; cap tech services; cap tech services company; closing; crore; equity; expanded; led engineering; marking a pivotal moment for the company as it; qualified institutional placement; resulting in Encora; s engineering; s expanded share; s expanded share capital; s traditional services; tech and healthcare; the acquisition positions Coforge closer to global digital engineering; with an engineering; with its revenue run rate,"Strategic acquisition of Encora by Coforge, including financial strategies and future business projections.",text; image; external,"Coforge anticipates AI, data, and cloud services businesses will generate approximately $2 billion in revenue by FY 2026-27.; Encora expected to contribute $600 million in turnover by 2026.; [No specific profit figures mentioned]; Coforge's North American business is expected to increase by about 50% post-acquisition.; Encora’s contribution of $600 million in turnover by 2026.; AI, data, and cloud services businesses generating approximately $2 billion in revenue by FY 2026-27.; [No specific market metrics mentioned]; [No specific ratios or margins mentioned]","The acquisition impacts both Coforge and Encora, enhancing Coforge’s market position in AI services while integrating Encora's client base and technology platform.",Saurabh Goel discusses financing options for the acquisition; Sudhir Singh highlights competitive advantages post-acquisition; Sanchit Vir Gogia comments on strategic benefits and potential integration risks.,"Coforge's acquisition of Encora for $2.35 billion in an all-stock deal.; The transaction is funded through a preferential allotment of equity shares valued at about $1.89 billion, resulting in Encora shareholders holding around 20% of Coforge’s expanded share capital.; Enhanced near-shore delivery capabilities in Latin America with an engineering and AI talent base of 3,100 people serving US clients.; Expansion into high-tech and healthcare verticals, each expected to operate at an annual run rate of $170 million.",https://pbs.twimg.com/card_img/2004604951230877696/TXEVi-Yx?format=jpg&name=orig,,https://t.co/ry3vD3r7BU,3113,2025-12-27T04:25:04,@businessline
Sun Pharmaceutical Industries Ltd,https://x.com/businessline/status/2005210132083351916,"RELEVANT (HIGH confidence)
Sources: text, image, external
- Sun Pharma aims to drive growth by improving access to new-age medicines for obesity and diabetes, focusing on GLP-1 receptor agonists.
- India is transitioning from a generic drug hub to a significant player in the global weight management market.
- Combining GLP-1 treatments with AI-enabled digital tools and personalized medicine is emphasized to enhance innovation and patient outcomes.
- Icra forecasts Indian pharmaceutical companies' revenues will grow by 9-11% in FY2026, driven by domestic (8-10%) and European market growth (15-17%).
- Pricing pressures on key drugs like Lenalidomide may moderate US market growth to 4-6%.
- Strategic initiatives include the Research, Development, and Innovation (RDI) scheme and the PRIP scheme to support industry-academia partnerships and novel drug delivery systems.","Sources: external, image, text
- Sun Pharma focuses on enhancing access to new-age medicines for obesity and diabetes, particularly GLP-1 receptor agonists.
- India is evolving from a generic drug hub into a key player in the global weight management market.
- Integration of GLP-1 treatments with AI-enabled digital tools and personalized medicine aims to boost innovation and patient outcomes.
- Icra forecasts Indian pharmaceutical revenue growth at 9-11% for FY2026, driven by domestic (8-10%) and European markets (15-17%).
- Pricing pressures on drugs like Lenalidomide may moderate US market growth to 4-6%.
- Sun Pharma's strategic initiatives include the Research, Development, and Innovation (RDI) scheme and the PRIP scheme for industry-academia partnerships and novel drug delivery systems.
- The vision is to expand India's pharmaceutical industry to USD 500 billion by 2047, aligning with 'Viksit Bharat.'
- Aster DM Healthcare focuses on regulatory clearances, infrastructure investment, workforce skilling, and public-private collaboration to enhance outcomes.",Relevant,HIGH,"The content discusses strategic initiatives by Sun Pharma's Managing Director Kirti Ganorkar regarding the growth of the domestic pharmaceutical industry through access to new-age medicines for obesity and diabetes. This aligns with several criteria for relevance, including business developments, partnerships, projects, and strategic initiatives by SUNPHARMA.","Sun Pharma's Managing Director discusses improving access to new-age medicines as a key enabler for growth.; Emphasis on combining GLP-1 treatments with AI-enabled digital tools and personalized medicine.; Strategic focus on enhancing innovation, accessibility, affordability, and patient outcomes.",Aster DM Healthcare; Aster DM Healthcare Founder & Chairman Azad Moopen notes that achieving scale and capital; DRREDDY; Dr. Reddy's Laboratories; India is transitioning from a generic drug hub to a significant player in the global weight management; Indian; LIC; LT; Reddy adds that making risk; SUN PHARMA; SUNPHARMA; Sun Pharma; These treatments are expected to address the increasing burden of lifestyle; academia partnerships and support novel drug delivery systems; according to Sun Pharma; and sustainable healthcare; are expected to address the; enabled digital tools; improved infrastructure; increasing burden of; notes that achieving scale and; player in the global weight; s Laboratories Chairman Satish Reddy adds that making risk capital,"The article focuses on the potential growth in India's pharmaceutical sector driven by innovations in treatments for lifestyle diseases like obesity and diabetes, highlighting Sun Pharma's role and strategies.",text; image; external,Icra forecasts that revenues for Indian pharmaceutical companies will grow by 9-11% in FY2026.; [No specific profit figures mentioned]; Revenues for Indian pharmaceutical companies expected to grow by 9-11% in FY2026.; Domestic market growth projected at 8-10% and European markets at 15-17%.; Dr. Reddy's Laboratories aims to evolve India into a hub for pharmaceutical innovation by 2026.; [No specific market metrics mentioned]; [No specific ratios or margins mentioned],"The content discusses industry-wide impacts such as regulatory changes, market expansion opportunities, and strategic initiatives that affect multiple companies within the Indian pharmaceutical sector.",Kirti Ganorkar emphasizes the importance of GLP-1 treatments combined with AI-enabled digital tools for innovation and accessibility in the pharmaceutical industry.,"Sun Pharma focuses on GLP-1 treatments and AI-enabled digital tools.; Dr. Reddy's Laboratories highlights the importance of risk capital, scientific excellence, regulatory agility, and collaborative innovation.; Aster DM Healthcare emphasizes faster regulatory clearances, improved infrastructure, workforce skilling, and public-private collaboration for achieving scale by 2026.",https://pbs.twimg.com/card_img/2005176272822087680/vrfqGtNm?format=jpg&name=orig,,https://t.co/SoF782Bnqa,2700,2025-12-28T09:32:05,@businessline
Sun Pharmaceutical Industries Ltd,https://x.com/businessline/status/2005176272167862553,"RELEVANT (HIGH confidence)
Sources: text, image, external
- Sun Pharma aims to enhance access to new-age medicines for obesity and diabetes, crucial for domestic industry growth.
- India is transitioning from a generic drug hub to a significant player in the global weight management market.
- Combining GLP-1 treatments with AI-enabled digital tools and personalized medicine will drive innovation and improve patient outcomes.
- Dr. Reddy's Laboratories aims to make risk capital more accessible, targeting pharmaceutical innovation by 2026 through schemes like RDI and PRIP.
- Icra projects Indian pharmaceutical revenue growth at 9-11% in FY2026, with domestic market growth at 8-10% and European markets at 15-17%.
- The vision is to grow India's pharmaceutical industry to USD 500 billion by 2047, aligning with the national goal of 'Viksit Bharat.'
- Aster DM Healthcare emphasizes translating scale and capital into outcomes through regulatory clearances, infrastructure investment, workforce skilling, and public-private collaboration.","Sources: external, image, text
- Sun Pharma focuses on enhancing access to new-age medicines for obesity and diabetes, particularly GLP-1 receptor agonists.
- India is evolving from a generic drug hub into a key player in the global weight management market.
- Integration of GLP-1 treatments with AI-enabled digital tools and personalized medicine aims to boost innovation and patient outcomes.
- Icra forecasts Indian pharmaceutical revenue growth at 9-11% for FY2026, driven by domestic (8-10%) and European markets (15-17%).
- Pricing pressures on drugs like Lenalidomide may moderate US market growth to 4-6%.
- Sun Pharma's strategic initiatives include the Research, Development, and Innovation (RDI) scheme and the PRIP scheme for industry-academia partnerships and novel drug delivery systems.
- The vision is to expand India's pharmaceutical industry to USD 500 billion by 2047, aligning with 'Viksit Bharat.'
- Aster DM Healthcare focuses on regulatory clearances, infrastructure investment, workforce skilling, and public-private collaboration to enhance outcomes.",Relevant,HIGH,"The content discusses strategic initiatives by Sun Pharma's Managing Director Kirti Ganorkar regarding the growth of the domestic pharmaceutical industry through new-age medicines for obesity and diabetes. This aligns with several criteria for relevance, including business developments and strategic initiatives by SUNPHARMA.","Sun Pharma's Managing Director, Kirti Ganorkar, highlights strategic initiatives for growth in obesity and diabetes treatment.; Emphasis on innovation through AI-enabled digital tools and personalized medicine to enhance accessibility and patient outcomes.",Aster DM Healthcare; Aster DM Healthcare Founder & Chairman Azad Moopen points out that the healthcare; DRREDDY; Dr. Reddy's Laboratories; India is transitioning from being a generic drug hub to becoming a significant player in the global weight management; Indian; LIC; LT; SUN PHARMA; SUNPHARMA; Sun Pharma; These treatments are expected to address the increasing burden of lifestyle; Viksit; according to Sun Pharma; and sustainable healthcare; are expected to address the; enabled digital tools; increasing burden of; lies in translating scale and; player in the global weight; s Laboratories Chairman Satish Reddy underscores the importance of making risk capital; s future lies in translating scale and capital; the Indian pharmaceutical sector remains committed to advancing healthcare; the importance of making risk,The article focuses on the potential growth of India's pharmaceutical industry driven by innovations in treatments for lifestyle diseases like obesity and diabetes. It highlights Sun Pharma's role and strategies in this context.,text; image; external,"Icra projects revenue growth for Indian pharmaceutical companies at 9-11% in FY2026, driven by domestic market growth (8-10%) and European markets (15-17%).; No specific profit figures mentioned.; Projected revenue growth of 9-11% for Indian pharmaceutical companies in FY2026.; Domestic market growth expected at 8-10%, with European markets at 15-17%.; Vision to make India a USD 500 billion industry by 2047, aligning with the national goal of 'Viksit Bharat.'; Focus on obesity treatment drugs as key drivers for market growth.; No specific ratios or margins mentioned.","The content discusses broader industry trends affecting multiple companies, including initiatives to transform India into a hub for pharmaceutical innovation and market expansion opportunities.",Kirti Ganorkar emphasizes the importance of improving access to new-age medicines like GLP-1 receptor agonists and combining these treatments with AI-enabled digital tools and personalized medicine.,"Sun Pharma's strategy includes leveraging GLP-1 treatments and AI-enabled tools.; Dr. Reddy's Laboratories emphasizes making risk capital more accessible to foster innovation.; Aster DM Healthcare highlights the need for faster regulatory clearances, investment in infrastructure, workforce skilling, and public-private collaboration.",https://pbs.twimg.com/card_img/2005176272822087680/vrfqGtNm?format=jpg&name=orig,,https://t.co/UVHvdqFJV0,2829,2025-12-28T07:17:32,@businessline
Hindustan Aeronautics Ltd,https://x.com/business_today/status/2005854548494110770,"RELEVANT (HIGH confidence)
Sources: text, image, external
- Defence Acquisition Council approved proposals worth Rs 79,000 crore to enhance Indian armed forces' capabilities.
- HAL expected to secure orders for HALE RPAS, Astra Mk-II missile integration, and full mission simulator production support for platforms like Tejas.
- Domestic procurement share increased from 54% in FY19 to 92% in FY25, boosting opportunities for Indian defense manufacturers.
- Antique Stock Broking maintains a ""Buy"" rating on HAL with a target price of Rs 5,800.
- DAC's Acceptance of Necessity (AoN) for proposals amounts to approximately Rs 3.3 lakh crore, surpassing FY25 levels of Rs 2.2 lakh crore.
- Increased focus on domestic procurement presents substantial opportunities for companies like HAL in the Indian defense sector.","Sources: external, image, text
- Defence Acquisition Council approved proposals worth Rs 79,000 crore to enhance Indian armed forces' capabilities.
- HAL expected to secure orders for HALE RPAS, Astra Mk-II missile integration, and full mission simulator production support for platforms like Tejas.
- Domestic procurement share increased from 54% in FY19 to 92% in FY25, boosting opportunities for Indian defense manufacturers.
- Antique Stock Broking maintains a ""Buy"" rating on HAL with a target price of Rs 5,800.
- DAC's Acceptance of Necessity (AoN) for proposals amounts to approximately Rs 3.3 lakh crore, surpassing FY25 levels of Rs 2.2 lakh crore.
- Increased focus on domestic procurement presents substantial opportunities for companies like HAL in the Indian defense sector.",Relevant,HIGH,"The content discusses specific business developments and opportunities for HAL related to defense procurement initiatives, which align with the criteria for relevance.","HAL is expected to capture significant orders related to HALE RPAS, Astra Mk-II missile integration, and full mission simulator production support for platforms like Tejas.; The increased focus on domestic procurement presents substantial opportunities for Indian defense manufacturers including HAL.",Antique; BEL; Bharat Dynamics; Bharat Dynamics Ltd; Bharat Dynamics Ltd (BDL); Bharat Electronics; Bharat Electronics Ltd; Bharat Electronics Ltd (BEL); Cochin Shipyard; Cochin Shipyard Ltd; Defence; Expected to benefit; HAL; HF SDR communications equipment; Indian; Key beneficiaries; Key beneficiaries include PTC Industries; LT; Larsen & Toubro; Mazagon Dock Shipbuilders; Mazagon Dock Shipbuilders Ltd; Mazagon Dock Shipbuilders Ltd (MDL); PTC Industries; Positioned to secure orders for radar systems; Solar Industries; Tata; Tata Advanced Systems; The Defence; The trucks are equipped with what appear to be missile launchers or radar systems; This approval is part of a broader initiative under the Defence; Zen Tech; Zen Technologies; and Astra Microwave Products; and Astra Microwave Products Limited; and Astra Microwave may see; and Hindustan Aeronautics; and Hindustan Aeronautics Ltd; and PTC Industries; and electronics; but it; by Amit; defense; for these companies; indicating it; of domestic procurement has; positive outlook for defense; rating for several defense; rating on several; several; significant orders due to the; specific; stocks in India amidst; target,Defense sector stock recommendations amid a significant boost in Indian defense procurement.,text; image; external,"HAL is expected to secure orders related to specific defense projects, although no explicit timelines are provided in the content.","The Defence Acquisition Council's approval of proposals worth Rs 79,000 crore benefits multiple companies by increasing domestic procurement, thus impacting their business opportunities and growth prospects.",[Leave blank],HAL's strategic initiatives include securing orders for HALE RPAS and Astra Mk-II missile integration as part of increased domestic procurement efforts.,https://pbs.twimg.com/card_img/2005854550171795456/eBUBGckt?format=jpg&name=orig,,https://t.co/SAYQOVpLnn,3635,2025-12-30T04:12:45,@business_today
Bharat Electronics Ltd,https://x.com/business_today/status/2005833402637807649,"RELEVANT (HIGH confidence)
Sources: text, image, external
- Bharat Electronics (BEL) received additional orders worth Rs 569 crore since December 12, including radars, tank overhauls, communication equipment, fire control systems, simulators, antenna stabilization systems, security software, components, upgrades, and spares.

- Gujarat Kidney & Super Speciality raised Rs 250.80 crore through an IPO priced at Rs 114 per share, subscribed 5.21 times during the bidding period, marking its stock market debut on December 30.

- NTPC Green Energy commenced commercial operations for the ninth part (13.98 MW) of the Khavda-I Solar PV project, increasing its commercial capacity to 7,996.30 MW and total installed capacity of NGEL Group to 8,010.28 MW.

- Waaree Energies established two solar inverter manufacturing facilities with a combined annual capacity of 3.05 GW at its Sarodhi-Valsad factory.

- Lupin entered into an exclusive License, Supply, and Distribution Agreement with Gan & Lee Pharmaceuticals for Bofanglutide, used in treating type 2 diabetes and aiding weight management.","Sources: external, image, text
- Bharat Electronics (BEL) secured additional orders worth Rs 569 crore since December 12, encompassing radars, tank overhauls, communication equipment, fire control systems, simulators, antenna stabilization systems, security software, components, upgrades, and spares.

- NTPC Green Energy increased its commercial capacity to 7,996.30 MW with the commencement of operations for the ninth part (13.98 MW) of the Khavda-I Solar PV project, bringing NGEL Group's total installed capacity to 8,010.28 MW.

- Waaree Energies expanded its manufacturing capabilities by establishing two solar inverter facilities at Sarodhi-Valsad factory with a combined annual production capacity of 3.05 GW.",Relevant,HIGH,"The content explicitly mentions Bharat Electronics (BEL) with specific business developments and orders received, which aligns with the criteria for relevance to BEL.","Bharat Electronics (BEL) received additional orders worth Rs 569 crore since December 12.; Orders include radars, tank overhauls, communication equipment, fire control systems, simulators, antenna stabilization systems, security software, components, upgrades, and spares.",ABREL EPCCO Services; Achieved the first tunnel breakthrough for CIDCO; Afcons Infrastructure; Amit; Apple; Apple Inc; Ask; BEL; BSE; Bank of India permitted the; Bharat Electronics; Cupid; Essel Mining & Industries; GRASIM; Grasim Industries; Gujarat Kidney & Super Speciality; Gujarat Narmada Valley Fertilizers & Chemicals; Gulf Oil; Gulf Oil Lubricants India; IPO; Indian; Indian Overseas; Indian Overseas Bank; LIC; LT; Lloyds Engineering; Lloyds Engineering Works; Lupin; Metalfab Hightech; NSE; NTPC; NTPC Green Energy; Rail Vikas Nigam (RVNL); Stock; The Reserve; The Reserve Bank of India permitted the bank to establish an IFSC Banking Unit; The board approved a merger involving Lloyds Infrastructure & Construction; The company; The healthcare; The healthcare company; The total installed capacity of NGEL Group; These developments highlight; These orders; Timex; Timex Group; Timex Group India; Top; Waaree Energies; Waaree Power; an overview of several Indian; and Techno Industries with Lloyds Engineering; and a smartphone displaying; and their respective; antenna stabilization systems; bank to establish an IFSC; communication equipment; company is set for its; diabetes and aiding weight; diabetes and aiding weight management; displaying; equity; fire control systems; fully synthetic premium motorcycle engine oil; including healthcare; installed capacity of NGEL; its; lakh; lakh equity; per; principle approval to set up an FMCG; provides an overview of several Indian stocks that are expected to be in the spotlight; renewable energy; respective; security software; shows a large screen displaying; stock market data with various; various,Overview of recent stock market news and company-specific updates in India.,text; image; external,"Gujarat Kidney raised Rs 250.80 crore through an IPO.; No specific profit figures mentioned for BEL or other companies in the content.; No specific growth rates provided for BEL or other companies.; Waaree Energies' solar inverter manufacturing facilities with a combined annual capacity of 3.05 GW at its Sarodhi-Valsad factory.; NTPC Green Energy's commercial operations increased to 7,996.30 MW.; BSE Sensex fell by 345.91 points (0.41%) to close at 84,695.54.; NSE Nifty50 dropped by 100.20 points (0.38%) to end at 25,942.10.; No specific ratios or margins mentioned for BEL or other companies.","The article discusses various companies across different sectors, highlighting their recent activities and developments.",,"Grasim Industries approved a composite scheme of arrangement involving multiple entities.; Lupin entered into an exclusive License, Supply, and Distribution Agreement with Gan & Lee Pharmaceuticals.; Afcons Infrastructure achieved the first tunnel breakthrough for CIDCO’s Hetawane Water Supply Scheme.",https://pbs.twimg.com/card_img/2005828386883588096/iv0DG4Qs?format=jpg&name=orig,,https://t.co/zf6Vw1cwwS,4992,2025-12-30T02:48:44,@business_today
Reliance Industries Ltd,https://x.com/business_today/status/2005681936757375037,"RELEVANT (HIGH confidence)
Sources: text, image, external
- RIL refuted claims of a $30 billion demand from the Indian government, stating it is factually incorrect.
- The actual claim by the government pertains to approximately $247 million related to KG-D6 gas block underproduction.
- RIL emphasized compliance with disclosure requirements, noting that the $247 million figure has been consistently reported in audited financial statements.
- Criticized media report for relying on unnamed sources and mischaracterizing facts about the alleged demand.
- Legal issues regarding the claim are currently sub judice, with RIL expressing confidence in judicial resolution.
- Reaffirmed commitment to transparency and compliance with contractual and legal obligations concerning KG-D6 block disclosures.","Sources: external, image, text
- RIL refuted claims of a $30 billion demand from the Indian government, stating it is factually incorrect; actual claim pertains to approximately $247 million related to KG-D6 gas block underproduction.
- The $247 million figure has been consistently reported in audited financial statements by RIL, emphasizing compliance with disclosure requirements.
- Legal issues regarding the $247 million claim are sub judice, with RIL expressing confidence in judicial resolution and reaffirming commitment to transparency and contractual obligations.
- Government demands over $30 billion in compensation from Reliance Industries and BP for KG-D6 block underproduction; dispute involves additional profit petroleum claims due to disallowed development costs since 2002.
- KG-D6 operated under NELP production sharing contracts allowing full cost recovery before profit-sharing with the government, but geological complexities led to reduced gas production and disallowance of part of RIL's development costs.
- Reliance developed KG-D6 into India's most productive deepwater gas block, selling gas below market prices to aid in managing subsidy bills and fiscal deficits for the government.
- Arbitration proceedings nearing completion; outcome will influence risk-sharing practices and investor confidence in India's upstream energy sector.
- PL Capital initiated coverage on Premier Energies with a positive sector outlook, rating 'BUY' with a target price of Rs1,106.
- India's domestic solar capacity expected to increase from 106GW in FY25 to 290GW by FY30 as part of a 500GW renewable target.
- Premier Energies executing ~Rs120bn capex plan through FY26-28E for module and cell capacity expansion; includes BESS and aluminium frames investments.
- Vikram Solar's ~Rs112bn capex program aims to scale module capacity from 4.5GW in FY25 to 17.5GW by FY27, targeting 70–75% backward integration.
- Waaree Energies outlined a ~Rs250bn capex plan over FY26-28E for modules (26.8GW by FY26), cells (15.4GW by FY27), ingot-wafers (10GW by FY27), BESS, and adjacent businesses.",Relevant,HIGH,"The content directly addresses a significant issue involving RELIANCE, specifically the rebuttal of claims regarding financial demands from the government related to gas underproduction. This involves compliance and legal matters affecting RELIANCE.","RIL clarified that there is no $30 billion claim against it or BP; instead, the government's claim pertains to approximately $247 million related to the KG-D6 block.; The company emphasized compliance with regulatory requirements by disclosing this figure in its annual audited financial statements.; RIL criticized the media report for being based on unnamed and unidentified sources, describing it as a mischaracterization of facts.; Legal context: Issues are sub judice, and RIL expressed confidence in the judicial system to resolve these matters.",BEL; BP; BP for underproduction from gas; RELIANCE; RIL; Reliance; Reliance Industries; Reliance Industries Limited; The company; The company emphasized that this figure has been consistently disclosed in its annual audited financial; billion claim against it; billion from Reliance Industries; billon over gas; block have been made through audited financial; calls it; calls it factually; describing it; disclosed in its annual audited; factually; have been made through audited,Reliance Industries Limited's response to media reports about alleged government claims for $30 billion due to underproduction in the KG-D6 gas block.,text; image; external,[Leave blank]; [Leave blank]; [Leave blank]; [Leave blank]; [Leave blank]; [Leave blank],"The issue involves both RELIANCE and its partner BP, as they are jointly implicated in the media report concerning financial demands from the Indian government.",[Leave blank],"RIL reiterated its commitment to transparency and compliance with contractual and legal obligations, asserting that all relevant disclosures regarding the KG-D6 block have been made through audited financial filings.",https://pbs.twimg.com/card_img/2005486831853359104/Iz9-C0J6?format=png&name=orig,,https://t.co/CrFuMfUfbc,1806,2025-12-29T16:46:52,@business_today
Reliance Industries Ltd,https://x.com/business_today/status/2005555928888660037,"RELEVANT (HIGH confidence)
Sources: text, image, external
- Govt demands over $30 billion in compensation from Reliance Industries, BP: Report.
- PL Capital initiated coverage on Premier Energies (PREMIERE), Waaree Energies (WAAREEEN), Vikram Solar (VIKRAMSO) with positive sector outlook.
- India's domestic solar capacity expected to increase from 106GW in FY25 to 290GW by FY30, part of a 500GW renewable target.
- Premier Energies executing ~Rs120bn capex plan through FY26-28E for module and cell capacity expansion; includes BESS and aluminium frames investments.
- Vikram Solar's ~Rs112bn capex program aims to scale module capacity from 4.5GW in FY25 to 17.5GW by FY27, targeting 70–75% backward integration.
- Waaree Energies outlined a ~Rs250bn capex plan over FY26-28E for modules (26.8GW by FY26), cells (15.4GW by FY27), ingot-wafers (10GW by FY27), BESS, and adjacent businesses.
- PL Capital ratings: 'BUY' on PREMIERE, 'Accumulate' on VIKRAMSO; target prices Rs1,106 for PREMIERE, Rs4,086 for WAAREEEN, Rs275 for VIKRAMSO.","Sources: external, image, text
- RIL refuted claims of a $30 billion demand from the Indian government, stating it is factually incorrect; actual claim pertains to approximately $247 million related to KG-D6 gas block underproduction.
- The $247 million figure has been consistently reported in audited financial statements by RIL, emphasizing compliance with disclosure requirements.
- Legal issues regarding the $247 million claim are sub judice, with RIL expressing confidence in judicial resolution and reaffirming commitment to transparency and contractual obligations.
- Government demands over $30 billion in compensation from Reliance Industries and BP for KG-D6 block underproduction; dispute involves additional profit petroleum claims due to disallowed development costs since 2002.
- KG-D6 operated under NELP production sharing contracts allowing full cost recovery before profit-sharing with the government, but geological complexities led to reduced gas production and disallowance of part of RIL's development costs.
- Reliance developed KG-D6 into India's most productive deepwater gas block, selling gas below market prices to aid in managing subsidy bills and fiscal deficits for the government.
- Arbitration proceedings nearing completion; outcome will influence risk-sharing practices and investor confidence in India's upstream energy sector.
- PL Capital initiated coverage on Premier Energies with a positive sector outlook, rating 'BUY' with a target price of Rs1,106.
- India's domestic solar capacity expected to increase from 106GW in FY25 to 290GW by FY30 as part of a 500GW renewable target.
- Premier Energies executing ~Rs120bn capex plan through FY26-28E for module and cell capacity expansion; includes BESS and aluminium frames investments.
- Vikram Solar's ~Rs112bn capex program aims to scale module capacity from 4.5GW in FY25 to 17.5GW by FY27, targeting 70–75% backward integration.
- Waaree Energies outlined a ~Rs250bn capex plan over FY26-28E for modules (26.8GW by FY26), cells (15.4GW by FY27), ingot-wafers (10GW by FY27), BESS, and adjacent businesses.",Relevant,HIGH,The content mentions Reliance Industries specifically in the context of a government demand for compensation from both Reliance and BP. This directly involves RELIANCE as per the criteria outlined for relevance.,Reliance Industries is involved in a compensation demand from the government amounting over $30 billion alongside BP.,BP; Broader Energy; Growth is; Indian; LIC; PL Capital; PL Capital has initiated coverage on three major renewable equipment; Premier Energies (PREMIERE); RELIANCE; RIL; Reliance; Reliance Industries; Reliance Industries Limited; Solar power; Target; Vikram Solar (VIKRAMSO); Waaree Energies (WAAREEEN); billion in compensation from Reliance Industries; but aggressive capacity additions could normalize profitability over the medium; digital infrastructure; is scaling up due to government; renewable energy; s power; s power generation capacity; solar capacity expected to; supported by import tariffs on Chinese equipment,"Government demands compensation from Reliance Industries, alongside BP, with implications on financial or legal matters. Additionally, there is an overview of growth in India's renewable energy sector involving other companies.",text; image; external,"No specific revenue figures mentioned for Reliance or other companies.; No specific profit figures mentioned for Reliance or other companies.; India's domestic installed solar capacity expected to increase from 106GW in FY25 to 290GW by FY30.; Solar power projected to grow to ~290GW by FY30E.; Premier Energies: Rs120bn capex plan through FY26-28E, expanding module and cell capacities.; Vikram Solar: Rs112bn capex program to scale module capacity from 4.5GW in FY25 to 17.5GW by FY27.; Waaree Energies: ~Rs250bn capex plan over FY26-28E across various segments.; India's power generation capacity increased from 356GW in FY19 to 475GW as of FY25.; Renewable installations expected to rise to approximately 430GW by FY30.; PL Capital’s target PE ratios: PREMIERE at 22x, WAAREEEN at 24x, VIKRAMSO at 19x FY28E.","The content discusses broader industry trends and specific strategies by multiple companies within the Indian solar industry, indicating a multi-company impact due to government policies and market dynamics affecting these entities.",,Premier Energies has a fully domestic order book.; Waaree Energies has ~59.5% of exports as of Sep’25.; Vikram Solar has ~15% of its order book from overseas markets.,https://pbs.twimg.com/card_img/2005555929765249024/EluGWy3E?format=jpg&name=orig,,https://t.co/GlVGPOpl8z,3474,2025-12-29T08:26:09,@business_today
Reliance Industries Ltd,https://x.com/business_today/status/2004917397644341400,"RELEVANT (HIGH confidence)
Sources: text, image, external
- Reliance Industries Limited (RIL) involved in a $247 million financial dispute over KG-D6 block with the Government of India, expected resolution by early 2026.
- Dispute centers on government's claim for additional profit petroleum due to disallowed development costs incurred by RIL-led consortium since 2002.
- KG-D6 operated under New Exploration Licensing Policy (NELP) production sharing contracts allowing full cost recovery before profit-sharing with the government.
- Geological complexities led to reduced gas production, prompting government to disallow part of RIL's development costs, impacting cost recovery.
- Reliance developed KG-D6 into India's most productive deepwater gas block, selling gas below market prices, aiding in managing subsidy bills and fiscal deficits for the government.
- Arbitration proceedings nearing completion; outcome will influence risk-sharing practices and investor confidence in India's upstream energy sector.","Sources: external, image, text
- RIL refuted claims of a $30 billion demand from the Indian government, stating it is factually incorrect; actual claim pertains to approximately $247 million related to KG-D6 gas block underproduction.
- The $247 million figure has been consistently reported in audited financial statements by RIL, emphasizing compliance with disclosure requirements.
- Legal issues regarding the $247 million claim are sub judice, with RIL expressing confidence in judicial resolution and reaffirming commitment to transparency and contractual obligations.
- Government demands over $30 billion in compensation from Reliance Industries and BP for KG-D6 block underproduction; dispute involves additional profit petroleum claims due to disallowed development costs since 2002.
- KG-D6 operated under NELP production sharing contracts allowing full cost recovery before profit-sharing with the government, but geological complexities led to reduced gas production and disallowance of part of RIL's development costs.
- Reliance developed KG-D6 into India's most productive deepwater gas block, selling gas below market prices to aid in managing subsidy bills and fiscal deficits for the government.
- Arbitration proceedings nearing completion; outcome will influence risk-sharing practices and investor confidence in India's upstream energy sector.
- PL Capital initiated coverage on Premier Energies with a positive sector outlook, rating 'BUY' with a target price of Rs1,106.
- India's domestic solar capacity expected to increase from 106GW in FY25 to 290GW by FY30 as part of a 500GW renewable target.
- Premier Energies executing ~Rs120bn capex plan through FY26-28E for module and cell capacity expansion; includes BESS and aluminium frames investments.
- Vikram Solar's ~Rs112bn capex program aims to scale module capacity from 4.5GW in FY25 to 17.5GW by FY27, targeting 70–75% backward integration.
- Waaree Energies outlined a ~Rs250bn capex plan over FY26-28E for modules (26.8GW by FY26), cells (15.4GW by FY27), ingot-wafers (10GW by FY27), BESS, and adjacent businesses.",Relevant,HIGH,"The content discusses a significant financial dispute involving Reliance Industries Limited (RIL) over the KG-D6 gas block, which directly pertains to its operations and financial obligations.",Reliance is involved in a $247 million liability dispute with the Government of India over KG-D6.; The issue stems from disallowed development costs due to lower-than-projected gas production.; Arbitration proceedings are expected to conclude by early 2026.,BEL; BP; India and Reliance Industries; LIC; Niko; RELIANCE; RIL; Reliance; Reliance emphasizes that it; The company; The dispute intensified when gas; allow operators to recover their full development costs before profit; deepwater gas; government; led consortium on drilling and evacuation infrastructure; long; long financial dispute between the Government of India and Reliance Industries Limited; market; million claim or if it; of certain expenditures; s most productive deepwater gas block and sold gas; s upstream energy; that while the government; which asserts that RIL owes additional profit,Financial dispute resolution between RIL and the Government of India regarding the KG-D6 deepwater gas block.,text; image; external,Arbitration ruling expected in early 2026.,"The outcome of this arbitration could impact investor confidence in India's upstream energy sector, affecting multiple companies involved in similar projects.",[Leave blank],Reliance emphasizes the importance of respecting contract sanctity and risk-sharing principles in India's energy sector.,https://pbs.twimg.com/card_img/2004917399175286784/UKiayHXs?format=jpg&name=orig,,https://t.co/45t0Eiv0X6,2116,2025-12-27T14:08:51,@business_today
HDFC Bank Ltd,https://x.com/business_today/status/2005559289407266849,"RELEVANT (HIGH confidence)
Sources: text, image, video
- HDFC Bank's current share price is ₹995.
- Expected return for HDFC Bank: 12% to 15%, potentially up to 18%.
- State Bank of India (SBI) projected target price for 2026: Around ₹1300+.
- SBI potential return by 2026: 20% to 30%.
- Discussion emphasizes maintaining investments in HDFC Bank and SBI due to growth potential.","Sources: image, text, video
- HDFC Bank's current share price is ₹995.
- Expected return for HDFC Bank: 12% to 15%, potentially up to 18%.
- SBI projected target price for HDFC Bank by 2026: Around ₹1300+.
- SBI potential return on HDFC Bank by 2026: 20% to 30%.
- Emphasis on maintaining investments in HDFC Bank due to growth potential.",Relevant,HIGH,"The content discusses HDFC Bank's stock performance, expected returns, and investment strategy, which are directly related to the company's financial outlook.","HDFC Bank's current share price: ₹995; Expected return for HDFC Bank: 12% to 15%, potentially up to 18%; SBI's future target price for 2026: Around ₹1300+; Potential return for SBI (2026 projection): 20% to 30%",A major private sector; A major private sector bank; Bank and State; COAL INDIA; COALINDIA; Current; DR REDDY; Discussed as a PSU; Discussed as a PSU bank; Emphasis on maintaining investments in both HDFC Bank; Future; HDFC; HDFC Bank; HDFCBANK; HDFCBank; LIC; Meera; Meera and Nilesh discussing; Meera is considering whether to diversify her banking portfolio or expand beyond it; Nilesh advises staying invested in both HDFC Bank; SBI; SBIN; State; State Bank; State Bank of India (SBI); The audio transcript discusses investment strategies related to HDFC Bank and State Bank; The broadcast is discussing; The image appears to be a screenshot from a financial; The largest public sector; The largest public sector bank; YOUR; banking; cap; cap stocks like HDFC; cap stocks like HDFC Bank; discussing; in number provided for; investments in both HDFC; of staying invested in these; on diversification within the; screen shows a news flash and a; share; staying invested in both HDFC; strategies related to HDFC; target; the potential for adding more; to be a screenshot from a; whether to diversify her,Investment strategies and projections for HDFC Bank and State Bank of India (SBI) in 2026.,text; image; video,"[No specific revenue figures mentioned]; [No specific profit figures mentioned]; Expected return for HDFC Bank: 12% to 15%, potentially up to 18%; Potential return for SBI (2026 projection): 20% to 30%; SBI's future target price for 2026: Around ₹1300+; NIFTY 50 current value: 70.10; COAL INDIA current value: 401.20, change of -0.95; [No specific ratios or margins mentioned]","The discussion includes both HDFC Bank and SBI, highlighting their potential growth and returns, indicating a comparative analysis between these two major banks.","Nilesh suggests evaluating the potential for adding more stocks and maintaining gradual momentum. Large-cap stocks like HDFC Bank and SBI are expected to yield returns of approximately 12% to 15%, potentially up to 18%. For SBI, a future target price for 2026 is around ₹1300+, with a possible return of 20% to 30%.",Discussion on diversification within the banking sector and beyond.; Emphasis on maintaining investments in both HDFC Bank and SBI due to their growth potential.,https://pbs.twimg.com/amplify_video_thumb/2005555694137905152/img/HYamyNme27IytE2h.jpg,https://twitter.com/i/videos/2005559289407266849,,3329,2025-12-29T08:39:30,@business_today
Coforge Ltd,https://x.com/business_today/status/2005548654069706990,"RELEVANT (HIGH confidence)
Sources: text, image, external
- Coforge shares have declined following the Encora deal, with Elara downgrading and Macquarie increasing its target by 77%.
  
- PL Capital initiated coverage on Premier Energies (PREMIERE), Waaree Energies (WAAREEEN), and Vikram Solar (VIKRAMSO) with a positive outlook for the renewable sector.

- India's solar capacity is projected to grow from 106GW in FY25 to 290GW by FY30, supporting domestic manufacturers due to government incentives and export opportunities.

- Premier Energies plans ~Rs120bn capex through FY26-28E to expand module capacity to ~11.1GW and cell capacity to ~10.2GW, including a 5GW ingot-wafer facility.

- Vikram Solar's ~Rs112bn capex program aims to increase module capacity from 4.5GW in FY25 to 17.5GW by FY27 and achieve ~70-75% backward integration.

- Waaree Energies has outlined a ~Rs250bn capex plan over FY26–28E, targeting 26.8GW modules by FY26 and 15.4GW cells by FY27, with significant export orders (59.5% as of Sep’25).

- PL Capital rates PREMIERE 'BUY' at Rs1,106 target price, WAAREEEN 'BUY' at Rs4,086, and VIKRAMSO 'Accumulate' at Rs275, using a sum-of-the-parts methodology with PE ratios of 22x, 24x, and 19x FY28E respectively.","Sources: external, image, text
- Coforge acquired Encora for $2.35 billion, aiming to create a tech powerhouse with annual revenues nearing $2.5 billion.
- The acquisition is expected to add 26-30% to Coforge's FY26 estimated revenue base.
- Post-acquisition, Encora shareholders will own 21% of the combined entity.
- Encora contributes 30% of Coforge’s total revenue post-acquisition with higher revenue per employee ($74,000) compared to Coforge's $69,000.
- The deal is funded through a share swap valued at $1.89 billion and a QIPbridge loan to retire Encora’s $550 million term loan.
- PL Capital rates Premier Energies 'BUY' at Rs1,106 target price, Waaree Energies 'BUY' at Rs4,086, and Vikram Solar 'Accumulate' at Rs275.
- India's solar capacity is projected to grow from 106GW in FY25 to 290GW by FY30, supporting domestic manufacturers with government incentives and export opportunities.
- Premier Energies plans ~Rs120bn capex through FY26-28E to expand module capacity to ~11.1GW and cell capacity to ~10.2GW.
- Vikram Solar's ~Rs112bn capex program aims to increase module capacity from 4.5GW in FY25 to 17.5GW by FY27 with ~70-75% backward integration.
- Waaree Energies has outlined a ~Rs250bn capex plan over FY26–28E, targeting 26.8GW modules by FY26 and 15.4GW cells by FY27, with significant export orders (59.5% as of Sep’25).",Relevant,HIGH,"The content explicitly mentions COFORGE in the context of its share price movement following an Encora deal and analyst ratings changes. This directly relates to stock price movements and analyst ratings, which are relevant criteria for COFORGE.","Coforge shares experienced a decline following the announcement of a deal with Encora.; Analyst firm Elara downgraded Coforge, while Macquarie increased its target price significantly.",COFORGE; Coforge; Elara; Encora; Import tariffs on Chinese equipment; Indian; LIC; Macquarie; PL Capital; PL Capital has initiated coverage on three major renewable equipment; Solar power; Target; United; but aggressive capacity additions could normalize profitability over the medium; digital infrastructure; is scaling up due to government; lifts; on it; reflecting; renewable energy; s power; s power generation capacity; solar capacity expected to,"Market reaction to Coforge's business activities, specifically the impact on its shares due to a deal with Encora and subsequent analyst rating adjustments.",text; image; external,,"The content discusses market reactions affecting multiple companies, including Elara downgrading COFORGE and Macquarie lifting its target price by 77%. This indicates broader market implications for COFORGE's stock performance.",,,https://pbs.twimg.com/card_img/2005548656158478336/xMeJ_rDr?format=jpg&name=orig,,https://t.co/tQX1NyfwkH,3634,2025-12-29T07:57:15,@business_today
Coforge Ltd,https://x.com/business_today/status/2005473171932074228,"RELEVANT (HIGH confidence)
Sources: text, image, external
- Coforge acquired Encora, a US-based engineering and AI-led services firm, for $2.35 billion.
- Encora's annual revenues are $500 million, contributing to 30% of Coforge’s total revenue post-acquisition.
- The acquisition is expected to add 26-30% to Coforge's FY26 estimated revenue base.
- Encora has a higher revenue per employee ($74,000) compared to Coforge's $69,000 and operates at higher margins.
- Transaction involves a share swap valued at $1.89 billion and a QIPbridge loan to retire Encora’s $550 million term loan.
- Post-acquisition, Encora shareholders will own 21% of the combined entity.
- Analysts anticipate the acquisition will create an AI-native engineering, cloud, and data services powerhouse, expanding Coforge's geographic presence.","Sources: external, image, text
- Coforge acquired Encora for $2.35 billion, aiming to create a tech powerhouse with annual revenues nearing $2.5 billion.
- The acquisition is expected to add 26-30% to Coforge's FY26 estimated revenue base.
- Post-acquisition, Encora shareholders will own 21% of the combined entity.
- Encora contributes 30% of Coforge’s total revenue post-acquisition with higher revenue per employee ($74,000) compared to Coforge's $69,000.
- The deal is funded through a share swap valued at $1.89 billion and a QIPbridge loan to retire Encora’s $550 million term loan.
- PL Capital rates Premier Energies 'BUY' at Rs1,106 target price, Waaree Energies 'BUY' at Rs4,086, and Vikram Solar 'Accumulate' at Rs275.
- India's solar capacity is projected to grow from 106GW in FY25 to 290GW by FY30, supporting domestic manufacturers with government incentives and export opportunities.
- Premier Energies plans ~Rs120bn capex through FY26-28E to expand module capacity to ~11.1GW and cell capacity to ~10.2GW.
- Vikram Solar's ~Rs112bn capex program aims to increase module capacity from 4.5GW in FY25 to 17.5GW by FY27 with ~70-75% backward integration.
- Waaree Energies has outlined a ~Rs250bn capex plan over FY26–28E, targeting 26.8GW modules by FY26 and 15.4GW cells by FY27, with significant export orders (59.5% as of Sep’25).",Relevant,HIGH,"The content contains specific financial metrics, strategic initiatives, and corporate actions related to Coforge's acquisition of Encora, which aligns with the criteria for relevance.","Coforge's acquisition of Encora is expected to add 26-30% to its FY26 estimated revenue base.; Encora represents a larger scale acquisition, contributing 30% to Coforge's total revenue post-acquisition.; The transaction involves a share swap valued at $1.89 billion and a QIPbridge loan to retire Encora's $550 million term loan.; Analysts from MOFSL, Nuvama, and Centrum Broking have expressed positive views on the acquisition.",Amit; COFORGE; Cigniti; Encora; LT; No financial; RIL; SLK Global; Strategic Fit; Tech and Healthcare; The deal involves a; They anticipate it; and data services; based engineering; led services; native engineering; s financial; with a possibility that it,"Analysis of Coforge's $2.35 billion acquisition of Encora, including differences from past acquisitions like SLK Global and Cigniti.",text; image; external,"Encora has annual revenues of $500 million.; Post-acquisition, Encora's revenue will account for 30% of Coforge's total revenue.; [No specific profit figures mentioned]; The acquisition is expected to add 26-30% to Coforge's FY26 estimated revenue base.; The deal is likely to close in four to six months, subject to necessary approvals.; Encora shareholders will own 21% of the combined entity post-acquisition.; [No specific market metrics mentioned]; Encora has a higher revenue per employee ($74,000) compared to Coforge's $69,000 and operates at higher margins.",The content discusses how this acquisition positions Coforge in comparison to its previous acquisitions and highlights market reactions from analysts covering multiple companies.,,The acquisition emphasizes talent retention and execution discipline.; It aligns with Coforge’s strategic intent to scale in Hi-Tech and Healthcare segments.,https://pbs.twimg.com/card_img/2005473173756674049/AScBDE3O?format=jpg&name=orig,,https://t.co/NVjmDIp10F,3304,2025-12-29T02:57:18,@business_today
Coforge Ltd,https://x.com/business_today/status/2004859611849863449,"RELEVANT (HIGH confidence)
Sources: text, image, external
- Coforge acquired Encora for an enterprise value of $2.35 billion, aiming to create a tech powerhouse with annual revenues nearing $2.5 billion.

- Punjab National Bank (PNB) shares in focus due to Rs 2,434 crore borrowing fraud involving former promoters of two SREI Group entities.

- Multi Commodity Exchange of India (MCX), A-1 Ltd, Avasara Finance, Alps Industries, and Magnanimous Trade & Finance set to turn ex-dates for corporate actions next week.

- Vikran Engineering secured Letters of Awards (LOAs) for 45.75 MW solar power projects in Madhya Pradesh.

- Solarworld Energy Solutions received an order worth approximately Rs 725.33 crore from NTPC Renewable Energy Limited for a 250 MWac solar PV project.

- Tamilnad Mercantile Bank (TMB) plans to open five new branches on December 29, 2025.

- Timex Group India announced an Offer for Sale (OFS) to divest up to an 8.93% stake in its Indian arm at a floor price of Rs 275 per share.","Sources: external, image, text
- Coforge acquired Encora for $2.35 billion, aiming to create a tech powerhouse with annual revenues nearing $2.5 billion.
- The acquisition is expected to add 26-30% to Coforge's FY26 estimated revenue base.
- Post-acquisition, Encora shareholders will own 21% of the combined entity.
- Encora contributes 30% of Coforge’s total revenue post-acquisition with higher revenue per employee ($74,000) compared to Coforge's $69,000.
- The deal is funded through a share swap valued at $1.89 billion and a QIPbridge loan to retire Encora’s $550 million term loan.
- PL Capital rates Premier Energies 'BUY' at Rs1,106 target price, Waaree Energies 'BUY' at Rs4,086, and Vikram Solar 'Accumulate' at Rs275.
- India's solar capacity is projected to grow from 106GW in FY25 to 290GW by FY30, supporting domestic manufacturers with government incentives and export opportunities.
- Premier Energies plans ~Rs120bn capex through FY26-28E to expand module capacity to ~11.1GW and cell capacity to ~10.2GW.
- Vikram Solar's ~Rs112bn capex program aims to increase module capacity from 4.5GW in FY25 to 17.5GW by FY27 with ~70-75% backward integration.
- Waaree Energies has outlined a ~Rs250bn capex plan over FY26–28E, targeting 26.8GW modules by FY26 and 15.4GW cells by FY27, with significant export orders (59.5% as of Sep’25).",Relevant,HIGH,"The content specifically mentions Coforge's acquisition of Encora for $2.35 billion and its strategic implications, which directly relate to the company's business developments and financial metrics.",Coforge announced the acquisition of Encora for an enterprise value of $2.35 billion.; The strategic consolidation aims to create a combined entity with annual revenues nearing $2.5 billion.,Alps Industries; Aurobindo; Aurobindo Pharma; Both domestic; COFORGE; ITC; Indian; LIC; LT; MCX; Multi Commodity Exchange; Multi Commodity Exchange of India (MCX); NTPC; Punjab National; Punjab National Bank; Punjab National Bank (PNB); Shree Cement; Solarworld Energy Solutions; Tamilnad Mercantile; Tamilnad Mercantile Bank; Tamilnad Mercantile Bank (TMB); Timex; Timex Group; Timex Group India; Timex Group among; Vikran Engineering; agreement with BioFactura; aiming to create a tech; and penalty due to valuation issues and excess input tax credit; crore borrowing fraud involving former promoters of two SREI Group; crore from NTPC Renewable Energy Limited; dates for; discusses several key; discusses several key financial; domestic; end; financial developments and; floor; for solar power; former promoters of two SREI; from NTPC Renewable Energy; influence; net; per; provides insights into specific; specific; subdued; terminated a licensing agreement with BioFactura Inc,Acquisition announcement by Coforge and market focus on various stocks including Coforge.,text; image; external,"Coforge's combined entity with Encora is expected to have annual revenues nearing $2.5 billion.; Coforge's acquisition aims to create a tech powerhouse, indicating strategic growth and market positioning.","The article discusses several companies expected to be in focus due to upcoming corporate actions or significant events, indicating a broader market context affecting multiple entities.",[Leave blank],The acquisition of Encora by Coforge is a significant strategic move aimed at enhancing its market position and revenue potential.,https://pbs.twimg.com/card_img/2004859613653463040/t-Sy155c?format=jpg&name=orig,,https://t.co/HMBVkcanE3,3317,2025-12-27T10:19:14,@business_today
Coforge Ltd,https://x.com/business_today/status/2004794448157327769,"RELEVANT (HIGH confidence)
Sources: text, image, external
- Coforge to acquire Encora for $2 billion.
- Acquisition aims to position Coforge in the $2.5 billion revenue club.
- Deal funded through a preferential allotment of equity shares worth approximately $1.89 billion.
- Stock expected to be in focus on December 29, following announcement.
- Strategic move enhances Coforge's market presence and growth potential.","Sources: external, image, text
- Coforge acquired Encora for $2.35 billion, aiming to create a tech powerhouse with annual revenues nearing $2.5 billion.
- The acquisition is expected to add 26-30% to Coforge's FY26 estimated revenue base.
- Post-acquisition, Encora shareholders will own 21% of the combined entity.
- Encora contributes 30% of Coforge’s total revenue post-acquisition with higher revenue per employee ($74,000) compared to Coforge's $69,000.
- The deal is funded through a share swap valued at $1.89 billion and a QIPbridge loan to retire Encora’s $550 million term loan.
- PL Capital rates Premier Energies 'BUY' at Rs1,106 target price, Waaree Energies 'BUY' at Rs4,086, and Vikram Solar 'Accumulate' at Rs275.
- India's solar capacity is projected to grow from 106GW in FY25 to 290GW by FY30, supporting domestic manufacturers with government incentives and export opportunities.
- Premier Energies plans ~Rs120bn capex through FY26-28E to expand module capacity to ~11.1GW and cell capacity to ~10.2GW.
- Vikram Solar's ~Rs112bn capex program aims to increase module capacity from 4.5GW in FY25 to 17.5GW by FY27 with ~70-75% backward integration.
- Waaree Energies has outlined a ~Rs250bn capex plan over FY26–28E, targeting 26.8GW modules by FY26 and 15.4GW cells by FY27, with significant export orders (59.5% as of Sep’25).",Relevant,HIGH,"The content explicitly mentions Coforge's acquisition of Encora for $2 billion, which is a significant corporate action involving financial metrics and strategic initiatives.",Coforge is acquiring Encora for $2 billion.; The deal aims to propel Coforge into the $2.5 billion revenue club.; Funding through a preferential allotment of equity shares worth approximately $1.89 billion.,BEL; COFORGE; Encora; Foreign Minister Winston Peters criticized it; Indian; LT; RIL; The deal will be; a preferential allotment of; equity; labeling it; on it; s access to the vast Indian consumer,"Acquisition announcement by Coforge to acquire Encora for $2 billion, aiming for $2.5 billion revenue club.",text; image; external,Targeted revenue club: $2.5 billion for Coforge post-acquisition.; [Leave blank]; [Leave blank]; Revenue target of $2.5 billion for Coforge following the acquisition.; [Leave blank]; [Leave blank],"The acquisition involves both Coforge and Encora, impacting their respective market positions and financial strategies.",[Leave blank],Acquisition as a strategic initiative to enhance revenue and market position.; Funding strategy involving equity shares allotment worth approximately $1.89 billion.,https://pbs.twimg.com/card_img/2004794449721798656/xyP7XsCn?format=jpg&name=orig,,https://t.co/hktHHFlBND,2631,2025-12-27T06:00:18,@business_today
Welspun Corp Ltd,https://x.com/business_today/status/2005489049394409507,"RELEVANT (HIGH confidence)
Sources: text, image, external
- Welspun Corp expanding presence in metal pipes sector, targeting infrastructure growth in India and energy independence in the US.
- Plans to diversify into building material products through partnership with Sintex.
- Expected improved margins and returns ratio by FY28E; top line and EBITDA compounding at 21-22% over FY25–28E.
- Rating: Buy, Target Price: Rs 1,028, Upside Potential: 28%.","Sources: external, image, text
- Welspun Corp expanding presence in metal pipes sector, targeting infrastructure growth in India and energy independence in the US.
- Diversifying into building material products through partnership with Sintex.
- Expected improved margins and returns ratio by FY28E; top line and EBITDA compounding at 21-22% over FY25–28E.
- Rating: Buy, Target Price: Rs 1,028, Upside Potential: 28%.",Relevant,HIGH,"The content provides specific financial metrics, strategic initiatives, and stock performance details for Welspun Corporation (WELCORP), meeting multiple criteria for relevance.","**WELCORP Rating:** Buy; **Target Price for WELCORP:** Rs 1,028; **Upside Potential for WELCORP:** 28%; **Overview of WELCORP:** Expanding in the metal pipes sector and diversifying into building material products with Sintex.; **Financials for WELCORP:** Expected improved margins and returns ratio by FY28E, with top line and EBITDA compounding at 21-22% over FY25–28E.",A diversified chemicals; BEL; Corporation; FSN E-Commerce Ventures (Nykaa); GMR Airports; Jubilant Ingrevia; Knowledge Marine & Engineering; Knowledge Marine & Engineering Works; LT; M&B Engineering; M&M; M&M Engineering; Midwest; Northern Arc; Northern Arc Capital; Nykaa is a leading specialty platform for beauty and personal care; Positioned to; Select; Siemens Energy; Siemens Energy India; Target; The article provides detailed insights into the financial; The company; Welspun; Welspun Corp; Welspun Corp is expanding its presence in the metal pipes sector and aims to capitalize on infrastructure growth in India and energy; Welspun Corporation; Welspun Corporation (WELCORP); article emphasizes that these; as it; detailed insights into the; due to rising operating profit; for the fashion; highlights several; in finance placement and fund; indicating a; indicating a financial; management will aid fee; metal pipes sector and aims to; price changes or other; represent; several; these; vintage experience in finance placement and fund management; which could represent price changes or other financial,"Analysis of stocks with fresh interest, including detailed insights into Welspun Corp's business outlook and financial projections.",text; image; external,"[No specific revenue figures provided for WELCORP]; [No specific profit figures provided for WELCORP]; **WELCORP EBITDA CAGR:** 21-22% over FY25–28E; **Target Price for WELCORP:** Rs 1,028 by FY28E; **Upside Potential Timeline for WELCORP:** By FY28E; [No specific market metrics provided]; **WELCORP Margins and Returns Ratio:** Expected improvement by FY28E","The article discusses several companies with potential upside, indicating a broader market trend affecting these entities.",[Leave blank],"**Strategic Initiative for WELCORP:** Expansion in metal pipes sector, diversification into building materials with Sintex.",https://pbs.twimg.com/card_img/2005489058286325760/RjRCM-UW?format=jpg&name=orig,,https://t.co/9UAOl0q4LX,4637,2025-12-29T04:00:24,@business_today
Kotak Mahindra Bank Ltd,https://x.com/business_today/status/2005489042909962390,"RELEVANT (HIGH confidence)
Sources: text, image, external
- Kotak Mahindra Bank has set the record date for its stock split on Wednesday, January 14, 2026.
- The bank approved a 1:5 stock split, marking the first in 15 years; shareholders will receive five shares for each share held.
- Shares closed at Rs 2161.70 with a market capitalization of Rs 4.30 lakh crore.
- Stock split aims to increase liquidity by reducing face value from ₹5 to ₹1 per share.
- Historical actions include reducing share face value from ₹10 to ₹5 in 2010 and issuing bonus shares at a 1:1 ratio in July 2015.
- Kotak Mahindra Bank has consistently paid dividends over the past decade, with payouts in 10 out of the last 11 fiscal years since 2015.
- In 2025, the bank's stock rose by over 17%, reflecting its strategy of regular dividends and shareholder engagement.","Sources: external, image, text
- Kotak Mahindra Bank set the record date for a stock split on January 14, 2026.
- Approved a 1:5 stock split, first in 15 years; shareholders receive five shares per share held.
- Stock split aims to increase liquidity by reducing face value from ₹5 to ₹1 per share.
- Shares closed at Rs 2161.70 with a market capitalization of Rs 4.30 lakh crore.
- Historical actions include reducing share face value from ₹10 to ₹5 in 2010 and issuing bonus shares at a 1:1 ratio in July 2015.
- Consistently paid dividends over the past decade, with payouts in 10 out of the last 11 fiscal years since 2015.
- In 2025, stock rose by over 17%, reflecting strategy of regular dividends and shareholder engagement.",Relevant,HIGH,"The content directly discusses Kotak Mahindra Bank's stock split decision, a corporate action that aligns with the specified criteria for relevance to KOTAKBANK. It includes specific financial metrics and strategic initiatives related to shareholder value enhancement.","Kotak Mahindra Bank has set the record date for its stock split on Wednesday, January 14, 2026.; The bank's shares closed at Rs 2161.70 with a market capitalization of Rs 4.30 lakh crore.; The stock split will reduce the face value from ₹5 to ₹1 per share.",Bank; KOTAKBANK; Kotak; Kotak Mahindra; Kotak Mahindra Bank; Kotak Mahindra Bank has announced a record date for its stock split; Kotak Mahindra Bank stock in news as lender fixes record date for stock split; Mahindra; Market cap of the; Market cap of the bank; The bank; The company; The stock split; The stock split aims to; This is consistent with Kotak Mahindra Bank; a strong record of rewarding; aligns with Kotak Mahindra; and issued bonus; announced a record date for its; as lender fixes record date for; bonus; consistent with Kotak Mahindra; enhancing; five; includes regular dividends and; increase liquidity and make; its; its reputation for rewarding; make; one; part of a broader strategy that; per; rewarding; s history of enhancing; shareholders will receive five; shares for every one; stock split; the bank; the bank reduced its; the stock split decision aligns with Kotak Mahindra Bank; they; with a market,"Kotak Mahindra Bank's announcement of a record date for its 1:5 stock split, aiming to increase liquidity and accessibility of shares.",text; image; external,"N/A; N/A; Kotak Mahindra Bank's stock has risen by over 17% in 2025.; Record date for the stock split is set for January 14, 2026.; The face value reduction from ₹5 to ₹1 per share as part of the stock split plan.; Market capitalization: Rs 4.30 lakh crore; Recent closing price: Rs 2161.70; N/A",,,"The stock split is intended to increase liquidity and make shares more accessible.; Consistent dividend payments over the past decade, except for 2020 due to pandemic-related disruptions.; Historical reduction of share face value from ₹10 to ₹5 in 2010 and a bonus issue at a 1:1 ratio in July 2015.",https://pbs.twimg.com/card_img/2005489045002964992/s1kjiYvl?format=jpg&name=orig,,https://t.co/qih7stjkaj,1745,2025-12-29T04:00:22,@business_today
Maruti Suzuki India Ltd,https://x.com/business_today/status/2004877501160698151,"RELEVANT (HIGH confidence)
Sources: text, image, video
- Maruti Suzuki gained nearly 53% in market performance over the last year.
- Supported by record market shares and strong demand for SUVs.
- Benefited from reduced input costs and improved export momentum.
- Experienced rural recovery and consumer action post-demerger.
- Faced challenges due to intense competition causing margin pressures.","Sources: image, text, video
- Maruti Suzuki's market performance increased by nearly 53% over the last year.
- Achieved record market shares, driven by strong demand for SUVs.
- Benefited from reduced input costs and improved export momentum.
- Experienced rural recovery and consumer action following demerger.
- Faced margin pressures due to intense competition.",Relevant,HIGH,"The content specifically mentions Maruti Suzuki's performance metrics, including a 53% gain driven by various factors such as record market shares and strong SUV demand. This aligns with the criteria for relevance to MARUTI.","Maruti Suzuki gained nearly 53% due to record market shares, strong SUV demand, reduced input costs, improved export momentum, rural recovery, and consumer action post-demerger.",Ayesha Motors; Benefited from rural recovery and consumer; EICHERMOT; EicherMotors; HCL; HCL Tech; ITC; MARUTI; Margin pressures are significant in the auto; Maruti; Maruti Suzuki; SHRIRAMFIN; Shoprite; Shriram; Shriram Finance; Strong performers; TATAMOTORS; TCS; TCS and HCL Tech; TataMotors; The overall setting suggests a; The overall setting suggests a financial; The screen behind her displays various financial; and sustained demand in auto; behind her displays various; leading to profit; logo on it; market; stable; stable asset; supported by record market,"Analysis of Nifty 50 performance, highlighting sectoral winners and laggards in the Indian stock market.",text; image; video,"Maruti Suzuki: Nearly 53% increase in performance.; Market dynamics include sectoral winners and laggards, with specific companies highlighted for their performance changes.","The content discusses the impact on multiple companies within sectors such as auto, retail, and IT, indicating broader market dynamics affecting these industries.",,"Maruti Suzuki's strategic success factors include strong SUV demand, reduced input costs, and improved export momentum.",https://pbs.twimg.com/amplify_video_thumb/2004876927182807041/img/d2yE8fDKFlihd0Bv.jpg,https://twitter.com/i/videos/2004877501160698151,,2901,2025-12-27T11:30:19,@business_today
Hindustan Aeronautics Ltd,https://x.com/CNBCTV18Live/status/2005569624449159304,"RELEVANT (HIGH confidence)
Sources: text, image, external
- Defence Acquisition Council meeting led to a decline in HAL stock value.
- Access Limited is set to discuss proposals worth approximately 800 crore INR, indicating potential strategic financial developments.
- Bharat Electronics Limited (BEL) and Bharat Dynamics Limited (BDL) are key defense sector players mentioned alongside HAL.","Sources: external, image, text
- Defence Acquisition Council meeting led to a decline in Hindustan Aeronautics Limited (HAL) stock value.
- Access Limited is set to discuss proposals worth approximately ₹800 crore, indicating potential strategic financial developments for HAL.
- Key defense sector players mentioned alongside HAL include Bharat Electronics Limited (BEL) and Bharat Dynamics Limited (BDL).
- Upcoming Defence Acquisition Council meeting for Access Limited involves discussions on proposals worth approximately ₹800 crore, suggesting significant financial or strategic decisions.
- Recent market activities have brought focus to defence stocks such as BEL, BDL, and Astra Microwave, impacting stock prices in the sector.",Relevant,HIGH,"The content mentions HAL as one of the defense stocks that declined post a Defence Acquisition Council meet, indicating its relevance to market movements and industry developments.",HAL is mentioned as one of the defense stocks that declined post a Defence Acquisition Council meeting.,A prominent Indian public sector enterprise known for its role in electronics; Access; Access Limited; BDL; BEL; Bharat Dynamics; Bharat Dynamics Limited; Bharat Electronics; Bharat Electronics Limited; Cyient DLM; Data Patterns; Defence; HAL; Indian; LIC; Patterns; Several defence; Share; The article highlights an upcoming meeting for Access Limited; This indicates significant; This indicates significant financial developments or strategic decisions that could impact the company; an upcoming meeting for Access; decisions that could impact the; defense; developments in defense; financial proposals for Access; focusing on missile systems and related technologies; investor interest in this; others decline post Defence; related; share; suggesting recent market activity or developments affecting investor interest in this company; the article covers significant; the article covers significant financial proposals for Access Limited,Decline in defense stocks following a meeting by the Defence Acquisition Council.,text; image; external,,"The decline affects multiple companies within the defense sector, including HAL, Cyient DLM, BDL, among others, due to decisions or announcements made during the council meet.",,BEL (Bharat Electronics Limited); BDL (Bharat Dynamics Limited); Astra Microwave; Data Patterns; Spotify,https://pbs.twimg.com/card_img/2003759910451138560/zwjO5c8e?format=jpg&name=orig,,https://t.co/NqW7i8USmx,1953,2025-12-29T09:20:34,@CNBCTV18Live
Hindustan Aeronautics Ltd,https://x.com/CNBCTV18Live/status/2005468177841692797,"RELEVANT (MEDIUM confidence)
Sources: text, image, external
- Upcoming DAC meeting for Access Limited to discuss proposals worth approximately ₹800 crore, indicating potential financial developments or strategic decisions.
- Defence stocks such as Bharat Electronics Limited (BEL), Bharat Dynamics Limited (BDL), and Astra Microwave are in focus due to recent market activities or announcements impacting stock prices.
- Data Patterns' share price is under discussion, suggesting recent developments affecting its valuation or investor interest.","Sources: external, image, text
- Defence Acquisition Council meeting led to a decline in Hindustan Aeronautics Limited (HAL) stock value.
- Access Limited is set to discuss proposals worth approximately ₹800 crore, indicating potential strategic financial developments for HAL.
- Key defense sector players mentioned alongside HAL include Bharat Electronics Limited (BEL) and Bharat Dynamics Limited (BDL).
- Upcoming Defence Acquisition Council meeting for Access Limited involves discussions on proposals worth approximately ₹800 crore, suggesting significant financial or strategic decisions.
- Recent market activities have brought focus to defence stocks such as BEL, BDL, and Astra Microwave, impacting stock prices in the sector.",Relevant,MEDIUM,"The content mentions HAL as one of the defence stocks in focus ahead of a Defence Acquisition Council (DAC) meeting, indicating potential strategic developments or announcements that could impact HAL.",HAL is highlighted among other defence stocks in anticipation of the DAC meeting.; No specific financial metrics or strategic initiatives for HAL are detailed.,Access; Access Limited; Astra Microwave; BDL (Bharat Dynamics Limited); BEL; BEL (Bharat Electronics Limited); Bharat Dynamics; Bharat Dynamics Limited; Bharat Electronics; Bharat Electronics Limited; Data Patterns; Defence; HAL; Patterns; Share; The article highlights an upcoming DAC meeting for Access Limited; There is mention of several defence; This indicates significant; This indicates significant financial developments or strategic decisions within the company; a company; a company whose; defence; developments in defence; is mention of several defence; news related to Access; others in focus on Monday ahead of Defence; share; stock; strategic decisions within the; that could impact their; the article covers significant; the article covers significant financial news related to Access Limited; their; upcoming DAC meeting for Access; whose,Focus on defence stocks including HAL ahead of a DAC meeting.,text; image; external,,"The DAC meeting is likely to affect multiple defence companies mentioned, as it involves discussions and decisions impacting the sector.",[Leave blank],"The DAC meeting is a significant event for defence companies, potentially affecting their strategic directions and market positions.","https://pbs.twimg.com/card_img/2003759910451138560/zwjO5c8e?format=jpg&name=orig,https://pbs.twimg.com/card_img/2003759910451138560/zwjO5c8e?format=jpg&name=orig,https://pbs.twimg.com/card_img/2003759910451138560/zwjO5c8e?format=jpg&name=orig",,https://t.co/NqW7i8USmx,1702,2025-12-29T02:37:28,@CNBCTV18Live
Eternal Ltd,https://x.com/CNBCTV18Live/status/2005848876163441024,"RELEVANT (HIGH confidence)
Sources: text, image
- Eternal's share price is currently at 279.50, down by 3.35 from the previous close.
- The stock has experienced a decline of 1.18% as of 09:15 due to news of Blinkit CFO resignation.
- Today's trading range for Eternal shares shows a high of 283 and a low of 279.
- A downward trend in share price is evident from the line graph depicting recent price movements.
- The market reaction indicates potential investor concern over leadership changes at Blinkit.","Sources: image, text
- Eternal's share price is currently at 279.50, down by 3.35 from the previous close.
- The stock has declined by 1.18% as of 09:15 due to news of Blinkit CFO resignation.
- Today's trading range for Eternal shares shows a high of 283 and a low of 279.
- Recent price movements indicate a downward trend in share price.
- Market reaction suggests investor concern over leadership changes at Blinkit.",Relevant,HIGH,"The content directly mentions ETERNAL's stock price movement and provides visual representation of its performance, which aligns with the criteria for relevance.",Ticker Symbol for ETERNAL is mentioned.; Price at 279.50 with a change of -3.35 and percentage change of -1.18%.; Time of the data provided is 09:15.; Graph shows a downward trend in Eternal's stock price.,BEL; Blinkit; ETERNAL; Eternal; ZOMATO; axis,Stock price decline of Eternal shares due to news about Blinkit CFO resignation.,text; image,[Leave blank]; [Leave blank]; [Leave blank]; [Leave blank]; Today's High: 283; Today's Low: 279; [Leave blank],"The resignation of Blinkit's CFO has impacted Eternal's share prices, indicating a multi-company effect where events in one company affect another.",[Leave blank],The resignation of Blinkit CFO is a strategic event affecting Eternal's stock price.,https://pbs.twimg.com/media/G9Y0pZoa8AAI0uZ?format=png&name=orig,,,615,2025-12-30T03:50:13,@CNBCTV18Live
Minda Corporation Ltd,https://x.com/CNBCTV18Live/status/2005845273960980667,"RELEVANT (HIGH confidence)
Sources: text, image
- MINDACORP Board meeting cancelled due to unavoidable circumstances  
- No financial figures, percentages, dates, metrics provided in the announcement  
- No business developments, targets, partnerships, or growth plans mentioned  
- Image contains only visible text ""MINDA"" with no additional strategic information  
- Announcement lacks specific details on company strategy or future plans  

(Note: The content does not provide any detailed strategic information as per the requirements.)","Sources: image, text
- MINDACORP Board meeting cancelled due to unavoidable circumstances  
- Announcement lacks financial figures, percentages, dates, metrics  
- No business developments or growth plans mentioned  
- No targets or partnerships discussed in the announcement  
- Image contains only visible text ""MINDA"" with no strategic information  
- Company strategy and future plans not detailed in the announcement  

(Note: The content does not provide any specific strategic information as per the requirements.)",Relevant,HIGH,"The content explicitly mentions MINDACORP with a specific event related to its board meeting being cancelled, which is directly relevant to the company's management and corporate actions.","The MINDACORP board meeting scheduled for today has been cancelled due to unavoidable circumstances.; No specific financial metrics, strategic targets, or management commentary are provided regarding the cancellation.",MINDA (as visible text in image content); MINDA There are no; MINDA There are no financial; MINDACORP; MindaCorp,Cancellation of MINDACORP Board Meeting,text; image,,None identified in this context.,None applicable.,"The cancellation of the board meeting is a significant corporate action, but no further details are provided in this content.; No additional companies beyond MINDACORP and its visible reference ""MINDA"" are mentioned or implicated in any multi-company context within this specific announcement.",https://pbs.twimg.com/media/G9YxpHaaYAELnf3?format=png&name=orig,,,299,2025-12-30T03:35:54,@CNBCTV18Live
Titan Company Ltd,https://x.com/CNBCTV18Live/status/2005824773096632564,"RELEVANT (HIGH confidence)
Sources: text, image
- Morgan Stanley has an ""Overweight"" rating on Titan stock.
- Current Market Price (CMP) of Titan is ₹3,983.70 per share.
- Target price for Titan set at ₹4,062 per share by Morgan Stanley.
- Tanishq launched a Diamonds Expertise Centre in its first store in Mumbai.
- The initiative includes machines like SynthDetect for diamond evaluation via a four-step process.
- Gradual rollout of the Diamonds Expertise Centre planned across Tanishq's store network.
- Expected to strengthen the Tanishq brand through enhanced customer experience and service.","Sources: image, text
- Morgan Stanley has an ""Overweight"" rating on Titan stock, indicating a positive outlook.
- Current Market Price (CMP) of Titan is ₹3,983.70 per share; target price set at ₹4,062 by Morgan Stanley.
- Tanishq launched a Diamonds Expertise Centre in Mumbai with SynthDetect machines for diamond evaluation.
- Gradual rollout of the Diamonds Expertise Centre planned across Tanishq's store network to enhance customer experience.
- Titan plans to launch its first lab-grown diamond store in Mumbai, followed by a second in Delhi within a month.
- Titan has been studying consumer trends and market potential for lab-grown diamonds over two years.
- The ""beYon"" brand was launched approximately 12–18 months ago for lab-grown diamond jewelry.
- Titan acknowledges the growing demand for both natural and lab-grown diamonds, with natural diamond jewelry growing at double-digit rates.",Relevant,HIGH,"The content includes specific financial metrics related to TITAN, such as the current market price (CMP) and target price set by Morgan Stanley, along with an analyst rating (""Maintain Overweight""). This directly pertains to TITAN's stock performance.","Morgan Stanley has an ""Overweight"" rating on TITAN with a target price of ₹4,062.; Current Market Price (CMP) for TITAN is ₹3,983.70.",BEL; TITAN; Tanishq; Tanishq Launched Tanishq Diamonds; TanishqDiamonds; Target; The image appears to be a; The image appears to be a financial; The text on the right side seems to be related to a diamond retail company; and its associated; associated; be related to a diamond retail; discussing the stock of a; discussing the stock of a company; likely from a; stock; target,"Financial analysis of TITAN's stock, including CMP, target price, and analyst rating. Additionally, it mentions a business development related to Tanishq, which is part of the TITAN group.",text; image,"Target price for TITAN set at ₹4,062 by Morgan Stanley.; CMP of TITAN is ₹3,983.70.","The content discusses both TITAN and its subsidiary Tanishq, highlighting a strategic initiative by Tanishq that could impact TITAN's brand strength.",[Leave blank],"Tanishq launched a ""Tanishq Diamonds Expertise Centre"" in its first store in Mumbai, which will be gradually expanded across the network to strengthen the brand.",https://pbs.twimg.com/media/G9Yeq_1aMAAkn-7?format=jpg&name=orig,,,1202,2025-12-30T02:14:26,@CNBCTV18Live
Titan Company Ltd,https://x.com/CNBCTV18Live/status/2005480039081767114,"RELEVANT (HIGH confidence)
Sources: text, image
- Titan plans to launch its first lab-grown diamond store in Mumbai, followed by a second store in Delhi within a month.
- The company has been actively studying consumer trends and the market for lab-grown diamonds over the past two years.
- Titan identifies an emerging need among consumers for affordable lab-grown diamonds alongside natural diamonds.
- Natural diamond jewelry continues to grow for Titan's brands at healthy double-digit rates.
- Titan acknowledges that both natural and lab-grown diamonds have a place in the Indian market.","Sources: image, text
- Morgan Stanley has an ""Overweight"" rating on Titan stock, indicating a positive outlook.
- Current Market Price (CMP) of Titan is ₹3,983.70 per share; target price set at ₹4,062 by Morgan Stanley.
- Tanishq launched a Diamonds Expertise Centre in Mumbai with SynthDetect machines for diamond evaluation.
- Gradual rollout of the Diamonds Expertise Centre planned across Tanishq's store network to enhance customer experience.
- Titan plans to launch its first lab-grown diamond store in Mumbai, followed by a second in Delhi within a month.
- Titan has been studying consumer trends and market potential for lab-grown diamonds over two years.
- The ""beYon"" brand was launched approximately 12–18 months ago for lab-grown diamond jewelry.
- Titan acknowledges the growing demand for both natural and lab-grown diamonds, with natural diamond jewelry growing at double-digit rates.",Relevant,HIGH,"The content discusses Titan's strategic business development related to the launch of lab-grown diamond stores, which is a significant operational update and market expansion initiative.",Titan is launching its first lab-grown diamond store in Mumbai today.; The second store will open in Delhi within a month.; Titan has been studying consumers' interest in lab-grown diamonds for the past two years.; There's an emerging need identified by Titan to offer affordable lab-grown diamonds.,CNBC TV18 (as the source of the news content); Expect to close this; Expect to close this financial; LT; Natural Diamond Jewellery; Seeing An Emerging Need To Buy Affordable Lab Grown Diamonds; TITAN; There Is A Place For Both Natural & Lab Grown Diamonds; grown Diamonds; grown diamonds,Launch of lab-grown diamond stores by Titan in India as part of its strategy to cater to both natural and lab-grown diamonds.,text; image,,"The content highlights an industry trend towards the inclusion of lab-grown diamonds alongside natural diamonds, which may impact multiple companies within the jewelry sector.",Ajoy Chawla from Titan discusses consumer studies on lab-grown diamonds over two years and identifies a growing demand for affordable options in India.,"Titan is expanding its product offerings to include lab-grown diamonds, indicating a strategic initiative to capture a new market segment.; The company's natural diamond jewelry continues to grow in double digits, suggesting strong performance in existing segments.","https://pbs.twimg.com/media/G9TksbcaUAAY7mN?format=jpg&name=orig,https://pbs.twimg.com/media/G9TksbcaUAAY7mN?format=jpg&name=orig,https://pbs.twimg.com/media/G9TksbcaUAAY7mN?format=jpg&name=orig",,,1323,2025-12-29T03:24:35,@CNBCTV18Live
Titan Company Ltd,https://x.com/CNBCTV18Live/status/2005455657324167465,"RELEVANT (HIGH confidence)
Sources: text, image
- Titan launched the ""beYon"" brand for lab-grown diamond jewellery approximately 12–18 months ago.
- Initially, management maintained a cautious stance on lab-grown diamonds (LGDs).
- Over the past year, Titan has become more open to the LGD segment.
- Current Market Price (CMP) of Titan is 3,994.
- Target price for Titan is set at 4,062.
- The move into LGDs is viewed as a strategic step in building multiple brands.","Sources: image, text
- Morgan Stanley has an ""Overweight"" rating on Titan stock, indicating a positive outlook.
- Current Market Price (CMP) of Titan is ₹3,983.70 per share; target price set at ₹4,062 by Morgan Stanley.
- Tanishq launched a Diamonds Expertise Centre in Mumbai with SynthDetect machines for diamond evaluation.
- Gradual rollout of the Diamonds Expertise Centre planned across Tanishq's store network to enhance customer experience.
- Titan plans to launch its first lab-grown diamond store in Mumbai, followed by a second in Delhi within a month.
- Titan has been studying consumer trends and market potential for lab-grown diamonds over two years.
- The ""beYon"" brand was launched approximately 12–18 months ago for lab-grown diamond jewelry.
- Titan acknowledges the growing demand for both natural and lab-grown diamonds, with natural diamond jewelry growing at double-digit rates.",Relevant,HIGH,"The content discusses Titan's strategic business development with the launch of its ""beYon"" brand for lab-grown diamond jewellery, which aligns with several criteria for relevance to TITAN.","Titan has launched its ""beYon"" brand focusing on lab-grown diamond jewellery.; The company was initially cautious about lab-grown diamonds but has become more open to this segment over the last 12 months.; Management considers this strategic move as being at the forefront of building multiple brands.",Grown Diamond Jewellery; LT; TITAN; grown diamond jewellery,Business strategy and product expansion in the lab-grown diamond segment by Titan.,text; image,,The content does not explicitly mention other companies but discusses industry trends relevant to Titan's strategic positioning.,Management views the move into lab-grown diamonds as a positive step for brand diversification.,"Titan's strategic initiative to enter the lab-grown diamond jewellery market with its ""beYon"" brand.; Management's forward-looking statement on building multiple brands and being at the forefront of industry trends.","https://pbs.twimg.com/media/G9TPLMhbEAIOVrk?format=png&name=orig,https://pbs.twimg.com/media/G9TPLMhbEAIOVrk?format=png&name=orig,https://pbs.twimg.com/media/G9TPLMhbEAIOVrk?format=png&name=orig",,,725,2025-12-29T01:47:42,@CNBCTV18Live
Kotak Mahindra Bank Ltd,https://x.com/CNBCTV18Live/status/2005817181767147785,"RELEVANT (HIGH confidence)
Sources: text, image, external
- Kotak Mahindra Bank announced a stock split, setting a record date for share division eligibility.
- The bank's stock split aims to increase shareholder accessibility by distributing additional shares.
- Morgan Stanley conducted an analysis on Spotify, highlighting its dual role as an audio streaming and podcast platform.
- Spotify is leveraging artificial intelligence (AI) to enhance user experience and drive growth potential.
- Market interest in Kotak Mahindra Bank's stock split could influence investor decisions and market perceptions.
- The strategic positioning of Spotify as a leader in both music and podcasting sectors suggests positive future prospects.","Sources: external, image, text
- Kotak Mahindra Bank announced a stock split to increase shareholder accessibility by distributing additional shares.
- The record date for share division eligibility has been set, determining which shareholders are eligible for the stock split.
- Market interest in Kotak Mahindra Bank's stock split could influence investor decisions and market perceptions.
- Spotify is leveraging artificial intelligence (AI) to enhance user experience and drive growth potential.
- Spotify positions itself as a leader in both music streaming and podcasting sectors, suggesting positive future prospects.",Relevant,HIGH,"The content explicitly mentions Kotak Mahindra Bank's stock split announcement, which is a corporate action directly related to KOTAKBANK. This aligns with the criteria for relevance as it involves a significant financial event affecting shareholders and market perception of the company.","Kotak Mahindra Bank has announced a stock split with details about the record date for share division.; The announcement is part of content from CNBC PRO, which provides global business and financial news.",Bank; Indian bank; KOTAKBANK; KOTAKBANK (Kotak Mahindra Bank); Kotak; Kotak Mahindra; Kotak Mahindra Bank; Kotak Mahindra Bank Stock Split; KotakMahindraBank; LIC; Mahindra; Morgan Stanley; Specifics about the fixed details of the stock split; Spotify; Stock Split; The article discusses Kotak Mahindra Bank; The image shows a signboard for Kotak Mahindra Bank; The text on the signboard; While specific; While specific financial; a positive outlook for the; a signboard for Kotak Mahindra; about the fixed details of the; additional; company by a prominent; discusses Kotak Mahindra; eligible to receive additional; fixes record date for; important global business and; indicating when; indicating when shareholders will be eligible to receive additional shares from the split; interest in both Kotak Mahindra; kotak; of a leading audio streaming; related to a major Indian; s stock actions and an analysis of a leading audio streaming company by a prominent financial; s stock split; s stock split announcement; such as the record date for; suggesting a positive outlook for the company; the article covers important business developments related to a major Indian bank; the article implies significant market interest in both Kotak Mahindra Bank; which provides important global business and financial,"The main topic revolves around Kotak Mahindra Bank's stock split announcement, including details about the record date for share division. Additionally, there is an analysis by Morgan Stanley on Spotify, focusing on its strategic positioning in the audio streaming industry.",text; image; external,,"The content discusses a corporate action (stock split) affecting KOTAKBANK and provides an analysis of Spotify's market position by Morgan Stanley, indicating potential investor interest and market implications for both companies.",,"Kotak Mahindra Bank's stock split is a strategic corporate action aimed at potentially increasing liquidity and making shares more accessible to investors.; Morgan Stanley's analysis of Spotify highlights its unique position as an audio streaming service and podcast platform, emphasizing growth potential through AI technology.",https://pbs.twimg.com/card_img/2005817175668580355/DzlEL7Ud?format=jpg&name=orig,,https://t.co/vkR0rfhmCw,2114,2025-12-30T01:44:17,@CNBCTV18Live
Reliance Industries Ltd,https://x.com/CNBCTV18Live/status/2005661230154039527,"RELEVANT (HIGH confidence)
Sources: text, image, external
- Reliance Industries refutes $30-billion underproduction claim, stating actual claim is $247 million.
- Access Industries clarifies the production issue, reducing alleged financial impact from $30 billion to $247 million.
- The clarification addresses allegations related to operational underproduction. 

(Note: The provided text primarily discusses Access Industries' response and does not contain additional strategic information specific to Reliance Industries beyond the refutation of the underproduction claim.)","Sources: external, image, text
- Reliance Industries refutes a $30-billion underproduction claim, stating the actual financial impact is $247 million.
- The Government of India's claim related to KG-D6 block production issues is approximately $247 million, as disclosed in Reliance's audited annual financial statements.
- Reliance Industries and BP have fully complied with all contractual and legal obligations regarding the KG-D6 block.
- Reliance General Insurance fined Rs 1 crore by IRDAI for regulatory violations.
- The penalty on Reliance General Insurance highlights compliance issues within India's insurance sector, potentially impacting investor confidence and company reputation.",Relevant,HIGH,"The content directly addresses a claim involving Reliance Industries regarding underproduction, providing specific financial figures related to the dispute.","Reliance Industries refutes an alleged $30-billion underproduction claim.; Clarification that the actual claim is $247 million, as stated by Reliance Industries.",Access Industries; BEL; RELIANCE; RIL; Reliance; Reliance Industries; Reliance Industries Limited; The financial; The primary focus is on Access Industries; The signboard is located in front of a modern building with glass; discusses several key points related to global business and financial; related to global business and; repeated below the; repeated below the company; repeated below the repeated; repeated below the repeated company; significant global business and; the article covers Access Industries; the logo of Reliance Industries; which is the logo of Reliance Industries Limited; which provides significant global business and financial,"Refutation of an alleged $30-billion underproduction claim by Reliance Industries, with clarification that the actual claim is $247 million.",text; image; external,[No specific revenue figures mentioned]; [No specific profit figures mentioned]; [No growth rates mentioned]; [No targets or timelines specified]; [No market metrics provided]; [No ratios or margins discussed],"Access Industries is involved in addressing similar claims about underproduction, indicating a broader industry context where such issues are relevant.",The content includes a statement from @jpullokaran regarding the refutation of the underproduction claim by Reliance Industries.,"Reliance Industries' strategic response to the underproduction claim, emphasizing a significant discrepancy between alleged and actual claims.",https://pbs.twimg.com/card_img/2003767237585592320/v6tKJin9?format=jpg&name=orig,,https://t.co/P4SjR6y0s6,2104,2025-12-29T15:24:35,@CNBCTV18Live
Reliance Industries Ltd,https://x.com/CNBCTV18Live/status/2005659700067766324,"RELEVANT (HIGH confidence)
Sources: text, image
- Reliance Industries refutes a report claiming India demands $30 billion from it and BP, labeling the report as factually incorrect.
- The actual claim by the Government of India related to the KG-D6 block is approximately $247 million.
- This amount has been consistently disclosed in Reliance's audited annual financial statements.
- Reliance Industries and BP have fully complied with all contractual and legal obligations.","Sources: external, image, text
- Reliance Industries refutes a $30-billion underproduction claim, stating the actual financial impact is $247 million.
- The Government of India's claim related to KG-D6 block production issues is approximately $247 million, as disclosed in Reliance's audited annual financial statements.
- Reliance Industries and BP have fully complied with all contractual and legal obligations regarding the KG-D6 block.
- Reliance General Insurance fined Rs 1 crore by IRDAI for regulatory violations.
- The penalty on Reliance General Insurance highlights compliance issues within India's insurance sector, potentially impacting investor confidence and company reputation.",Relevant,HIGH,"The content directly addresses a report concerning Reliance Industries, providing specific details about compliance with legal obligations and financial disclosures related to the KG-D6 block claim.","Reliance Industries and BP have fully complied with all contractual and legal obligations.; The actual claim by the Government of India related to the KG-D6 block is approximately $247 million, consistently disclosed in Reliance's audited financial statements.",BP; Billion Claim Against Reliance Industries; Billion From Reliance Industries; Is Factual; Is Factually; Is Factually Incorrect Publishing Such A Report Based On Unnamed & Unidentified Sources Is Inappropriate And Irresponsible Reliance Industries; RELIANCE; RIL; Reliance; Reliance Industries; s Audited Annual; s Audited Annual Financial,"Clarification of claims against Reliance Industries regarding a $30 billion figure, which is refuted by the company.",text; image,,The content involves BP as another party in relation to the same issue discussed for Reliance Industries.,[Leave blank],,https://pbs.twimg.com/media/G9WIqCnaEAAMeEo?format=png&name=orig,,,1100,2025-12-29T15:18:30,@CNBCTV18Live
Reliance Industries Ltd,https://x.com/CNBCTV18Live/status/2005508026716107130,"RELEVANT (HIGH confidence)
Sources: text, image, external
- Reliance General Insurance fined Rs 1 crore by IRDAI for regulatory violations.
- Penalty highlights compliance issues within the insurance sector in India.
- Regulatory scrutiny may impact investor confidence and company reputation.
- Financial metric: Rs 1 crore penalty imposed on Reliance General Insurance.
- No specific business developments, targets, partnerships, or growth plans mentioned related to this incident.","Sources: external, image, text
- Reliance Industries refutes a $30-billion underproduction claim, stating the actual financial impact is $247 million.
- The Government of India's claim related to KG-D6 block production issues is approximately $247 million, as disclosed in Reliance's audited annual financial statements.
- Reliance Industries and BP have fully complied with all contractual and legal obligations regarding the KG-D6 block.
- Reliance General Insurance fined Rs 1 crore by IRDAI for regulatory violations.
- The penalty on Reliance General Insurance highlights compliance issues within India's insurance sector, potentially impacting investor confidence and company reputation.",Relevant,HIGH,"The content discusses a regulatory penalty imposed on Reliance General Insurance by IRDAI, which is directly related to RELIANCE as it involves one of its subsidiaries. This falls under the category of regulatory approvals, licenses, compliance updates, or legal matters affecting RELIANCE.",Reliance General Insurance was fined Rs 1 crore by IRDAI for regulatory violations.; The penalty highlights compliance issues within the insurance sector in India.,"General; HUL; IRDAI (Insurance Regulatory and Development Authority of India); LIC; LT; RELIANCE; RELIANCE (via its subsidiary, Reliance General Insurance); RIL; Reliance; Reliance General; Reliance General Insurance; Spotify (mentioned in unrelated context); The URL suggests an article about Reliance General Insurance; The article discusses a significant development involving Reliance General Insurance; The regulatory body responsible for imposing the penalty on Reliance General Insurance; The specific; The specific financial; They highlight; This penalty highlights issues related to compliance within the insurance; This suggests that the broader news collection includes diverse topics beyond just the insurance; an article about Reliance; appears to be part of a broader collection of global business and financial; crore fine imposed on Reliance; crore fine imposed on Reliance General Insurance; development involving Reliance; diverse topics beyond just the; investor confidence and the; of global business and; penalty faced by Reliance; s reputation in the; s reputation in the insurance; such penalties can affect investor confidence and the company; the article primarily focuses on the regulatory penalty faced by Reliance General Insurance; the broader news collection; the penalty on Reliance General; to compliance within the; which has been penalized by the; which has been penalized by the Insurance",Regulatory penalty imposed on Reliance General Insurance by IRDAI for violations.,text; image; external,,"The content primarily focuses on Reliance General Insurance and IRDAI, with a brief mention of Spotify in unrelated context. No direct multi-company impact is discussed regarding the insurance sector or RELIANCE's broader operations.",,,"https://pbs.twimg.com/card_img/2004901181718736896/HteDuy5x?format=jpg&name=orig,https://pbs.twimg.com/card_img/2004901181718736896/HteDuy5x?format=jpg&name=orig",,https://t.co/0WmSKxmaCI,2255,2025-12-29T05:15:48,@CNBCTV18Live
Coforge Ltd,https://x.com/CNBCTV18Live/status/2005558419340902800,"RELEVANT (HIGH confidence)
Sources: text, image, external
- Coforge has entered into a deal with Encora, receiving positive evaluation from Wedbush analyst Moshe Katri.
- The deal aligns with current AI trends in the IT sector, enhancing strategic positioning for Coforge.
- Analyst preference remains with Tier 1 IT services companies due to their established advantage in AI integration.
- The merger or acquisition is seen as beneficial for leveraging AI capabilities within the IT industry.
- Encora's involvement suggests a focus on expanding AI-driven solutions and services.","Sources: external, image, text
- Coforge has entered into a $1.89 billion acquisition deal with Encora, involving a share swap and QIP/bridge loan to retire term loans.
- The transaction aims to create an AI-native engineering, cloud, and data services powerhouse, expanding Coforge's geographic presence.
- Encora contributes $600 million in revenue, representing 30% of Coforge's total revenue post-acquisition.
- Analysts maintain a ""Buy"" rating on Coforge with a target price of ₹2,250, despite concerns about integration risks and potential supply pressure on stock.
- The acquisition is valued at a P/S multiple of 4.6x, with Encora acquired at Rs 1,815 per share, an 8.5% premium over the current market price.
- Coforge's stock trades at a valuation of 26.7x FY28 earnings, reflecting a recent 10% correction due to acquisition anticipation.
- The deal aligns with AI trends in the IT sector, enhancing strategic positioning for Coforge and focusing on expanding AI-driven solutions.
- Analyst preference remains with Tier 1 IT services companies due to their established advantage in AI integration.",Relevant,HIGH,"The content discusses a strategic business development involving Coforge, specifically the deal with Encora and its implications for AI integration within the IT sector. This aligns with several criteria for relevance to COFORGE, including business developments and partnerships.","The deal between Coforge and Encora is seen as beneficial due to its alignment with AI trends in the IT sector.; Wedbush analyst Moshe Katri prefers Tier 1 IT services companies, suggesting a strategic advantage they hold over others like Coforge in AI integration.",COFORGE; Encora; IT services; Spotify; Spotify leverages AI technologies; This suggests that the merger or acquisition is seen as beneficial due to its alignment with current trends in artificial intelligence within the IT; discusses several significant business and financial; focusing on how AI is becoming a critical component for growth and competitiveness in various industries; positioning it; positive; significant business and,"Strategic business development related to AI integration in IT services, focusing on Coforge's deal with Encora.",text; image; external,,"The content highlights a strategic advantage of Tier 1 IT firms over companies like Coforge in the context of AI, indicating an industry-wide trend affecting multiple players.",Wedbush analyst Moshe Katri provides insights on the strategic implications of the Coforge-Encora deal and the competitive landscape for Tier 1 IT services companies.,"Coforge's deal with Encora is aligned with AI trends in the IT sector, indicating a strategic business development.; Tier 1 IT services companies are highlighted as having a strategic advantage in AI integration over other firms like Coforge.",https://pbs.twimg.com/card_img/2003329095091068928/fftxU_Fk?format=jpg&name=orig,,https://t.co/MWpeIYJs8i,1358,2025-12-29T08:36:03,@CNBCTV18Live
Coforge Ltd,https://x.com/CNBCTV18Live/status/2005520431365947702,"RELEVANT (MEDIUM confidence)
Sources: text, image, external
- Coforge has entered into a major acquisition deal, though specific details are not disclosed.
- Titans is implementing a strategy involving lab-grown diamonds to reduce market uncertainty.
- Morgan Stanley highlights Spotify's integration of AI technology as a key growth driver for the company.  
- The strategic moves by these companies suggest potential impacts on their respective market dynamics and investor interest.","Sources: external, image, text
- Coforge has entered into a $1.89 billion acquisition deal with Encora, involving a share swap and QIP/bridge loan to retire term loans.
- The transaction aims to create an AI-native engineering, cloud, and data services powerhouse, expanding Coforge's geographic presence.
- Encora contributes $600 million in revenue, representing 30% of Coforge's total revenue post-acquisition.
- Analysts maintain a ""Buy"" rating on Coforge with a target price of ₹2,250, despite concerns about integration risks and potential supply pressure on stock.
- The acquisition is valued at a P/S multiple of 4.6x, with Encora acquired at Rs 1,815 per share, an 8.5% premium over the current market price.
- Coforge's stock trades at a valuation of 26.7x FY28 earnings, reflecting a recent 10% correction due to acquisition anticipation.
- The deal aligns with AI trends in the IT sector, enhancing strategic positioning for Coforge and focusing on expanding AI-driven solutions.
- Analyst preference remains with Tier 1 IT services companies due to their established advantage in AI integration.",Relevant,MEDIUM,"The content mentions Coforge specifically in the context of a major acquisition deal with PL Capital, which is a strategic business development. This aligns with several criteria for relevance to COFORGE, such as corporate actions and business developments.",Coforge is involved in a major acquisition deal with PL Capital.; The context suggests this is a long-term strategic bet for Coforge.,COFORGE; LIC; LT; PL Capital; Specific; Specific financial; Spotify; TITAN; This suggests a positive outlook for the company; Titans; a positive outlook for the; but the focus on AI usage by Spotify suggests a strategic advantage that could influence its financial; focusing on; focusing on company; grown diamonds; significant global business and; that could influence its; which focuses on delivering significant global business and financial,"Strategic business moves involving lab-grown diamonds by Titans and AI integration by Spotify, alongside Coforge's acquisition deal.",text; image; external,,"The article discusses significant industry trends affecting multiple companies, including strategic advancements in technology and market strategies.",[Leave blank],Coforge's acquisition deal with PL Capital is a strategic business development.,https://pbs.twimg.com/card_img/2005520427066822656/zN-4iksk?format=jpg&name=orig,,https://t.co/5rt4CA1TJK,1902,2025-12-29T06:05:06,@CNBCTV18Live
Coforge Ltd,https://x.com/CNBCTV18Live/status/2005518946901114994,"RELEVANT (HIGH confidence)
Sources: text, image
- COFORGE stock price decreased from a day's high of 1656.10 to 1597.50, reflecting a drop of 58.60.
- The percentage change in stock price was -3.42% from the previous high.
- The stock experienced a decline of -1.03% during trading.
- CNBC reported the downward trend in COFORGE's stock performance.
- Financial chart indicates a negative movement with a red line representing the stock price decrease.
- No specific business developments, targets, partnerships, or growth plans mentioned in the content provided.","Sources: external, image, text
- Coforge has entered into a $1.89 billion acquisition deal with Encora, involving a share swap and QIP/bridge loan to retire term loans.
- The transaction aims to create an AI-native engineering, cloud, and data services powerhouse, expanding Coforge's geographic presence.
- Encora contributes $600 million in revenue, representing 30% of Coforge's total revenue post-acquisition.
- Analysts maintain a ""Buy"" rating on Coforge with a target price of ₹2,250, despite concerns about integration risks and potential supply pressure on stock.
- The acquisition is valued at a P/S multiple of 4.6x, with Encora acquired at Rs 1,815 per share, an 8.5% premium over the current market price.
- Coforge's stock trades at a valuation of 26.7x FY28 earnings, reflecting a recent 10% correction due to acquisition anticipation.
- The deal aligns with AI trends in the IT sector, enhancing strategic positioning for Coforge and focusing on expanding AI-driven solutions.
- Analyst preference remains with Tier 1 IT services companies due to their established advantage in AI integration.",Relevant,HIGH,"The content specifically mentions COFORGE's stock price movement and percentage changes, which are directly related to its financial performance as a publicly traded company.","The content indicates that COFORGE's stock price fell from 1656.10 to 1597.50, representing a -3.42% decrease.; Percentage change of -1.03% is noted in the context of the stock movement.",CNBC (as the source of information); COFORGE; No Company; The image appears to be a; The image appears to be a stock market ticker or a financial; The image does not contain any; The image does not contain any company; The red line represents the; and percentage change of a; appears to be a; possibly a; stock; stock market ticker or a; with the,Stock market update on COFORGE showing a decline in trade value.,text; image,"Stock price at 1656.10, with a decrease to 1597.50.; Percentage changes noted as -1.03% and -3.42%.",,,,https://pbs.twimg.com/media/G9UI1SIaIAIllqU?format=png&name=orig,,,951,2025-12-29T05:59:12,@CNBCTV18Live
Coforge Ltd,https://x.com/CNBCTV18Live/status/2005480765308694929,"RELEVANT (HIGH confidence)
Sources: text, image, external
- CoForge acquisition by Encora has led to skepticism among analysts regarding its potential success.
- Analysts have provided mixed recommendations: buy, sell, and hold for CoForge shares post-acquisition.
- Spotify is leveraging artificial intelligence to enhance growth potential in audio streaming and podcast services.
- Morgan Stanley highlights Spotify's unique combination of AI usage as a strategic advantage.
- CNBC PRO (U.S.) article discusses broader global business and financial news context related to these developments.","Sources: external, image, text
- Coforge has entered into a $1.89 billion acquisition deal with Encora, involving a share swap and QIP/bridge loan to retire term loans.
- The transaction aims to create an AI-native engineering, cloud, and data services powerhouse, expanding Coforge's geographic presence.
- Encora contributes $600 million in revenue, representing 30% of Coforge's total revenue post-acquisition.
- Analysts maintain a ""Buy"" rating on Coforge with a target price of ₹2,250, despite concerns about integration risks and potential supply pressure on stock.
- The acquisition is valued at a P/S multiple of 4.6x, with Encora acquired at Rs 1,815 per share, an 8.5% premium over the current market price.
- Coforge's stock trades at a valuation of 26.7x FY28 earnings, reflecting a recent 10% correction due to acquisition anticipation.
- The deal aligns with AI trends in the IT sector, enhancing strategic positioning for Coforge and focusing on expanding AI-driven solutions.
- Analyst preference remains with Tier 1 IT services companies due to their established advantage in AI integration.",Relevant,HIGH,"The content discusses the acquisition of CoForge by Encora, which directly involves CoForge and is a significant corporate action affecting its business strategy and market perception. Analyst skepticism about this acquisition further underscores its relevance to CoForge's financial outlook.","Acquisition of CoForge by Encora is a key business development.; Analysts are skeptical about the acquisition, indicating uncertainty in its impact on CoForge’s future performance.",COFORGE; Coforge; Encora; LIC; The article is part of a broader coverage of global business and financial; This indicates a mixed reaction from financial; This suggests that Spotify is leveraging artificial intelligence to enhance its services; analysis and debate about the; are; corporate actions on; coverage of global business and; discusses several key points related to recent business and financial; financial implications of these; indicates a mixed reaction from; market; related to recent business and; stock; suggesting that it; suggesting that it may; the discussion around analyst skepticism and market targets implies ongoing analysis and debate about the financial,Acquisition of CoForge by Encora and analyst reactions.,text; image; external,,"The acquisition impacts both CoForge and Encora, with analysts expressing mixed opinions on the strategic move. This reflects broader implications for market sentiment towards these companies.",Analysts express skepticism regarding the acquisition's potential success.,Acquisition of CoForge by Encora is a strategic corporate action.,"https://pbs.twimg.com/card_img/2003346693425946624/iSkEaDqb?format=jpg&name=orig,https://pbs.twimg.com/card_img/2003346693425946624/iSkEaDqb?format=jpg&name=orig,https://pbs.twimg.com/card_img/2003346693425946624/iSkEaDqb?format=jpg&name=orig",,https://t.co/TgASU7CHWa,1876,2025-12-29T03:27:29,@CNBCTV18Live
Coforge Ltd,https://x.com/CNBCTV18Live/status/2005454862520365276,"RELEVANT (HIGH confidence)
Sources: text, image
- Encora acquisition valued at $1.89 billion, includes a share swap and QIP/bridge loan to retire term loans.
- Transaction aims to create an AI-native engineering, cloud, and data services powerhouse.
- Expected to expand geographic presence for Coforge.
- Acquisition likely to close in four-six months, subject to approvals.
- Encora contributes $600 million in revenue, representing 30% of Coforge's total revenue.
- Nuvama maintains a ""Buy"" rating with a target price of ₹2,250 on Coforge stock.","Sources: external, image, text
- Coforge has entered into a $1.89 billion acquisition deal with Encora, involving a share swap and QIP/bridge loan to retire term loans.
- The transaction aims to create an AI-native engineering, cloud, and data services powerhouse, expanding Coforge's geographic presence.
- Encora contributes $600 million in revenue, representing 30% of Coforge's total revenue post-acquisition.
- Analysts maintain a ""Buy"" rating on Coforge with a target price of ₹2,250, despite concerns about integration risks and potential supply pressure on stock.
- The acquisition is valued at a P/S multiple of 4.6x, with Encora acquired at Rs 1,815 per share, an 8.5% premium over the current market price.
- Coforge's stock trades at a valuation of 26.7x FY28 earnings, reflecting a recent 10% correction due to acquisition anticipation.
- The deal aligns with AI trends in the IT sector, enhancing strategic positioning for Coforge and focusing on expanding AI-driven solutions.
- Analyst preference remains with Tier 1 IT services companies due to their established advantage in AI integration.",Relevant,HIGH,"The content contains specific financial metrics, strategic initiatives, and corporate actions related to COFORGE, including details about an acquisition by Encora that significantly impacts Coforge's business strategy.","The acquisition is described as Coforge’s biggest and boldest bet yet.; Encora has $600 million in revenue, which constitutes 30% of Coforge's total revenue.; The deal includes a share swap valued at $1.89 billion along with a QIP/Bridge Loan to retire its term loan.; Transaction is expected to close within four to six months subject to approvals.",COFORGE; Cloud And Data Services Services; Encora; Encora Deal Includes A; MAINTAIN; Native Engineering; The image appears to be a; The image appears to be a financial; cloud and data services; financial analysis or; likely from a; likely from a financial; native engineering,Acquisition of Coforge by Encora and its implications on Coforge’s growth and market presence.,text; image,"Encora's revenue: $600 million, which is 30% of Coforge’s total revenue.; [No specific profit figures mentioned]; [No specific growth rates mentioned]; Transaction expected to close in four-six months subject to approvals.; Target stock price for Coforge: 2,250 (from CMP of 1,674).; Current Market Price (CMP) for Coforge: 1,674; [No specific ratios or margins mentioned]","The acquisition involves both Coforge and Encora, with potential industry-wide impact due to the creation of a new AI-native engineering, cloud, and data services powerhouse.","Nuvama's analysis suggests maintaining a ""Buy"" rating on Coforge stock post-acquisition.","The acquisition is expected to create an AI-native engineering, cloud and data services powerhouse.; It could expand geographic presence and accelerate Coforge's growth.","https://pbs.twimg.com/media/G9TObUwbIAACB3N?format=png&name=orig,https://pbs.twimg.com/media/G9TObUwbIAACB3N?format=png&name=orig,https://pbs.twimg.com/media/G9TObUwbIAACB3N?format=png&name=orig",,,1133,2025-12-29T01:44:33,@CNBCTV18Live
Coforge Ltd,https://x.com/CNBCTV18Live/status/2005454225984336093,"RELEVANT (HIGH confidence)
Sources: text, image
- Coforge acquired Encora at a P/S multiple of 4.6x, despite Encora's organic growth rate of only 7–8% compared to Coforge’s mid-teens target.
- The acquisition price for Encora was Rs 1,815 per share, representing an 8.5% premium over the current market price (CMP) of 1,674.
- Post-acquisition, Coforge's stock trades at a valuation of 26.7x FY28 earnings, reflecting a recent 10% correction due to fund raise and acquisition anticipation.
- Analysts maintain a ""BUY"" rating on Coforge with a target price set at 1,800, indicating potential upside from the current market conditions.
- Concerns include integration risks associated with large acquisitions and the absence of meaningful lock-in for incoming private equity, which could increase supply pressure on Coforge's stock.","Sources: external, image, text
- Coforge has entered into a $1.89 billion acquisition deal with Encora, involving a share swap and QIP/bridge loan to retire term loans.
- The transaction aims to create an AI-native engineering, cloud, and data services powerhouse, expanding Coforge's geographic presence.
- Encora contributes $600 million in revenue, representing 30% of Coforge's total revenue post-acquisition.
- Analysts maintain a ""Buy"" rating on Coforge with a target price of ₹2,250, despite concerns about integration risks and potential supply pressure on stock.
- The acquisition is valued at a P/S multiple of 4.6x, with Encora acquired at Rs 1,815 per share, an 8.5% premium over the current market price.
- Coforge's stock trades at a valuation of 26.7x FY28 earnings, reflecting a recent 10% correction due to acquisition anticipation.
- The deal aligns with AI trends in the IT sector, enhancing strategic positioning for Coforge and focusing on expanding AI-driven solutions.
- Analyst preference remains with Tier 1 IT services companies due to their established advantage in AI integration.",Relevant,HIGH,"The content contains specific financial metrics, strategic initiatives, and stock performance details related to COFORGE, including its acquisition of Encora.","COFORGE has acquired Encora.; Concerns about P/S multiple of 4.6x for a business delivering only 7–8% organic growth compared to COFORGE's mid-teens growth.; Stock trades at 26.7x FY28, offering some valuation comfort after correcting 10% over the last three days.; Target price set at Rs 1,800 with CMP: 1,674 and an 8.5% premium offered for Encora acquisition.",COFORGE; Considering; Considering Fund; DAM CAP CAP ON CO; Encora; In For; It also mentions the; LT; PE Could Put Supply Pressure On; The image discusses a; The image discusses a financial; in for incoming private; organic growth vs co; private; see multiple concerns with the transaction Co,"Financial analysis and strategic update on Coforge's recent acquisition of Encora, discussing valuation concerns and market impact.",text; image,"No specific revenue figures mentioned directly in the content.; No specific profit figures mentioned directly in the content.; 7–8% organic growth for Encora.; Mid-teens growth rate for COFORGE (implied).; Target price: Rs 1,800; FY28 trading multiple: 26.7x; CMP: 1,674; P/S Multiple of 4.6x; No specific ratios or margins mentioned directly in the content.","The acquisition of Encora by Coforge is the primary multi-company interaction mentioned, with potential implications for stock supply pressure due to PE involvement.",,Acquisition of Encora by COFORGE.; Potential integration risks and supply pressure on stock due to PE involvement.; Fund raise and acquisition anticipation affecting stock performance.,"https://pbs.twimg.com/media/G9TN2Dra8AAdB32?format=png&name=orig,https://pbs.twimg.com/media/G9TN2Dra8AAdB32?format=png&name=orig,https://pbs.twimg.com/media/G9TN2Dra8AAdB32?format=png&name=orig",,,1617,2025-12-29T01:42:01,@CNBCTV18Live
Coforge Ltd,https://x.com/CNBCTV18Live/status/2005437244103176610,"RELEVANT (HIGH confidence)
Sources: text, image, external
- COFORGE has entered into a significant partnership with Encora, symbolized by a handshake in the accompanying image.
- The deal is described as ""big"" and ""bold,"" indicating substantial strategic importance for both companies.
- Analysts from COFORGE have decoded this major agreement, suggesting it involves complex terms or conditions (""conditions apply"").
- Initials ""C"" (COFORGE) and ""E"" (Encora) are prominently displayed on the individuals' shirts in the image, reinforcing the partnership's significance.
- The deal is potentially one of the largest by value according to analysts, highlighting its financial impact.
- Specific conditions apply for buy or sell recommendations related to this acquisition, indicating nuanced market implications.","Sources: external, image, text
- Coforge has entered into a $1.89 billion acquisition deal with Encora, involving a share swap and QIP/bridge loan to retire term loans.
- The transaction aims to create an AI-native engineering, cloud, and data services powerhouse, expanding Coforge's geographic presence.
- Encora contributes $600 million in revenue, representing 30% of Coforge's total revenue post-acquisition.
- Analysts maintain a ""Buy"" rating on Coforge with a target price of ₹2,250, despite concerns about integration risks and potential supply pressure on stock.
- The acquisition is valued at a P/S multiple of 4.6x, with Encora acquired at Rs 1,815 per share, an 8.5% premium over the current market price.
- Coforge's stock trades at a valuation of 26.7x FY28 earnings, reflecting a recent 10% correction due to acquisition anticipation.
- The deal aligns with AI trends in the IT sector, enhancing strategic positioning for Coforge and focusing on expanding AI-driven solutions.
- Analyst preference remains with Tier 1 IT services companies due to their established advantage in AI integration.",Relevant,HIGH,"The content explicitly mentions COFORGE as part of a significant business deal with Encora, indicating strategic developments and partnerships involving the company.","Coforge analysts decode the company's significant partnership or acquisition involving Encora.; The handshake in the image symbolizes a partnership or agreement between COFORGE and Encora, indicating strategic collaboration.",A major; A major financial services; COFORGE; CoForge; Coforge analysts decode the; Coforge analysts decode the company; LIC; LT; The article likely includes; The article likely includes financial; This summary encapsulates the key points related to financial; be discussions about CoForge; encora; or analysts looking at the; share; significant global business and; the key points related to; which focuses on delivering significant global business and financial; which might interest investors or analysts looking at the company,"Analysis of a major partnership or acquisition deal between COFORGE and Encora, highlighting its significance in the market.",text; image; external,,"The deal involves both COFORGE and Encora, suggesting a collaborative effort that could impact their respective business strategies and market positions.",Analysts from CoForge have decoded the company's big and 'bold' deal with Encora.,"Coforge is involved in a significant partnership or acquisition with Encora, which analysts describe as a 'big and bold' deal.","https://pbs.twimg.com/card_img/2005437244375695360/au-w4qgi?format=jpg&name=orig,https://pbs.twimg.com/card_img/2005437244375695360/au-w4qgi?format=jpg&name=orig,https://pbs.twimg.com/card_img/2005437244375695360/au-w4qgi?format=jpg&name=orig",,https://t.co/RuLwErVGIg,2350,2025-12-29T00:34:32,@CNBCTV18Live
Stylam Industries Ltd,https://x.com/CNBCTV18Live/status/2005456301892174136,"RELEVANT (HIGH confidence)
Sources: text, image
- Promoter Group sells 40% stake at Rs 2,250/share in two phases plus an open offer.
- AICA Kogyo deal resolves governance gridlock; introduces a globally recognized strategic partner.
- AICA Kogyo brings deep expertise, strong brand equity, and operational synergies to Stylamind.
- Partnership aims to strengthen Stylamind's domestic leadership and accelerate export growth.
- Improved governance and strategic clarity may lead to potential valuation re-rating for Stylamind.
- Current Market Price (CMP) is 2,250; target price set at 2,300.","Sources: image, text
- Promoter Group sells 40% stake at Rs 2,250/share in two phases plus an open offer.
- AICA Kogyo deal resolves governance gridlock; introduces a globally recognized strategic partner.
- AICA Kogyo brings deep expertise, strong brand equity, and operational synergies to Stylamind.
- Partnership aims to strengthen Stylamind's domestic leadership and accelerate export growth.
- Improved governance and strategic clarity may lead to potential valuation re-rating for Stylamind.
- Current Market Price (CMP) is Rs 2,250; target price set at Rs 2,300.",Relevant,HIGH,"The content discusses a strategic partnership involving Stylamind with AICA Kogyo and mentions specific financial metrics related to the sale of shares by the Promoter Group at Rs 2,250/share. It also highlights governance improvements and potential valuation re-rating for Stylamind.","Promoter Group's 40% Stake Sale at Rs 2,250/share; Improved governance and strategic clarity set the stage for a potential valuation re-rating; AICA Kogyo brings deep expertise, strong brand equity, and operational synergies",AICA Kogyo; Brand; Investec; Promoter; Promoter Group; STYLAMIND; Strong Brand,"Strategic partnership between Stylamind and AICA Kogyo, including share sale details and governance improvements.",text; image,"CMP (Current Market Price): 2,250; Target Price: 2,300","The content discusses a strategic partnership that involves both Stylamind and AICA Kogyo, indicating a multi-company impact through improved governance and potential valuation re-rating for Stylamind.",,AICA Kogyo deal resolves a longstanding governance gridlock and ushers in a globally recognized strategic partner.; The partnership can strengthen Stylamind's domestic leadership and accelerate export growth.,"https://pbs.twimg.com/media/G9TPvJXaYAAlFg5?format=png&name=orig,https://pbs.twimg.com/media/G9TPvJXaYAAlFg5?format=png&name=orig,https://pbs.twimg.com/media/G9TPvJXaYAAlFg5?format=png&name=orig",,,814,2025-12-29T01:50:16,@CNBCTV18Live
Nestle India Ltd,https://x.com/ETNOWlive/status/2005871725192577171,"RELEVANT (MEDIUM confidence)
Sources: text, image
- Manish Tiwary of Nestle India reports a rise in consumer confidence following tax cuts, GST reforms, and stabilization of coffee and chocolate inflation.
- Nestle India is observing changing business trends due to recent economic policy changes.
- The company is focusing on adapting its strategies in response to the stabilized inflation rates for key products like coffee and chocolate.","Sources: external, image, text, video
- Rise in consumer confidence attributed to tax cuts, GST reforms, and stabilized coffee and chocolate inflation.
- Nestlé India adapting strategies due to economic policy changes impacting business trends.
- Focus on expanding market reach for Maggi in rural India, highlighting deep consumer aspiration.
- Acceleration of premiumisation strategies through quick commerce initiatives.
- Utilization of technology to mitigate inflationary pressures within strategic plans.
- Anticipation of double-digit value growth in the FMCG sector.
- Observed high single-digit to double-digit volume growth across 485 businesses.
- Sector growth expected to be driven by volumes, with stable pricing trends unless raw material costs rise.",Relevant,MEDIUM,"The content mentions Nestle India (""NESTLEIND"") directly through an interview with Manish Tiwary, discussing consumer confidence and business trends post-tax cut, GST reforms, and stabilization of coffee and chocolate inflation. This indicates a focus on NESTLEIND's strategic insights and market conditions affecting its operations.",Nestle India is experiencing a rise in consumer confidence.; Business trends are being influenced by recent economic policy changes such as tax cuts and GST reforms.; Stabilization of coffee and chocolate inflation is noted as significant for the company's operations.,ETNOW (as the platform hosting the interview); NESTLEIND; Nestle; There is a rise in consumer; with a futuristic design and,The main topic is an exclusive interview with Nestle India discussing changes in consumer behavior and business trends following economic policy changes.,text; image,,"The discussion includes broader industry impacts such as GST reforms and inflation stabilization, which affect multiple companies within the FMCG sector, including NESTLEIND.","Manish Tiwary discusses rising consumer confidence and decodes changing business trends due to tax cuts, GST reforms, and stabilization of coffee and chocolate inflation.",Nestle India is focusing on adapting to changing business trends due to economic policy changes.; The company is monitoring consumer confidence and inflation stabilization in key product categories like coffee and chocolate.,https://pbs.twimg.com/media/G9ZJqjwaYAEqzmn?format=jpg&name=orig,,,688,2025-12-30T05:21:01,@ETNOWlive
Nestle India Ltd,https://x.com/ETNOWlive/status/2005635909182706086,"RELEVANT (HIGH confidence)
Sources: text, image, external
- Nestlé India CMD Manish Tiwary highlights the deep aspiration for Maggi in rural India, indicating a focus on expanding market reach in these areas.
- Quick commerce is accelerating premiumisation strategies within Nestlé India's business model.
- Nestlé India utilizes technology to combat inflationary pressures, as indicated by their strategic initiatives.","Sources: external, image, text, video
- Rise in consumer confidence attributed to tax cuts, GST reforms, and stabilized coffee and chocolate inflation.
- Nestlé India adapting strategies due to economic policy changes impacting business trends.
- Focus on expanding market reach for Maggi in rural India, highlighting deep consumer aspiration.
- Acceleration of premiumisation strategies through quick commerce initiatives.
- Utilization of technology to mitigate inflationary pressures within strategic plans.
- Anticipation of double-digit value growth in the FMCG sector.
- Observed high single-digit to double-digit volume growth across 485 businesses.
- Sector growth expected to be driven by volumes, with stable pricing trends unless raw material costs rise.",Relevant,HIGH,"The content explicitly mentions Nestlé India (NESTLEIND) through the interview with its CMD Manish Tiwary, discussing business strategies and market initiatives.",Nestlé India CMD Manish Tiwary discusses business strategies related to Maggi and quick commerce.; Focus on rural market penetration and premium product offerings through technological advancements.,A man in a suit; A new; ETNOW.IN; HUL; Honda; Hyundai; Hyundai Motor; INFY; Indian; Infosys; LIC; LT; NESTLEIND; TCS; Tenneco; Tesla; Tesla has expanded its charging infrastructure; The Insurance; The company; USES TECH; a US auto; and financial; government policies affecting various industries; is restructuring its Indian unit; metal; opportunity in IT and metal; possibly representing a; possibly representing a company; raising FDI in the; raising FDI in the insurance; term opportunity in IT,Business strategy and market initiatives of Nestlé India in rural markets and premiumisation via quick commerce.,text; image; external,,"The article discusses various companies across different sectors, indicating broader industry trends that may impact Nestlé India indirectly.",Manish Tiwary highlights the focus on Maggi's aspirations in rural India and leveraging technology for premiumisation.,"Nestlé India's strategy to penetrate rural markets and enhance premiumisation through technology.; Tesla, Honda, Hyundai Motor, Infosys, TCS, Tenneco mentioned in the context of their respective industry developments.",https://pbs.twimg.com/card_img/2005635611764637697/YWgKQ6jj?format=jpg&name=orig,,https://t.co/KttwiuV9rB,3255,2025-12-29T13:43:58,@ETNOWlive
Nestle India Ltd,https://x.com/ETNOWlive/status/2005486986472423787,"RELEVANT (MEDIUM confidence)
Sources: text, image, video
- Nestlé India anticipates double-digit value growth in the FMCG sector.
- High single-digit to double-digit volume growth observed across 485 businesses.
- Sector growth expected to be driven by volumes rather than value for upcoming quarters.
- Pricing trends predicted to remain stable unless raw material prices increase.
- Focus on maintaining robust sales or production increases despite potential input cost changes.","Sources: external, image, text, video
- Rise in consumer confidence attributed to tax cuts, GST reforms, and stabilized coffee and chocolate inflation.
- Nestlé India adapting strategies due to economic policy changes impacting business trends.
- Focus on expanding market reach for Maggi in rural India, highlighting deep consumer aspiration.
- Acceleration of premiumisation strategies through quick commerce initiatives.
- Utilization of technology to mitigate inflationary pressures within strategic plans.
- Anticipation of double-digit value growth in the FMCG sector.
- Observed high single-digit to double-digit volume growth across 485 businesses.
- Sector growth expected to be driven by volumes, with stable pricing trends unless raw material costs rise.",Relevant,MEDIUM,"The content mentions Nestlé India (NESTLEIND) directly through its Chairman & MD Manish Tiwary's interview discussing the FMCG sector outlook. This aligns with several criteria for relevance, including business updates and strategic insights specific to NESTLEIND.","Nestlé India's Chairman & MD Manish Tiwary provided insights on the FMCG sector.; Discussion of double-digit value growth and high single or double-digit volume growth across 485 businesses in the sector.; Anticipation that future growth will be driven by volumes due to stable pricing, unless raw material prices rise.",Double Digit; Double digit; ET NOW (as the media outlet conducting the interview); LT; NESTLEIND; No financial; Single Digit; The presentation might; digit; double digit; increase in; indicating a significant; indicating a significant increase in financial; material; or company; please provide it; robust sales or production; sajeetkm on what lies ahead for the FMCG; the presentation likely; though specific; though specific company; unless raw material prices; very high single digit or double digit,Interview with Nestlé India’s leadership on FMCG sector outlook and company-specific insights.,text; image; video,"No specific revenue figures mentioned for NESTLEIND.; No specific profit figures mentioned for NESTLEIND.; Double-digit value growth in Nestlé India's sector.; High single or double-digit volume growth across 485 businesses.; No explicit targets or timelines provided, but future growth expectations are discussed.; General market trends in the FMCG sector are implied through discussion of growth rates and pricing stability.; No specific ratios or margins mentioned for NESTLEIND.","The discussion involves general trends in the FMCG sector which could impact multiple companies within this industry, though no specific competitors or partners are named.",Key insights include anticipated growth driven by volumes rather than value due to stable pricing unless raw material prices increase.,"Strategic focus on volume-driven growth due to stable pricing, unless raw material costs increase.","https://pbs.twimg.com/amplify_video_thumb/2005472092255580160/img/MUWnR3Xl8P6JNgjY.jpg,https://pbs.twimg.com/amplify_video_thumb/2005472092255580160/img/MUWnR3Xl8P6JNgjY.jpg","https://twitter.com/i/videos/2005486986472423787,https://twitter.com/i/videos/2005486986472423787",,3472,2025-12-29T03:52:12,@ETNOWlive
Dr. Reddy's Laboratories Ltd,https://x.com/ETNOWlive/status/2005867074288058485,"RELEVANT (HIGH confidence)
Sources: text, image, video
- U.S. FDA issued Form 483 to Dr. Reddy's Laboratories for compliance issues at the Srikakulam plant.
- Five observations noted: failure in OOS investigations, inadequate cleaning/maintenance procedures, non-conforming testing practices, and lack of adherence to written sampling procedures.
- The inspection highlights potential regulatory challenges impacting operational processes at the facility.
- No specific financial metrics or growth plans were disclosed related to this compliance issue.
- Business development focus may shift towards addressing these compliance gaps to maintain regulatory standing.","Sources: image, text, video
- U.S. FDA issued Form 483 to Dr. Reddy's Laboratories for compliance issues at the Srikakulam plant.
- Observations include failure in OOS investigations, inadequate cleaning/maintenance procedures, non-conforming testing practices, and lack of adherence to written sampling procedures.
- Potential regulatory challenges may impact operational processes at the facility.
- Business development focus may shift towards addressing these compliance gaps to maintain regulatory standing.",Relevant,HIGH,"The content specifically mentions Dr. Reddy's Laboratories (DRREDDY) concerning a regulatory compliance issue flagged by the USFDA, which is directly related to the company's operations and business development.","The USFDA issued a Form 483 to Dr. Reddy's Laboratories' Srikakulam plant.; Five specific observations were noted by the FDA, including issues with OOS investigations and process controls.; Key areas of concern include cleaning and maintenance procedures, testing practices, and adherence to written sampling procedures.",Announcement; DRREDDY; LT; NDTV Profit; No financial; The audio does not provide any direct financial; The background; USFDA (as a regulatory body); does not provide any direct; or company; related content beyond the; related content beyond the financial; specific; specific financial,Regulatory update on Dr. Reddy's Laboratories' Srikakulam plant involving a Form 483 issued by the USFDA due to gaps in OOS investigations and process controls.,text; image; video,,"The content primarily focuses on DRREDDY, with no direct multi-company impact discussed. However, it implies industry-wide regulatory scrutiny which could affect other pharmaceutical companies similarly.",Srishti Sharma breaks down the key details of the USFDA Form 483 for Dr. Reddy's Laboratories.,,https://pbs.twimg.com/amplify_video_thumb/2005866597962170369/img/z3lD-RO-AsxzZa8F.jpg,https://twitter.com/i/videos/2005867074288058485,,2802,2025-12-30T05:02:32,@ETNOWlive
Eternal Ltd,https://x.com/ETNOWlive/status/2005859807467573448,"RELEVANT (HIGH confidence)
Sources: text, image
- Ticker Symbol: ETERNAL
- Current Price: 279.85
- Change: Down over 1% due to Blinkit's CFO resignation
- Previous Close: 277
- Time of Report: 09:15 to 09:59 (Today)","Sources: image, text
- Ticker Symbol: ETERNAL, Current Price: $279.85
- Stock price decreased by over 1% due to Blinkit's CFO resignation
- Previous Close: $277
- Report Time: Between 09:15 and 09:59 (Today)
- Blinkit is a key business partner or subsidiary of ETERNAL
- Financial impact from leadership change at Blinkit may affect investor confidence in ETERNAL
- Potential strategic review or restructuring within Blinkit could influence ETERNAL's growth plans
- ETERNAL may consider interim CFO appointment for Blinkit to stabilize operations and reassure stakeholders",Relevant,HIGH,"The content mentions ETERNAL's stock price movement directly related to an external event (Blinkit's CFO resignation), which is a specific market reaction affecting ETERNAL.",ETERNAL's stock is down over 1%.; Current Price: 279.85; Change: +1.06%; Previous Close: 277,Blinkit; Current; ETERNAL; ZOMATO; Zomato; after Blinkit; etnowlive The image is a; showing the performance of the,Market alert regarding ETERNAL's stock performance and its connection to Blinkit's corporate developments.,text; image,Stock price movement of ETERNAL due to external event (Blinkit's CFO resignation),"The resignation of Blinkit's CFO has led to a negative impact on ETERNAL's stock price, indicating inter-company influence in the market.",,,https://pbs.twimg.com/media/G9Y-dS9a4AAbGJe?format=jpg&name=orig,,,541,2025-12-30T04:33:39,@ETNOWlive
Minda Corporation Ltd,https://x.com/ETNOWlive/status/2005848157993816121,"RELEVANT (HIGH confidence)
Sources: text, image
- Board meeting scheduled for December 30 cancelled due to unavoidable circumstances  
- Current financial metrics, business developments, targets, partnerships, and growth plans not specified in the announcement  
- No new strategic initiatives or updates provided in this content  
- No impact on existing operations or future plans explicitly mentioned  
- No details on potential rescheduling of the board meeting or alternative arrangements provided  
- No information available regarding any immediate financial implications from the cancellation  

(Note: The text does not provide specific strategic information related to financial metrics, business developments, targets, partnerships, or growth plans.)","Sources: image, text
- Board meeting scheduled for December 30 cancelled due to unavoidable circumstances  
- Current financial metrics, business developments, targets, partnerships, and growth plans not specified in the announcement  
- No new strategic initiatives or updates provided in this content  
- No impact on existing operations or future plans explicitly mentioned  
- No details on potential rescheduling of the board meeting or alternative arrangements provided  
- No information available regarding any immediate financial implications from the cancellation",Relevant,HIGH,"The content mentions a board meeting cancellation for MINDACORP due to unavoidable circumstances, which is directly related to management decisions and official statements.",Board meeting cancellation for MINDACORP due to unavoidable circumstances.; No specific financial metrics or strategic initiatives mentioned.,Corporation; MINDACORP; Minda; Minda Corporation,Cancellation of Minda Corporation's board meeting scheduled on December 30.,text; image,[Leave blank as no revenue figures are provided]; [Leave blank as no profit figures are provided]; [Leave blank as no growth rates are provided]; [Leave blank as no targets or timelines are mentioned]; [Leave blank as no market metrics are provided]; [Leave blank as no ratios or margins are discussed],None identified in the provided content.,None available.,[Leave blank as no strategic information is available],https://pbs.twimg.com/media/G9Y0QyiaYAACgbw?format=jpg&name=orig,,,159,2025-12-30T03:47:22,@ETNOWlive
Bharat Dynamics Ltd,https://x.com/ETNOWlive/status/2005837614885265678,"RELEVANT (HIGH confidence)
Sources: text, image
- DAC approved proposals worth ₹79,000 crore to boost the defence sector.
- Cumulative acceptance of necessity in FY26 stands at ₹3.3 trillion.
- All-time high of ₹3.8 trillion in FY24 for acceptance of necessity.
- Key beneficiaries include Bharat Dynamics Limited (BDL) due to focus on ammunition and radar/electronics.
- Expectations of accelerated pace of ordering since FY23, benefiting BDL.
- Proposals address key white spaces with inclusion of new-age equipment.","Sources: image, text
- DAC approved proposals worth ₹79,000 crore to boost the defence sector.
- Cumulative acceptance of necessity in FY26 stands at ₹3.3 trillion.
- All-time high of ₹3.8 trillion in FY24 for acceptance of necessity.
- Bharat Dynamics Limited (BDL) is a key beneficiary due to focus on ammunition and radar/electronics.
- Accelerated pace of ordering since FY23 benefits BDL.
- Proposals include new-age equipment addressing key white spaces in the defence sector.",Relevant,HIGH,"The content explicitly mentions Bharat Dynamics Limited (BDL) as one of the key beneficiaries from the Defence sector's DAC approvals, indicating a direct relevance to BDL.","BDL is identified as a key beneficiary of ₹79,000 cr DAC approvals.; The proposals address key white spaces such as ammunition and radar/electronics, which are relevant to BDL's business focus.",Astra Microwave; BDL; BEL; Bharat Electronics; Bharat Electronics (BEL); Data Patterns; GOLDMANMAN SACHS ON DEFENCE; Goldman Sachs on Defence; Key beneficiaries; Key beneficiaries include Solar Industries; Solar Industries; age equipment,"Analysis of the impact of ₹79,000 cr DAC approvals on the defence sector and its key beneficiaries.",text; image,,"The content discusses industry-wide impacts due to DAC approvals in the defence sector, affecting multiple companies including BDL, Solar Industries, Bharat Electronics (BEL), Astra Microwave, and Data Patterns.",[Leave blank],"DAC approved proposals worth ₹79,000 cr are expected to boost the defence sector.; Proposals include new-age equipment and address key white spaces such as ammunition and radar/electronics.",https://pbs.twimg.com/media/G9Yql_RbYAAur8i?format=jpg&name=orig,,,960,2025-12-30T03:05:28,@ETNOWlive
Titan Company Ltd,https://x.com/ETNOWlive/status/2005843606108618873,"RELEVANT (HIGH confidence)
Sources: text, image, video
- Titan has launched lab-grown diamonds, sparking interest among brokerage firms regarding investment strategies (buy, sell, hold).
- The first Electron Diamond store in Andheri, Mumbai, features lab-grown diamonds with VS clarity and SG color set in 14-carat and 18-carat gold.
- Target market for the new collection includes daily and casual wear adornments, emphasizing diamond cuts as a key selling point.
- Electron Diamond positions itself competitively against Tanishq by offering similar products at potentially lower prices (""Tanishq clones"").
- The store is equipped with technology to evaluate diamonds, distinguishing between natural and lab-grown ones, enhancing customer awareness about authenticity.
- A financial note mentions ""two rupees per share,"" though the context remains unclear.","Sources: image, text, video
- Titan launched lab-grown diamonds under the brand 'beYon', entering a new market segment.
- First Electron Diamond store opened in Andheri, Mumbai, featuring VS clarity and SG color lab-grown diamonds set in 14-carat and 18-carat gold.
- Target market includes daily and casual wear adornments with emphasis on diamond cuts as key selling points.
- Electron Diamond competes with Tanishq by offering similar products at potentially lower prices.
- Store technology enables evaluation of diamonds, distinguishing between natural and lab-grown to enhance customer awareness about authenticity.
- Brokerage ratings: Citi (Neutral), Investec (Buy), Morgan Stanley (Overweight).
- Target prices: Citi ₹4,125, Investec ₹4,248, Morgan Stanley ₹4,062.
- Expansion plans include opening additional stores in Delhi based on market response.",Relevant,HIGH,"The content discusses Titan's lab-grown diamond debut, which is a significant business development and product launch for the company. This aligns with several criteria for relevance, including business developments, strategic initiatives, and industry analysis where TITAN is a key focus.","Titan has launched lab-grown diamonds, sparking interest and analysis among brokerage firms.; The product launch is part of a strategic business development for Titan in the jewelry market.",A financial; Electron Diamond (related to Nova); LIC; LT; No financial; No other explicit; No other explicit financial; TITAN; Tanishq; The background; The image appears to be a screenshot from a financial; The store is equipped with advanced technology to evaluate diamonds; They have not revised or changed their target price but have written about a visit; Two rupees per; about economic growth or; as a positive development to; grown diamonds; likely discussing; likely discussing financial; lower; or company; per; target; their; to be a screenshot from a; two rupees per,"The main topic revolves around Titan's entry into the lab-grown diamond market, sparking interest among brokerage firms and analysts.",text; image; video,,"The content highlights competitive positioning with mentions of Tanishq as a competitor, indicating an industry-wide impact on the jewelry sector.",Ashesha from #ETNOW decodes brokerage calls regarding Titan's lab-grown diamond initiative.,"Titan's strategic initiative includes entering the lab-grown diamond market, targeting daily and casual wear adornments with a focus on quality cuts.",https://pbs.twimg.com/amplify_video_thumb/2005840903626424320/img/zKU6SqMBqyTsSjen.jpg,https://twitter.com/i/videos/2005843606108618873,,3376,2025-12-30T03:29:17,@ETNOWlive
Titan Company Ltd,https://x.com/ETNOWlive/status/2005467907359404142,"RELEVANT (HIGH confidence)
Sources: text, image
- Titan announced entry into the lab-grown diamonds market under brand 'beYon'.
- First store launch in Mumbai today, with plans for expansion to Delhi based on response.
- Brokerage ratings: Citi (Neutral), Investec (Buy), Morgan Stanley (Overweight).
- Target prices: Citi ₹4,125, Investec ₹4,248, Morgan Stanley ₹4,062.","Sources: image, text, video
- Titan launched lab-grown diamonds under the brand 'beYon', entering a new market segment.
- First Electron Diamond store opened in Andheri, Mumbai, featuring VS clarity and SG color lab-grown diamonds set in 14-carat and 18-carat gold.
- Target market includes daily and casual wear adornments with emphasis on diamond cuts as key selling points.
- Electron Diamond competes with Tanishq by offering similar products at potentially lower prices.
- Store technology enables evaluation of diamonds, distinguishing between natural and lab-grown to enhance customer awareness about authenticity.
- Brokerage ratings: Citi (Neutral), Investec (Buy), Morgan Stanley (Overweight).
- Target prices: Citi ₹4,125, Investec ₹4,248, Morgan Stanley ₹4,062.
- Expansion plans include opening additional stores in Delhi based on market response.",Relevant,HIGH,"The content discusses Titan's strategic business development into the lab-grown diamonds market under its brand 'beYon', including store launch plans and brokerage ratings with target prices for Titan's stock.","Titan announced its entry into the lab-grown diamonds market under the brand 'beYon'.; First store launch in Mumbai with plans to expand based on response.; Brokerage ratings for Titan's stock include Citi (Neutral, Target Price: ₹4,125), Investec (Buy, Target Price: ₹4,248), and Morgan Stanley (Overweight, Target Price: ₹4,062).",Brokerage; Citi; Investec; It also; Morgan Stanley; TITAN; Target; brokerage; grown diamonds; target,"Titan's entry into the lab-grown diamond market, store expansion plans in Mumbai and Delhi, and brokerage ratings with target prices.",text; image,[Leave blank]; [Leave blank]; [Leave blank]; Store launch in Mumbai today with gradual expansion to Delhi based on response.; Brokerage ratings and target prices for Titan's stock.; [Leave blank],"The content includes brokerage firms providing ratings and target prices for Titan's stock, indicating a multi-company impact through financial analysis and investment perspectives.",[Leave blank],Titan's strategic initiative into the lab-grown diamonds market under 'beYon'.; Expansion plans in Mumbai and Delhi.,"https://pbs.twimg.com/media/G9TaUGyaAAAW-0G?format=jpg&name=orig,https://pbs.twimg.com/media/G9TaUGyaAAAW-0G?format=jpg&name=orig",,,1132,2025-12-29T02:36:23,@ETNOWlive
HCL Technologies Ltd,https://x.com/ETNOWlive/status/2005810394196046187,"RELEVANT (HIGH confidence)
Sources: text, image
- HCL Tech contributed to the decline of Nifty, which fell below 26,000 for the third consecutive session.
- The IT index experienced a drop for the fourth straight session, indicating ongoing challenges in the technology sector.
- HCL Tech's performance negatively impacted broader market indices, including midcap and smallcap segments.","Sources: image, text
- HCL Tech's performance negatively impacted Nifty, causing it to fall below 26,000 for the third consecutive session.
- The IT index experienced a drop for four straight sessions, indicating ongoing challenges in the technology sector.
- HCL Tech contributed to downward pressure on both Nifty and Nifty IT indices.
- Market sentiment towards HCL Tech is negative due to its impact on broader market indices, including midcap and smallcap segments. 

(Note: The provided text does not include specific financial metrics, business developments, targets, partnerships, or growth plans for HCLTech.)",Relevant,HIGH,"The content mentions HCLTECH as a factor dragging the Nifty index down, indicating its relevance to market movements and investor interest.",HCLTECH is mentioned as a factor dragging down the Nifty index.; The content highlights market trends affecting multiple sectors.,ADANIPORTS; Adani; Adani Ports; BEL; Energy; Energy stocks gain as oil; HCL; HCL Tech; HCLTECH; IT and; IT and Bank; Indian; LT; Nvidia (mentioned in US markets context); Other heavyweights in tech and AI-linked stocks; Profit; Realty and Auto; dragged by Adani Ports and HCL Tech; linked; oil,Market analysis focusing on stock indices and sectoral performance in India and US markets.,text; image,"Nifty index slips below 26,000; Dow Jones falls ~0.5%; S&P 500 slips ~0.3%; Nasdaq drops ~0.5%","The content discusses broader market trends affecting multiple companies, including HCLTECH and Adani Ports, as well as sectoral impacts like IT and Bank indices dropping for the fourth consecutive session.",,Sectoral indices end in the red.; IT and Bank indices drop for the fourth consecutive session.; Metal index snaps a seven-day winning streak despite hitting a record intraday.; FMCG is the lone gainer for the second session.,"https://pbs.twimg.com/media/G9YR5v7aYAE6UGv?format=jpg&name=orig,https://pbs.twimg.com/media/G9YR6lfa8AAdq_l?format=jpg&name=orig",,,1625,2025-12-30T01:17:18,@ETNOWlive
HCL Technologies Ltd,https://x.com/ETNOWlive/status/2005593601267687822,"RELEVANT (HIGH confidence)
Sources: text, image
- Nifty IT falls for the fourth consecutive session, led by declines in HCLTech.
- HCLTech contributes to the downward pressure on both Nifty and Nifty IT indices.
- Market sentiment is negative towards HCLTech as indicated by its impact on broader market indices. 

(Note: The provided text does not include specific financial metrics, business developments, targets, partnerships, or growth plans for HCLTech.)","Sources: image, text
- HCL Tech's performance negatively impacted Nifty, causing it to fall below 26,000 for the third consecutive session.
- The IT index experienced a drop for four straight sessions, indicating ongoing challenges in the technology sector.
- HCL Tech contributed to downward pressure on both Nifty and Nifty IT indices.
- Market sentiment towards HCL Tech is negative due to its impact on broader market indices, including midcap and smallcap segments. 

(Note: The provided text does not include specific financial metrics, business developments, targets, partnerships, or growth plans for HCLTech.)",Relevant,HIGH,"The content mentions HCLTECH specifically as a factor influencing market movements, indicating its relevance to the company's stock performance and sector impact.",HCLTECH is mentioned as a factor dragging down the Nifty index and specifically noted for its impact on the Nifty IT index.; No specific financial metrics or strategic updates about HCLTECH are provided in this content.,ADANIPORTS; Adani; Adani Ports; Anant Raj; BEL; Biocon; Dixon Technologies; Emami; HCLTECH; HEROMOTOCO; Hero; Hero MotoCorp; Hindustan Zinc; IDFC; IDFC First Bank; IKS; Indian; IndusInd Bank; LT; Lupin; Mphasis; NMDC; NMDC (National Mineral Development Corporation); Nifty; Nifty Auto; Nifty Bank; Nifty FMCG; Nifty IT; Nifty Pharma; RVNL (Rajiv Gandhi Vikas Nigam Limited); TVS; TVS Motor; Tata; Tata Consumer Products; The background features a; The image appears to be a; The image appears to be a financial; and sectors in the Indian; day rally on Hindustan Zinc; dragged by Adani Ports & HCLTech; dragged by IndusInd; dragged by IndusInd Bank; dragged by TVS Motor & Hero MotoCorp; gradient of dark colors with a; led by Emami & Tata Consumer; led by Mphasis & HCLTech,Market performance update with specific mention of companies affecting Nifty indices.,text; image,"[No specific revenue figures mentioned]; [No specific profit figures mentioned]; [No growth rates provided]; [No targets or timelines specified]; Nifty falls below 26,000; Nifty IT falls for the 4th session; [No ratios or margins mentioned]","The content discusses how various companies are impacting different segments of the Indian stock market, including HCLTECH in the IT sector.",,HCLTECH is noted as a significant player in the IT sector affecting market indices.,"https://pbs.twimg.com/media/G9VMuvqb0AAl0zc?format=jpg&name=orig,https://pbs.twimg.com/media/G9VMvBNaMAAM9nD?format=jpg&name=orig",,,1731,2025-12-29T10:55:51,@ETNOWlive
Reliance Industries Ltd,https://x.com/ETNOWlive/status/2005711222860308953,"RELEVANT (MEDIUM confidence)
Sources: text, image, external
- Reliance Industries Limited (RIL) denies any claim regarding the government seeking $30 billion in compensation from RIL and BP.
  
- Tesla launched its first charging station in Gurgaon, India, and delivered its first Model Y SUV in Mumbai.

- Hyundai announced a Rs 45,000 crore investment plan with eight hybrid models expected by FY30; appointed its first India MD-CEO within HMIL.

- The PM E-DRIVE Scheme provides guidelines for setting up EV charging stations, including eligibility and subsidy details.

- GST rationalization is forecasted to boost two-wheeler sales by 5-6% and passenger vehicle sales by 2-3% in FY26.","Sources: external, image, text
- Reliance Industries Limited (RIL) denies government claims of a $30 billion compensation demand related to gas field underproduction, alongside BP.

- Tesla launched its first EV charging station in Gurgaon, India, marking an expansion of its infrastructure for electric vehicles.

- Hyundai Motor announced a Rs 45,000 crore investment plan in India with plans to introduce eight hybrid models by FY30 and appointed its first India MD-CEO within HMIL.

- Nita Ambani inaugurated the Jeevan New Cancer and Dialysis Centre at Reliance Foundation Hospital, enhancing healthcare infrastructure.

- The PM E-DRIVE Scheme outlines guidelines for setting up EV charging stations in India, including eligibility and subsidy details.

- GST rationalization is expected to boost two-wheeler sales by 5-6% and passenger vehicle sales by 2-3% in FY26.",Relevant,MEDIUM,"The external content discusses various companies and industry-wide initiatives that could indirectly impact RELIANCE, such as government policies on EVs and GST changes.",RIL is mentioned in the context of a government report seeking $30 billion in compensation.; Image content confirms the presence of Reliance Industries Limited's logo and branding.; Tesla's expansion into India with charging infrastructure and car deliveries.; Honda and Hyundai's investment plans and model launches in India.; Government initiatives like the PM E-DRIVE Scheme for EVs and GST rationalization affecting vehicle sales.,A man in a suit; A new; BEL; BP; Brake The Habit; Crisil; Havells India; Honda; Hyundai; Hyundai Motor India; Hyundai Motor India Limited; INFY; Indian; Infosys; LIC; LT; NASSCOM; RELIANCE; RIL; Reliance; Reliance Industries; Reliance Industries Limited; RelianceIndustries; TCS; Tenneco; Tesla; Tesla has expanded its charging infrastructure; The Insurance; The company; This summary encapsulates key; This summary encapsulates key financial; Union; a platform for AI agents and services; billion in compensation from Reliance Industries; raising FDI in the; raising FDI in the insurance; skilling and domain expertise in IT,"Indian automotive industry developments, government policy updates, and corporate announcements.",text; image; external,Honda plans to launch 10 new models in India by 2030.; Hyundai's investment plan with eight hybrid models expected by FY30.,"Several companies are mentioned in the context of industry trends and government initiatives, which may affect Reliance Industries' strategic decisions or market positioning.",[Leave blank],Tesla's strategic move into the Indian market with charging stations and car deliveries.; Honda and Hyundai's strategic investments in new models and infrastructure.,https://pbs.twimg.com/card_img/2005711223225229313/NI1N529m?format=jpg&name=orig,,https://t.co/GOMVlyTDdU,3104,2025-12-29T18:43:14,@ETNOWlive
Reliance Industries Ltd,https://x.com/ETNOWlive/status/2005680794602528823,"RELEVANT (HIGH confidence)
Sources: text, image
- Reliance Industries clarifies no $30 billion claim made by the government against it and BP regarding underproduction from a gas field.
- Media reports citing India's claim of $30 billion for underproduction are factually incorrect, according to Reliance Industries.
- The clarification addresses financial misinformation related to potential liabilities or claims involving Reliance and BP.","Sources: external, image, text
- Reliance Industries Limited (RIL) denies government claims of a $30 billion compensation demand related to gas field underproduction, alongside BP.

- Tesla launched its first EV charging station in Gurgaon, India, marking an expansion of its infrastructure for electric vehicles.

- Hyundai Motor announced a Rs 45,000 crore investment plan in India with plans to introduce eight hybrid models by FY30 and appointed its first India MD-CEO within HMIL.

- Nita Ambani inaugurated the Jeevan New Cancer and Dialysis Centre at Reliance Foundation Hospital, enhancing healthcare infrastructure.

- The PM E-DRIVE Scheme outlines guidelines for setting up EV charging stations in India, including eligibility and subsidy details.

- GST rationalization is expected to boost two-wheeler sales by 5-6% and passenger vehicle sales by 2-3% in FY26.",Relevant,HIGH,"The content directly involves Reliance Industries by addressing a clarification on media reports regarding financial claims related to underproduction from a gas field. This is an official statement from the company, which falls under management statements and corporate actions.",Reliance Industries clarifies that no claim of $30 billion was made against it and BP.; The report citing India's claims for underproduction from a gas field is factually incorrect according to the statement.,BP; RELIANCE; RELIANCE INDUSTRIES; RIL; Reliance; Reliance Industries; The image appears to be a statement or clarification from Reliance Industries; billion related to underproduction from a gas; bn for underproduction from gas; from gas field is factually; that the claim is factually,Clarification of media reports concerning a $30 billion claim against Reliance Industries and BP due to alleged underproduction from a gas field.,text; image,,The content involves both Reliance Industries and BP as it addresses a joint clarification regarding the financial claims made by India's government. This indicates an industry-wide impact involving these two companies specifically in relation to regulatory or legal matters concerning gas production.,[Leave blank],,https://pbs.twimg.com/media/G9WcBu5akAAaF18?format=jpg&name=orig,,,801,2025-12-29T16:42:19,@ETNOWlive
Reliance Industries Ltd,https://x.com/ETNOWlive/status/2005634879854403876,"RELEVANT (HIGH confidence)
Sources: text, image, external
- Government claims $30 billion from Reliance Industries Limited (RIL) over gas field underproduction.
- Tesla expanding charging infrastructure in India, launching first station in Gurgaon to boost EV adoption.
- Hyundai Motor investing Rs 45,000 crore and planning eight hybrid models by FY30; appointed first India MD-CEO within HMIL.
- Infosys announced Q3 results and discussed potential cash rewards in an upcoming board meeting.
- Karnataka aims to foster 25,000 startups by 2030, with significant growth expected from Bengaluru's peripheral region.","Sources: external, image, text
- Reliance Industries Limited (RIL) denies government claims of a $30 billion compensation demand related to gas field underproduction, alongside BP.

- Tesla launched its first EV charging station in Gurgaon, India, marking an expansion of its infrastructure for electric vehicles.

- Hyundai Motor announced a Rs 45,000 crore investment plan in India with plans to introduce eight hybrid models by FY30 and appointed its first India MD-CEO within HMIL.

- Nita Ambani inaugurated the Jeevan New Cancer and Dialysis Centre at Reliance Foundation Hospital, enhancing healthcare infrastructure.

- The PM E-DRIVE Scheme outlines guidelines for setting up EV charging stations in India, including eligibility and subsidy details.

- GST rationalization is expected to boost two-wheeler sales by 5-6% and passenger vehicle sales by 2-3% in FY26.",Relevant,HIGH,"The content explicitly mentions a government claim of $30 billion from Reliance Industries Limited (RIL) and BP over gas field underproduction, directly involving RELIANCE.",Government claims $30 billion from Reliance and BP over gas field underproduction.,Anshul Saigal highlighted opportunities in IT; BEL; BP; BP over gas; Brake The Habit; Growth is; HUL; Hyundai; Hyundai Motor India; Hyundai Motor India Limited; INFY; Indian; Infosys; Infosys Financial; LIC; LT; No financial; RELIANCE; RIL; Reliance; Reliance Industries Limited; Reliance Industries Limited Limited; Sovereign; TCS; Tenneco; Tesla is expanding its charging infrastructure; The IT; The Insurance; The background of the webpage shows a blurred image of a person in a suit; The company; The logo of Reliance Industries; The magnifying glass is used to focus on the Reliance Industries; Vodafone Idea; a platform for AI agents and services; and company; expansion strategy for the; expected; from a news article or a; global; including; indicating a significant expansion strategy for the company; is also visible below the; is also visible below the company; metal; opportunities in IT and metal; possibly from a news article or a financial; raised FDI limits in; raised FDI limits in insurance; s Indian unit; sovereign; suggesting an emphasis on the; suggesting an emphasis on the company; with the logo of Reliance Industries in the magnifying glass,Government claims against Reliance and BP regarding gas field underproduction.,text; image; external,[Leave blank]; [Leave blank]; [Leave blank]; [Leave blank]; [Leave blank]; [Leave blank],"The issue involves both Reliance Industries Limited and BP, indicating a multi-company impact due to the financial claim related to their joint venture in gas production.",[Leave blank],"The issue pertains to a joint venture between Reliance and BP, indicating strategic implications for their operations in gas production.; Tesla; Honda; Hyundai Motor India Limited (HMIL); Infosys; TCS; Vodafone Idea; Bharat Petroleum (mentioned as #BharatPetroleum); The external content covers various business developments, policy changes, and market insights in India, including expansions by Tesla and Honda, Hyundai's investment plans, and Infosys' product launch. However, these are not directly related to RELIANCE but provide context for the broader industry environment.",https://pbs.twimg.com/card_img/2005634768717983744/Vtn4o58K?format=jpg&name=orig,,https://t.co/NcDliy5Lqj,5030,2025-12-29T13:39:52,@ETNOWlive
Reliance Industries Ltd,https://x.com/ETNOWlive/status/2004772939766653081,"RELEVANT (HIGH confidence)
Sources: text, image, external
- Nita Ambani inaugurated the Jeevan New Cancer and Dialysis Centre at Reliance Foundation Hospital, enhancing healthcare infrastructure.

- Hyundai Motor announced a Rs 45,000 crore investment in India with plans to introduce eight hybrid models by FY30, indicating significant growth and expansion strategy.

- Tesla expanded its charging infrastructure in India by launching its first station in Gurgaon, supporting the company's growth plan for electric vehicles in the region.","Sources: external, image, text
- Reliance Industries Limited (RIL) denies government claims of a $30 billion compensation demand related to gas field underproduction, alongside BP.

- Tesla launched its first EV charging station in Gurgaon, India, marking an expansion of its infrastructure for electric vehicles.

- Hyundai Motor announced a Rs 45,000 crore investment plan in India with plans to introduce eight hybrid models by FY30 and appointed its first India MD-CEO within HMIL.

- Nita Ambani inaugurated the Jeevan New Cancer and Dialysis Centre at Reliance Foundation Hospital, enhancing healthcare infrastructure.

- The PM E-DRIVE Scheme outlines guidelines for setting up EV charging stations in India, including eligibility and subsidy details.

- GST rationalization is expected to boost two-wheeler sales by 5-6% and passenger vehicle sales by 2-3% in FY26.",Relevant,HIGH,"The content mentions the inauguration of a new cancer and dialysis center at Reliance Foundation Hospital by Nita Ambani, which is directly related to RELIANCE's health initiatives.",Nita Ambani inaugurated JEEVAN Cancer and Dialysis Centre at Reliance Foundation Hospital.; This is part of RELIANCE's health sector initiatives under the Reliance Foundation.,Brake The Habit; Honda; Hyundai; Hyundai Motor; INFY; Indian; Infosys; LIC; LT; RELIANCE; Reliance; TCS; Tenneco; Tesla; Tesla has expanded its charging infrastructure; The company; The new; The news article from ETNOW News covers a wide range of topics related to infrastructure; a platform for AI agents and services; buyer of the Model Y in Mumbai; focusing on key; focusing on key financial; including; raising FDI in the; raising FDI in the insurance; s Indian unit; was explained with FAQs released by the IT,Inauguration of JEEVAN Cancer and Dialysis Centre at Reliance Foundation Hospital.,text; image; external,,"The content also discusses developments in the automotive industry and government schemes affecting multiple companies including Tesla, Honda, Hyundai Motor, and others.",[Leave blank],"RELIANCE is expanding its healthcare initiatives through the Reliance Foundation Hospital.; Tesla, Honda, and Hyundai Motor are making significant investments and expansions in India's automotive sector.","https://pbs.twimg.com/card_img/2004772868354441220/vWGHACcd?format=jpg&name=orig,https://pbs.twimg.com/card_img/2004772868354441220/vWGHACcd?format=jpg&name=orig",,https://t.co/c8MzrX4ZWd,2648,2025-12-27T04:34:50,@ETNOWlive
Grasim Industries Ltd,https://x.com/ETNOWlive/status/2005653584415981844,"RELEVANT (HIGH confidence)
Sources: text, image
- Grasim's board approved a composite scheme of arrangement to consolidate Aditya Birla Renewables.
- Essel Mining's renewable arm is set to merge into Aditya Birla Renewables, creating a single consolidated platform for renewable energy.
- The consolidation involves 3 EPCs (Engineering, Procurement, and Construction) in the ABReL project.","Sources: image, text
- Grasim's board approved a composite scheme of arrangement to consolidate Aditya Birla Renewables.
- Essel Mining's renewable arm is set to merge into Aditya Birla Renewables, forming a single consolidated platform for renewable energy.
- The consolidation includes 3 EPCs (Engineering, Procurement, and Construction) in the ABReL project.",Relevant,HIGH,"The content discusses a board decision by GRASIM to approve a composite scheme of arrangement for consolidating Aditya Birla Renewables, which is directly related to corporate actions and strategic initiatives involving GRASIM.",GRASIM's board has approved a scheme to consolidate Aditya Birla Renewables.; The consolidation aims to create a single renewable energy platform.,Aditya Birla Renewables; Aditya Birla Renewables Limited; EPCCCO Services Services; Essel Mining; GRASIM; and Construction; consolidated renewable energy,Board approval for consolidation of renewable energy assets under Aditya Birla Renewables.,text; image,,"The content highlights the involvement of multiple companies in a merger aimed at creating a consolidated renewable energy platform. This impacts both GRASIM and Essel Mining, as well as their subsidiaries within the Aditya Birla Group.",,"GRASIM is involved in a strategic initiative to consolidate renewable energy assets under Aditya Birla Renewables.; The consolidation aims to create a single, consolidated renewable energy platform.",https://pbs.twimg.com/media/G9WC8e9bwAALQfQ?format=jpg&name=orig,,,873,2025-12-29T14:54:12,@ETNOWlive
ITC Ltd,https://x.com/ETNOWlive/status/2005572648420643205,"RELEVANT (HIGH confidence)
Sources: text, image
- Block deal of 4.46 crore shares executed for ITC.
- Current stock price at ₹402.15, up by 0.49% (2.00 points).
- Trading window: 09:15 to 15:00 on the current trading day.
- Company: ITC (India Tobacco Company Limited) involved in block deal activity.
- Social media updates available via @etnowlive for further developments.","Sources: image, text
- Block deal executed involving 4.46 crore shares of ITC.
- Current stock price at ₹402.15, increased by 0.49% (2.00 points).
- Trading window for the day: 09:15 to 15:00.
- Social media updates available via @etnowlive for further developments on ITC activities.",Relevant,HIGH,"The content specifically mentions a block deal involving ITC shares, which is directly related to stock price movements and market activity for the company.",A block deal involving 4.46 crore shares of ITC.; Current price of ITC is 402.15 with a change of 0.49% or 2.00 points.,Current; ITC; India Tobacco Company; India Tobacco Company Limited,Block deal announcement of 4.46 crore ITC shares in the stock market.,text; image,Block deal involving 4.46 crore shares of ITC.,,,,https://pbs.twimg.com/media/G9U5jZtbAAE3oQ2?format=jpg&name=orig,,,452,2025-12-29T09:32:35,@ETNOWlive
Larsen & Toubro Ltd,https://x.com/ETNOWlive/status/2005509501596901547,"RELEVANT (HIGH confidence)
Sources: text, image
- L&T's Transportation Infrastructure business vertical secured an order for the Hyderabad Greenfield Radial Road project.
- The order value is in the range of ₹1,000–2,500 crore.
- Project involves development of a greenfield radial road infrastructure.
- This acquisition contributes to L&T’s growth plans within the transportation sector.
- Enhances L&T's portfolio in infrastructure projects in Hyderabad.","Sources: image, text
- L&T's Transportation Infrastructure business vertical secured an order for the Hyderabad Greenfield Radial Road project.
- Order value is in the range of ₹1,000–2,500 crore.
- Project involves development of a greenfield radial road infrastructure.
- Acquisition contributes to L&T’s growth plans within the transportation sector.
- Enhances L&T's portfolio in infrastructure projects in Hyderabad.",Relevant,HIGH,The content directly mentions L&T's (Larsen & Toubro) Transportation Infrastructure business vertical securing a significant order for the Hyderabad Greenfield Radial Road project. This is relevant as it pertains to business developments and strategic initiatives by LT.,"L&T’s Transportation Infrastructure business vertical has secured an order valued between ₹1,000–2,500 crore.; The project is the Hyderabad Greenfield Radial Road project.",L&T; LARSEN & TOUBRO; LT; LT (Larsen & Toubro Limited); Larsen & Toubro; Larsen & Toubro Limited; inside it; is the logo of Larsen & Toubro; s Transportation Infrastructure; which is the logo of Larsen & Toubro Limited,Announcement of a new infrastructure project order for L&T's transportation sector.,text; image,"Order value for the Hyderabad Greenfield Radial Road project ranges from ₹1,000 to ₹2,500 crore.",,,"L&T's Transportation Infrastructure business vertical is involved in a significant infrastructure project, indicating strategic growth and expansion in this sector.","https://pbs.twimg.com/media/G9UAQHDa4AAkzcU?format=jpg&name=orig,https://pbs.twimg.com/media/G9UAQHDa4AAkzcU?format=jpg&name=orig",,,436,2025-12-29T05:21:40,@ETNOWlive
Bharat Electronics Ltd,https://x.com/ETNOWlive/status/2005500026232144055,"RELEVANT (HIGH confidence)
Sources: text, image
- BEL stock price: ₹401.60, up by 0.79%
- Market alert indicates defense stocks are active ahead of DAC meeting
- Featured alongside GRSE (₹2552.00, +2.20%) and Mazagon Dock (₹2613.20, +2.83%)
- BEL is part of a group including Mishra Dhatu (₹341.50, +7.19%), indicating sector-wide interest
- Visuals include a green bull symbolizing bullish market trends for defense stocks","Sources: image, text
- BEL stock price increased to ₹401.60, up by 0.79%.
- Defense stocks, including BEL, are active ahead of the DAC meeting.
- BEL is featured alongside GRSE (₹2552.00, +2.20%) and Mazagon Dock (₹2613.20, +2.83%), indicating sector-wide interest.
- BEL is part of a group with Mishra Dhatu (₹341.50, +7.19%).
- Visuals depict a green bull symbolizing bullish market trends for defense stocks.",Relevant,HIGH,"The content includes specific financial metrics for BEL, such as stock price movement and percentage change, which are directly related to the company's performance. Additionally, visual charts showing BEL's stock movements further emphasize its relevance.",BEL's stock price is listed as 401.60 with a percentage change of 0.79%.; Visual charts and graphs are included showing stock movements for BEL.,BEL; DEFENCE; Defence; GRSE; Graphs showing; MAZAGON DOCK; MISHRA DHATU; showing,Market alert on defense stocks with a focus on upcoming DAC meeting impacts.,text; image,Stock price for BEL: 401.60; Percentage change for BEL: 0.79%,"The content discusses multiple defense companies' stock performances ahead of a significant industry event (DAC meeting), indicating an industry-wide impact that affects all mentioned companies, including BEL.",,,"https://pbs.twimg.com/media/G9T3K7TbAAE2daC?format=jpg&name=orig,https://pbs.twimg.com/media/G9T3K7TbAAE2daC?format=jpg&name=orig",,,887,2025-12-29T04:44:01,@ETNOWlive
Coforge Ltd,https://x.com/ETNOWlive/status/2005492914835906840,"RELEVANT (HIGH confidence)
Sources: text, image, external
- Coforge's share price increased following the acquisition of Encora, a move expected to enhance its service offerings and market position in IT services.
- Motilal Oswal retained a ""buy"" rating on Coforge shares post-acquisition, indicating confidence in the company's growth prospects and strategic direction.
- The Encora acquisition is aimed at expanding Coforge’s capabilities in digital transformation and cloud solutions, aligning with its long-term business strategy.","Sources: external, image, text, video
- Coforge's share price increased following the acquisition of Encora, enhancing its IT service offerings and market position.
- Motilal Oswal retained a ""buy"" rating on Coforge shares post-acquisition, with a target price of ₹2500.
- The Encora acquisition aims to expand digital transformation and cloud solutions capabilities.
- Acquired Encora for $2.35 billion, significantly investing in AI capabilities.
- Acquisition expected to be EPS accretive from day one, expanding presence in Hi-Tech and Healthcare verticals.
- Deal represents over 30% of Coforge's current revenue run rate, indicating substantial financial impact.
- Transaction involves approximately 21% dilution due to funding through share issuance.
- Coforge assumes $500 million in debt as part of the acquisition agreement.
- Strategic move aims to bolster Healthcare and Technology segments, driving organic business expansion.",Relevant,HIGH,"The content explicitly mentions Coforge's share price movement due to the Encora acquisition and includes an analyst rating from Motilal Oswal, which are directly relevant to COFORGE.",Coforge's share price gained following the announcement of its acquisition of Encora.; Motilal Oswal retained a 'buy' rating on Coforge stock.,Announced the expansion of its charging infrastructure; BEL; COFORGE; Coforge; Discussed the; Discussed the Insurance; Encora; Financial and; Hyundai; INFY; Indian; Infosys; LIC; LT; Motilal Oswal; New; TCS; Tenneco; The company; Three PSU; Union; Vodafone Idea; below it; details were released by the IT; focusing on; focusing on financial; of topics related to the Indian; proposal for merging three PSU; raising FDI in the; raising FDI in the insurance; retains; s Indian unit; share; skilling and domain expertise as solutions to the IT,Coforge's stock performance related to its acquisition of Encora and analyst ratings.,text; image; external,,"The content discusses the impact of the Encora acquisition on Coforge's stock price and includes an analyst rating from Motilal Oswal, indicating a multi-company analysis involving COFORGE and Encora.",[Leave blank],"Coforge's strategic initiative of acquiring Encora, which is expected to positively impact its stock performance.; Tesla; Honda; Hyundai Motor; Tenneco; Infosys; TCS; Havells India; Vodafone Idea; LIC (Life Insurance Corporation); NASSCOM; ET NOW (as the source of news); Automotive industry updates, government policies, financial and corporate announcements, insurance and regulatory developments, taxation and economic reforms, and miscellaneous topics are covered in the external content. These include various companies' strategic initiatives, policy impacts, and market movements.","https://pbs.twimg.com/card_img/2005492762435858432/6ijiGkBC?format=jpg&name=orig,https://pbs.twimg.com/card_img/2005492762435858432/6ijiGkBC?format=jpg&name=orig",,https://t.co/1yN9wrPxSU,3458,2025-12-29T04:15:45,@ETNOWlive
Coforge Ltd,https://x.com/ETNOWlive/status/2005492132933681297,"RELEVANT (HIGH confidence)
Sources: text, image, external
- Coforge's stock price decreased by 1.5% on December 29, 2025.
- Sensex opened up by 100 points at the same time.
- Nifty 50 was around 26,100 during the opening session.
- The broader market experienced declines with Sensex falling by 350 points and Nifty 50 dropping below 25,950.
- All sectors reported declines on December 29, 2025.","Sources: external, image, text, video
- Coforge's share price increased following the acquisition of Encora, enhancing its IT service offerings and market position.
- Motilal Oswal retained a ""buy"" rating on Coforge shares post-acquisition, with a target price of ₹2500.
- The Encora acquisition aims to expand digital transformation and cloud solutions capabilities.
- Acquired Encora for $2.35 billion, significantly investing in AI capabilities.
- Acquisition expected to be EPS accretive from day one, expanding presence in Hi-Tech and Healthcare verticals.
- Deal represents over 30% of Coforge's current revenue run rate, indicating substantial financial impact.
- Transaction involves approximately 21% dilution due to funding through share issuance.
- Coforge assumes $500 million in debt as part of the acquisition agreement.
- Strategic move aims to bolster Healthcare and Technology segments, driving organic business expansion.",Relevant,HIGH,"The content mentions COFORGE specifically with a stock price movement of 1.5% decline at the market open on December 29, 2025. This is directly relevant to COFORGE's financial performance and investor interest.","Coforge experienced a 1.5% decline in its stock price at the market open on December 29, 2025.",ADANIPORTS; ASIANPAINT; Adani; Adani Ports & Special Economic Zone Ltd; Asian Paints; Asian Paints Ltd; BEL; CIPLA; COFORGE; Cipla; Cipla Ltd; Corporation; GRASIM; Grasim Industries; Grasim Industries Ltd; HCL; HCL Technologies; HCL Technologies Ltd; HCLTECH; HINDALCO; Hindalco Industries; Hindalco Industries Ltd; Indian; Key; Key company; LT; Mahindra; NESTLEIND; NTPC; NTPC Ltd; Nestle; Nestle India; Nestle India Ltd; No financial; POWERGRID; Ports & Special Economic Zone; Power Grid; Power Grid Corporation of India; Power Grid Corporation of India Ltd; SHRIRAMFIN; Shriram; Shriram Finance; Shriram Finance Ltd; TATACONSUM; TATASTEEL; TCS; TECHM; TITAN; Tata; Tata Consultancy Services; Tata Consultancy Services Ltd; Tata Consumer Products; Tata Consumer Products Ltd; Tata Steel; Tata Steel Ltd; Tech Mahindra; Tech Mahindra Ltd; Titan Company; Titan Company Ltd; advising readers to consult; advising readers to consult financial; an update on the Indian; below it; or positive trends in the; previous; saw an; symbolizing the,"Stock market updates highlighting specific company performances, including COFORGE.",text; image; external,[Leave blank]; [Leave blank]; [Leave blank]; [Leave blank]; Sensex up 100 points at open; Nifty around 26100; [Leave blank],"The content provides a broader context of stock market trends affecting multiple companies, with specific mention of both rising and declining stocks.",[Leave blank],[Leave blank],"https://pbs.twimg.com/card_img/2005491920865480704/n5qR2T6F?format=jpg&name=orig,https://pbs.twimg.com/card_img/2005491920865480704/n5qR2T6F?format=jpg&name=orig",,https://t.co/p4CU1kFFRq,2590,2025-12-29T04:12:39,@ETNOWlive
Coforge Ltd,https://x.com/ETNOWlive/status/2005475474466808030,"RELEVANT (HIGH confidence)
Sources: text, image, video
- Coforge acquired Encora for $2.35 billion, marking a significant investment in AI capabilities.
- The acquisition is expected to enhance growth by expanding into new markets and scaling existing operations.
- This deal represents over 30% of Coforge's current revenue run rate, indicating its substantial impact on financial performance.
- The transaction involves approximately 21% dilution due to funding through share issuance.
- Coforge assumes $500 million in debt as part of the acquisition agreement.
- The strategic move aims to bolster segments such as Healthcare and Technology, driving organic business expansion.","Sources: external, image, text, video
- Coforge's share price increased following the acquisition of Encora, enhancing its IT service offerings and market position.
- Motilal Oswal retained a ""buy"" rating on Coforge shares post-acquisition, with a target price of ₹2500.
- The Encora acquisition aims to expand digital transformation and cloud solutions capabilities.
- Acquired Encora for $2.35 billion, significantly investing in AI capabilities.
- Acquisition expected to be EPS accretive from day one, expanding presence in Hi-Tech and Healthcare verticals.
- Deal represents over 30% of Coforge's current revenue run rate, indicating substantial financial impact.
- Transaction involves approximately 21% dilution due to funding through share issuance.
- Coforge assumes $500 million in debt as part of the acquisition agreement.
- Strategic move aims to bolster Healthcare and Technology segments, driving organic business expansion.",Relevant,HIGH,"The content explicitly discusses Coforge's acquisition of Encora for $2.35 billion, which is a significant corporate action involving financial metrics and strategic implications for growth, margins, and global scale. This aligns with the criteria for relevance to COFORGE.",Coforge has acquired Encora for $2.35 billion.; The acquisition is a strategic move to enhance AI capabilities and global reach.; Rahul Jain decodes the significance of this deal in terms of business growth and financial metrics.,A man in a suit; Acquisition aimed at scaling operations in Healthcare; COFORGE; DOLAT CAPITAL; Dolat; Dolat Capital; ENCORA; Encora; HUL; LIC; LT; NESTLE; NESTLE INDIA; NESTLEIND; Nestle; Rahul Jain of Dolat; Rahul Jain of Dolat Capital; The acquisition is expected to aid in scaling existing segments like Healthcare; The speaker reflects on past; The speaker reflects on past capital; The transcript does not provide explicit; This transaction is expected to enhance growth in key segments such as Healthcare; a financial; context provided on past; due to; emphasizing its significance in terms of transaction size and potential opportunities it; funding through; involves some dilution due to; it is implied that these elements might be present in the video to support the audio discussion on financial; lower; million debt assumed by the; million debt assumed by the company; million taken over by the; million taken over by the company; support the audio discussion on; with historical context provided on past capital,Acquisition of Encora by Coforge and its implications on business strategy and financial performance.,text; image; video,"The acquisition represents a significant investment, though specific revenue figures for Coforge post-acquisition are not provided in the content.; No direct profit figures related to COFORGE or Encora are mentioned in the content.; While growth implications are discussed, specific growth rates are not detailed in the content.; The acquisition is a strategic initiative aimed at long-term growth and expansion, though no explicit targets or timelines are provided.; No specific market metrics related to COFORGE's performance post-acquisition are mentioned.; Discussion on potential impacts on margins due to the acquisition, but no specific ratios or margin figures are provided.","The acquisition involves Coforge and Encora, impacting both companies' strategic directions and market positions. Additionally, Dolat Capital is mentioned in the context of analyzing this deal's significance.","Rahul Jain from Dolat Capital provides insights into the implications of the acquisition for growth, margins, and global scale.",The acquisition is a strategic move by Coforge to bolster its AI capabilities and expand globally.; Dolat Capital's analysis suggests significant implications for growth and financial performance.,"https://pbs.twimg.com/amplify_video_thumb/2005473696308424704/img/2Id8Ddbq3KPKxoU8.jpg,https://pbs.twimg.com/amplify_video_thumb/2005473696308424704/img/2Id8Ddbq3KPKxoU8.jpg","https://twitter.com/i/videos/2005475474466808030,https://twitter.com/i/videos/2005475474466808030",,3281,2025-12-29T03:06:27,@ETNOWlive
Coforge Ltd,https://x.com/ETNOWlive/status/2005466565261816084,"RELEVANT (HIGH confidence)
Sources: text, image
- Maintain Buy Rating with target price of ₹2500.
- Encora acquisition expected to be EPS accretive from day one.
- Acquisition expands Coforge's presence in Hi-Tech and Healthcare verticals.
- Strong executable order book and resilient client spending support organic business growth.
- Integration of Encora is a key monitorable for future performance.
- Viewed as a structurally strong mid-tier player benefiting from vendor consolidation and digital transformation.","Sources: external, image, text, video
- Coforge's share price increased following the acquisition of Encora, enhancing its IT service offerings and market position.
- Motilal Oswal retained a ""buy"" rating on Coforge shares post-acquisition, with a target price of ₹2500.
- The Encora acquisition aims to expand digital transformation and cloud solutions capabilities.
- Acquired Encora for $2.35 billion, significantly investing in AI capabilities.
- Acquisition expected to be EPS accretive from day one, expanding presence in Hi-Tech and Healthcare verticals.
- Deal represents over 30% of Coforge's current revenue run rate, indicating substantial financial impact.
- Transaction involves approximately 21% dilution due to funding through share issuance.
- Coforge assumes $500 million in debt as part of the acquisition agreement.
- Strategic move aims to bolster Healthcare and Technology segments, driving organic business expansion.",Relevant,HIGH,"The content contains specific financial metrics related to COFORGE, including an analyst rating and target price, as well as strategic business developments such as the acquisition of Encora.",Maintain Buy Rating for Coforge with a target price of ₹2500.; Management indicates the transaction could be EPS accretive from day one.; Encora acquisition expands COFORGE's presence in Hi-Tech and Healthcare verticals.; Belief in COFORGE's strong order book and resilient client spending.,BEL; Buy; COFORGE; Encora; LT; Maintain; Motilal Oswal (analyst firm); Tech and Healthcare; The image appears to be a; The image appears to be a financial; While there is; While there is limited; placed to benefit; target,Financial analysis and market position update for Coforge by Motilal Oswal.,text; image,[No specific revenue figures mentioned]; Transaction could be EPS accretive from day one.; [No specific growth rates mentioned]; Target price of ₹2500 for COFORGE; Buy Rating maintained by Motilal Oswal; [No specific ratios or margins mentioned],"The acquisition of Encora is a key development affecting both COFORGE and Encora, expanding COFORGE's presence in new verticals.",Analyst maintains Buy rating with target price; highlights integration as a monitorable factor.,Encora acquisition to add capability and depth.; Integration is a key monitorable factor.; Coforge viewed as structurally strong mid-tier player benefiting from vendor consolidation/deals and digital transformation.,"https://pbs.twimg.com/media/G9TZHnFboAApA7S?format=jpg&name=orig,https://pbs.twimg.com/media/G9TZHnFboAApA7S?format=jpg&name=orig",,,1327,2025-12-29T02:31:03,@ETNOWlive
Tata Consultancy Services Ltd,https://x.com/ETNOWlive/status/2005148570375389225,"RELEVANT (HIGH confidence)
Sources: text, image, external
- TCS announced a potential cash reward in its Q3 results for FY2026, indicating a positive financial performance.
- Discussions around layoffs at TCS were clarified as exaggerated, suggesting stability in workforce management.
- The announcement of the cash reward aligns with TCS's strategic focus on rewarding shareholders and maintaining investor confidence.","Sources: external, image, text
- TCS announced a potential cash reward in Q3 results for FY2026, indicating strong financial performance.
- Clarified discussions around layoffs at TCS as exaggerated, suggesting workforce stability.
- Cash reward announcement aligns with strategic focus on rewarding shareholders and maintaining investor confidence.",Relevant,HIGH,"The content explicitly mentions TCS's announcement of a potential cash reward in its Q3 results for FY2026, which is directly related to corporate actions and financial updates.",TCS announced a potential cash reward in its Q3 results for FY2026.; Discussions around layoffs at TCS were clarified as exaggerated.,Brake The Habit; Cash reward announcement; Global; Havells India; Honda; Hyundai; Hyundai Motor; Hyundai Motor India; Hyundai Motor India Limited; INFY; Indian; Infosys; LIC; LT; Reported a significant dividend; TATA; TATA CONSULTANCY SERVICES; TCS; Tenneco; Tesla; Tesla has expanded its charging infrastructure; The company; Three PSU; Union; a platform for AI services; and LIC has been granted greater autonomy with the Insurance; greater autonomy with the; highlighting significant; led Cabinet approved a new; of topics related to the Indian; raising FDI in the; raising FDI in the insurance; sovereign; underneath it,"Corporate announcements regarding dividends and stock market activities, with specific mention of TCS's dividend plans linked to their quarterly earnings.",text; image; external,TCS's potential cash reward announcement linked to Q3 results for FY2026.,"The content discusses various companies across different sectors, including automotive and government policy impacts on the industry, which may indirectly affect TCS as a major IT services provider in India.",[Leave blank],"TCS clarified discussions around layoffs, indicating strategic communication efforts.","https://pbs.twimg.com/card_img/2005148263671103488/Vutxb3h1?format=jpg&name=orig,https://pbs.twimg.com/card_img/2005148263671103488/Vutxb3h1?format=jpg&name=orig",,https://t.co/Q3aI9Juqnp,3234,2025-12-28T05:27:27,@ETNOWlive
H.G. Infra Engineering Ltd,https://x.com/ETNOWlive/status/2004800549779308689,"RELEVANT (HIGH confidence)
Sources: text, image
- HG Infra Engineering executes a Securities Purchase Agreement with Neo Infra Income Opportunities Fund.
- Neo Infra Income Fund acquires 100% shareholding in HG Khammam Devarapalle PKG-2, an arm of HG Infra Engineering.
- The acquisition involves HG Infra's KG Basin project located at Devarapalle, Andhra Pradesh.
- This transaction signifies a strategic partnership between HG Infra Engineering and Neo Infra Income Opportunities Fund.
- The deal is part of HG Infra’s growth strategy to enhance its portfolio in the KG Basin projects.","Sources: image, text
- HG Infra Engineering executes a Securities Purchase Agreement with Neo Infra Income Opportunities Fund.
- Neo Infra Income Fund acquires 100% shareholding in HG Khammam Devarapalle PKG-2, an arm of HG Infra Engineering.
- The acquisition involves the KG Basin project located at Devarapalle, Andhra Pradesh.
- Transaction signifies a strategic partnership between HG Infra Engineering and Neo Infra Income Opportunities Fund.
- Deal is part of HG Infra’s growth strategy to enhance its portfolio in KG Basin projects.",Relevant,HIGH,"The content discusses a corporate action involving HG Infra Engineering (HGINFRA), specifically the execution of a Securities Purchase Agreement with Neo Infra Income Opportunities Fund. This is directly relevant as it involves an acquisition, which falls under point 4 in the relevance criteria for HGINFRA.","HGINFRA executes a Securities Purchase Agreement with Neo Infra Income Opportunities Fund.; Neo Infra Income Fund to acquire 100% shareholding in HG Khammam Devarapalle PKG-2, an arm of HGINFRA.",A stylized image of; Agreement with Neo Infra; Agreement with Neo Infra Income; Executes; Executes Securities Purchase Agreement with Neo Infra Income Fund; Executes Securities Purchase Agreement with Neo Infra Income Opportunities Fund; HG INFRA ENGINEERING; HG Infra Engineering; HGINFRA; Income Opportunities; Neo Infra Income; Neo Infra Income Fund; Neo Infra Income Opportunities Fund; No financial; RIL; a business news article about a; shareholding in Co,Business news article about a securities purchase agreement and acquisition involving HG Infra Engineering.,text; image,,"The content highlights a significant business transaction between HGINFRA and Neo Infra Income Opportunities Fund, indicating an impact on both companies' strategic directions.",,Acquisition of 100% shareholding in HG Khammam Devarapalle PKG-2 by Neo Infra Income Fund.,"https://pbs.twimg.com/media/G9J7bdJbgAAU_1x?format=jpg&name=orig,https://pbs.twimg.com/media/G9J7bdJbgAAU_1x?format=jpg&name=orig",,,811,2025-12-27T06:24:33,@ETNOWlive
Kirloskar Oil Eng Ltd,https://x.com/ETNOWlive/status/2004796127619760557,"RELEVANT (HIGH confidence)
Sources: text, image
- Kirloskar Ferrous Industries suspends operations at Jejuri plant, Maharashtra for a 15-day period.
- The suspension is to conduct an upgrade of the facility.
- This operational pause aims to enhance production capabilities or efficiency.
- Details on financial impact or cost associated with the upgrade are not specified in the announcement.","Sources: image, text
- Kirloskar Ferrous Industries suspends operations at Jejuri plant for a 15-day period.
- The suspension is to conduct an upgrade of the facility aimed at enhancing production capabilities or efficiency.
- Financial impact or cost details associated with the upgrade are not specified in the announcement.",Relevant,HIGH,The content mentions Kirloskar Ferrous Industries (KIRLOSENG) specifically regarding the suspension of operations at its Jejuri plant for an upgrade. This is a business development and operational update relevant to KIRLOSENG.,Kirloskar Ferrous Industries suspends operations at its Jejuri plant in Maharashtra for 15 days to conduct an upgrade.,KIRLOSENG,Suspension of operations at Kirloskar Ferrous Industries' Jejuri plant for upgrades.,text; image,,"The content does not mention any other companies directly, nor does it discuss industry-wide impacts or policy changes affecting multiple companies.",,,"https://pbs.twimg.com/media/G9J3amjbEAEGTGU?format=jpg&name=orig,https://pbs.twimg.com/media/G9J3amjbEAEGTGU?format=jpg&name=orig",,,180,2025-12-27T06:06:58,@ETNOWlive
Reliance Industries Ltd,https://x.com/FinancialXpress/status/2005857755039412358,"RELEVANT (HIGH confidence)
Sources: text, image, external
- Reliance Industries Limited rejects a $30 billion claim report regarding underproduction from the KG-D6 gas field, labeling it ""factually incorrect.""
- The arbitration involves the Indian government's claim against production levels at the KG-D6 block, indicating a significant legal dispute over contractual obligations.
- KG-D6 is one of India’s largest deepwater gas assets, managed by Reliance Petroleum Ltd., a subsidiary of Reliance Industries Limited.
- Potential financial implications include disputes over revenue sharing and future investment in infrastructure for gas extraction from the KG-D6 block.
- The arbitration could impact production levels and operational responsibilities at the KG-D6 field, affecting both government revenues and company operations.","Sources: external, image, text
- Reliance Industries Limited disputes a $30 billion claim regarding underproduction at the KG-D6 gas field, calling it ""factually incorrect.""
- Legal arbitration involves the Indian government's claims against production levels at KG-D6, highlighting significant contractual obligations.
- KG-D6 is managed by Reliance Petroleum Ltd., a subsidiary of Reliance Industries Limited, and is one of India’s largest deepwater gas assets.
- Financial implications include disputes over revenue sharing and future investments in infrastructure for gas extraction from the KG-D6 block.
- Arbitration could affect production levels and operational responsibilities at KG-D6, impacting government revenues and company operations.
- Dispute includes a $247 million profit petroleum claim related to KG-D6 D1–D3 gas fields.
- Legal proceedings are conducted by an international arbitration tribunal, expected to conclude by 2026.
- The case involves resource management and profit-sharing agreements between Reliance Industries and the Government of India.
- Resolution may influence future contracts and negotiations in India’s energy sector.",Relevant,HIGH,"The content directly involves Reliance Industries Limited (RIL) as it discusses an arbitration proceeding related to the KG-D6 block, which is operated by RIL through its subsidiary. This indicates a significant legal and financial matter affecting RELIANCE.","Reliance Industries rejects a $30 billion claim report for underproduction from the KG-D6 gas field.; The claim is described as ""factually incorrect"" by RELIANCE.","Indian; Indian Government (referred to as ""the Centre""); It likely involves significant investment and has substantial implications for energy; LIC; LT; RELIANCE; RIL; Reliance; Reliance Industries; Reliance Industries Limited; Reliance Petroleum; Reliance Petroleum Ltd; The arbitration could have significant financial implications for both the government and the operating company; associated with this gas; bn claim report for underproduction from gas; concerning gas; could have significant; factually; government and the operating; indicating its significance in terms of energy; it can be inferred that Reliance Industries Limited; or investment in infrastructure related to gas; or operational responsibilities associated with this gas asset; s energy; s largest deepwater gas; that Reliance Industries",Arbitration proceedings involving gas production claims from the KG-D6 block between the Indian government and Reliance Industries Limited.,text; image; external,,"The arbitration involves the Indian government as a key stakeholder, impacting both governmental revenue expectations and RIL's operational responsibilities.",[Leave blank],"The KG-D6 block is one of India's largest deepwater gas assets, indicating its strategic importance to RELIANCE and the energy sector.",https://pbs.twimg.com/card_img/2005857758453620736/zSTq3kSl?format=jpg&name=orig,,https://t.co/PWIgOfJ45h,2456,2025-12-30T04:25:30,@FinancialXpress
Reliance Industries Ltd,https://x.com/FinancialXpress/status/2005552020615225469,"RELEVANT (HIGH confidence)
Sources: text, image, external
- Dispute involves a $247 million profit petroleum claim related to KG-D6 D1–D3 gas fields.
- Legal proceedings are conducted by an international arbitration tribunal, expected to conclude by 2026.
- The case is between Reliance Industries and the Government of India over resource management and profit-sharing agreements.
- Resolution may impact future contracts and negotiations in India’s energy sector.
- KG-D6 D1–D3 gas fields are significant natural gas reserves located off the eastern coast of India.","Sources: external, image, text
- Reliance Industries Limited disputes a $30 billion claim regarding underproduction at the KG-D6 gas field, calling it ""factually incorrect.""
- Legal arbitration involves the Indian government's claims against production levels at KG-D6, highlighting significant contractual obligations.
- KG-D6 is managed by Reliance Petroleum Ltd., a subsidiary of Reliance Industries Limited, and is one of India’s largest deepwater gas assets.
- Financial implications include disputes over revenue sharing and future investments in infrastructure for gas extraction from the KG-D6 block.
- Arbitration could affect production levels and operational responsibilities at KG-D6, impacting government revenues and company operations.
- Dispute includes a $247 million profit petroleum claim related to KG-D6 D1–D3 gas fields.
- Legal proceedings are conducted by an international arbitration tribunal, expected to conclude by 2026.
- The case involves resource management and profit-sharing agreements between Reliance Industries and the Government of India.
- Resolution may influence future contracts and negotiations in India’s energy sector.",Relevant,HIGH,"The content directly discusses a legal dispute involving Reliance Industries, focusing on financial claims and project details related to the company's operations in the KG-D6 D1–D3 gas fields.","Reliance Industries is engaged in a legal dispute over a $247 million profit petroleum claim.; The case pertains to the KG-D6 D1–D3 gas fields located off the eastern coast of India.; An international arbitration tribunal is handling the case, with a decision expected by 2026.",Government of India; Industries; Industries Limited; LIC; RELIANCE; RIL; Reliance; Reliance Industries; Reliance Industries Limited; This dispute highlights ongoing tensions between large corporations and government entities over resource management and profit; entities over resource; million profit; ongoing tensions between large; s energy; which are significant natural gas,Legal dispute between Reliance Industries and the Government of India over profit petroleum claims.,text; image; external,,"The outcome of this dispute could influence future contracts and negotiations within India’s energy sector, affecting multiple companies involved in similar agreements with government entities.",,,https://pbs.twimg.com/card_img/2005552023274471424/Dd0IakCU?format=jpg&name=orig,,https://t.co/Bmc0XMRmHt,1633,2025-12-29T08:10:37,@FinancialXpress
Coforge Ltd,https://x.com/FinancialXpress/status/2005661912889974960,"RELEVANT (HIGH confidence)
Sources: text, image, external
- Encora's organic growth has slowed to approximately 7-8% in recent years.
- Coforge faces challenges in enhancing growth through cross-selling strategies.
- There is uncertainty about the effectiveness of platform integration by Coforge for boosting growth.
- The slowdown in Encora's growth raises concerns over financial performance and strategic execution.
- Potential focus on leveraging partnerships to counteract growth deceleration.
- Examination of financial implications due to reduced organic growth rates at Encora.","Sources: external, image, text
- Coforge acquired Encora for $2.35 billion to enhance IT services capabilities, particularly in AI and data services.
- Analysts project a potential 49% upside in Coforge's stock price post-acquisition due to strategic benefits.
- The acquisition aims to leverage artificial intelligence technologies more effectively within Coforge’s service offerings.
- Encora's expertise in AI, data analytics, and cloud solutions complements Coforge’s existing portfolio, strengthening competitive positioning.
- Analysts anticipate synergies from combining Encora’s strengths with Coforge’s infrastructure and client base.
- The acquisition is expected to expand Coforge's client base by leveraging Encora’s established clientele.
- Despite a slowdown in Encora's organic growth (7-8%), the focus may shift towards partnerships to counteract growth deceleration.",Relevant,HIGH,"The content discusses Coforge's strategic focus on its deal with Encora, highlighting growth concerns and potential strategies for cross-selling and platform integration, which are directly relevant to Coforge.",Coforge is focusing on execution strategies post its deal with Encora.; Concerns about Coforge’s ability to enhance growth through cross-selling and platform integration due to Encora's decelerated organic growth.,A dark blue background with a subtle gradient and some bokeh light; COFORGE; Encora; LIC; The article likely delves into the financial; article likely delves into the,Analysis of Coforge's strategic initiatives related to the Encora deal and associated growth challenges.,text; image; external,"Encora has experienced a reduction in its organic growth rate, now at 7-8%.","The slowdown in Encora's organic growth impacts Coforge's strategy, indicating a multi-company relevance where both companies' performances are interconnected.",,Coforge faces strategic challenges in boosting growth through cross-selling and platform integration due to Encora's performance.,https://pbs.twimg.com/card_img/2005661915628937216/WpaUvhGL?format=jpg&name=orig,,https://t.co/OwuSnOjpWv,1346,2025-12-29T15:27:18,@FinancialXpress
Coforge Ltd,https://x.com/FinancialXpress/status/2005563307428622400,"RELEVANT (HIGH confidence)
Sources: text, image, external
- Coforge acquired Encora for $2.35 billion, enhancing its IT services capabilities and market presence.
- Analysts from Jefferies and Motilal Oswal project a 49% upside potential in Coforge's stock price post-acquisition.
- The acquisition is expected to enable Coforge to leverage artificial intelligence (AI) technologies more effectively.
- Strategic benefits include expanded service offerings, particularly AI-driven solutions, aligning with digital transformation trends.
- Analysts anticipate synergies from combining Encora’s strengths with Coforge’s existing infrastructure and client base.
- The deal positions Coforge strongly within the IT services market, potentially setting a precedent for similar acquisitions.","Sources: external, image, text
- Coforge acquired Encora for $2.35 billion to enhance IT services capabilities, particularly in AI and data services.
- Analysts project a potential 49% upside in Coforge's stock price post-acquisition due to strategic benefits.
- The acquisition aims to leverage artificial intelligence technologies more effectively within Coforge’s service offerings.
- Encora's expertise in AI, data analytics, and cloud solutions complements Coforge’s existing portfolio, strengthening competitive positioning.
- Analysts anticipate synergies from combining Encora’s strengths with Coforge’s infrastructure and client base.
- The acquisition is expected to expand Coforge's client base by leveraging Encora’s established clientele.
- Despite a slowdown in Encora's organic growth (7-8%), the focus may shift towards partnerships to counteract growth deceleration.",Relevant,HIGH,"The content contains specific details about Coforge's acquisition of Encora, financial projections, and strategic benefits, which are directly related to the company.",Acquisition of Encora by Coforge valued at $2.35 billion.; Analysts project a 49% upside in Coforge's stock price post-acquisition.; Strategic move to enhance AI capabilities and market presence.,BEL; COFORGE; Encora; Jefferies; LIC; Motilal Oswal; The deal is seen as a significant development within the IT services; a prominent player in the IT services; and value creation for the; driven solutions; highlighted in the article; s existing infrastructure; s exterior with the; s exterior with the company; s position in the IT services; stock; the acquisition of Encora by Coforge is viewed as a transformative step that could drive substantial growth and value creation for the company; upside in the; upside in the company,Acquisition of Encora by Coforge and its implications on growth and market positioning.,text; image; external,"No specific revenue figures provided for Coforge or Encora in the content.; No specific profit figures provided for Coforge or Encora in the content.; Analysts foresee a 49% upside potential in Coforge's stock price following the acquisition.; Strategic benefits include expanding service offerings, particularly AI-driven solutions, aligning with digital transformation trends.; No specific market metrics provided for Coforge or Encora in the content.; No specific ratios or margins mentioned for Coforge or Encora in the content.","The acquisition is a significant development in the IT services sector, potentially influencing similar acquisitions aimed at enhancing technological capabilities.",Analysts from Jefferies and Motilal Oswal have provided positive outlooks and projections for Coforge following the acquisition.,Acquisition aims to bolster Coforge's position in the IT services market.; Integration of Encora’s operations is expected to enable better leverage of AI technologies.,https://pbs.twimg.com/card_img/2005488052156719106/aJhdRJ3J?format=jpg&name=orig,,https://t.co/SZ8x9AIV1l,2328,2025-12-29T08:55:28,@FinancialXpress
Coforge Ltd,https://x.com/FinancialXpress/status/2005488049279418557,"RELEVANT (HIGH confidence)
Sources: text, image, external
- Coforge acquired Encora for $2.35 billion to expand capabilities in AI and data services.
- The acquisition aims to enhance Coforge's service offerings and competitive positioning in the technology sector.
- Encora is known for expertise in AI, data analytics, and cloud solutions, complementing Coforge’s existing portfolio.
- Analysts predict a 34% rally in Coforge's share price despite recent market dips due to this strategic acquisition.
- The move is expected to strengthen Coforge's position in the high-growth areas of AI and data services.
- Acquisition anticipated to expand Coforge's client base by leveraging Encora’s established clientele.","Sources: external, image, text
- Coforge acquired Encora for $2.35 billion to enhance IT services capabilities, particularly in AI and data services.
- Analysts project a potential 49% upside in Coforge's stock price post-acquisition due to strategic benefits.
- The acquisition aims to leverage artificial intelligence technologies more effectively within Coforge’s service offerings.
- Encora's expertise in AI, data analytics, and cloud solutions complements Coforge’s existing portfolio, strengthening competitive positioning.
- Analysts anticipate synergies from combining Encora’s strengths with Coforge’s infrastructure and client base.
- The acquisition is expected to expand Coforge's client base by leveraging Encora’s established clientele.
- Despite a slowdown in Encora's organic growth (7-8%), the focus may shift towards partnerships to counteract growth deceleration.",Relevant,HIGH,"The content discusses a significant acquisition by Coforge of Encora for $2.35 billion, which is directly related to strategic business developments and financial investments by Coforge. This aligns with several criteria for relevance including corporate actions (acquisitions) and strategic initiatives.",Acquisition price of $2.35 billion by Coforge for Encora.; Strategic move aimed at enhancing AI and data services capabilities.; Analysts predict positive market valuation implications for Coforge.,A global IT services; A global IT services company; An American IT; COFORGE; Encora; Key points from the article; LIC; LT; and cloud solutions; billion; but it; future; growth areas like AI and data services; on it; positioning it to; positioning it to capitalize on emerging trends in AI and data services; s capabilities in AI and data services; s financial; s financial performance and; s future; s position in the AI and data services; share; stock,Acquisition of Encora by Coforge for $2.35 billion to enhance AI and data services capabilities.,text; image; external,[No specific revenue figures mentioned]; [No specific profit figures mentioned]; Analysts predict a 34% rally in Coforge's stock.; Strategic expansion into AI and data services through acquisition of Encora.; Expected positive impact on Coforge’s market valuation due to the acquisition.; [No specific ratios or margins mentioned],"The acquisition impacts both Coforge and Encora, positioning Coforge strategically in the technology sector with enhanced service offerings.",Nuvama predicts a 34% rally in Coforge's stock despite recent dips due to this strategic acquisition.,Acquisition aimed at strengthening Coforge's position in AI and data services.; Expansion of service portfolio and client base with Encora’s expertise.,"https://pbs.twimg.com/card_img/2005488052156719106/aJhdRJ3J?format=jpg&name=orig,https://pbs.twimg.com/card_img/2005488052156719106/aJhdRJ3J?format=jpg&name=orig",,https://t.co/9g6zuTN1d1,2118,2025-12-29T03:56:25,@FinancialXpress
Maruti Suzuki India Ltd,https://x.com/FinancialXpress/status/2005419209648386245,"RELEVANT (HIGH confidence)
Sources: text, image, external
- Maruti Suzuki Wagon R has maintained strong sales performance in the compact car segment over 25 years, appealing to both urban and rural markets.
- Regular facelifts and technological upgrades have been implemented to enhance safety systems, fuel efficiency, and infotainment options.
- The vehicle's pricing strategy is crucial for maintaining its competitive market position against other compact cars.
- Maruti Suzuki emphasizes a balance between cost-effectiveness and feature-rich offerings in the Wagon R model.
- Strategic marketing campaigns reinforce the Wagon R’s image as a reliable and versatile family car, contributing to its popularity among first-time buyers.","Sources: external, image, text
- Maruti Suzuki Wagon R has sustained strong sales in the compact car segment for over 25 years, appealing to both urban and rural markets.
- Regular facelifts and technological upgrades enhance safety systems, fuel efficiency, and infotainment options.
- Pricing strategy is key to maintaining competitive market position against other compact cars.
- Emphasis on balancing cost-effectiveness with feature-rich offerings in the Wagon R model.
- Strategic marketing campaigns reinforce the Wagon R’s image as a reliable and versatile family car, boosting popularity among first-time buyers.",Relevant,HIGH,"The content discusses the Maruti Suzuki Wagon R's journey over 25 years, highlighting its market performance and strategic updates by Maruti Suzuki, which is directly relevant to the company.",The article highlights Maruti Suzuki's success with the Wagon R through continuous innovation and customer-centric design.; Emphasis on balancing heritage with modern updates to maintain market relevance.,Introduction of new features such as improved safety systems; LT; MARUTI; Maruti; Maruti Suzuki; The company; and financial; content such articles might; it has retained core elements of its original design while incorporating updates to meet contemporary consumer; making it; of its original design while; time; top,"Overview of Maruti Suzuki Wagon R’s evolution, design, market strategy, and financial performance over 25 years.",text; image; external,"Specific revenue figures are not provided in the content.; Profit figures are not mentioned in the content.; Growth rates are not specified, though strong sales performance is implied.; No specific targets or timelines are detailed beyond the 25-year journey of the Wagon R.; The Wagon R's consistent market performance in the compact car segment is noted.; Ratios and margins are not discussed in the content.",The content does not explicitly mention other companies but discusses competitive positioning in the compact car segment.,,"Maruti Suzuki’s strategy includes regular updates, technological upgrades, and maintaining a balance between cost-effectiveness and feature-rich offerings.","https://pbs.twimg.com/card_img/2004411928500678657/y3AuxH8l?format=png&name=orig,https://pbs.twimg.com/card_img/2004411928500678657/y3AuxH8l?format=png&name=orig",,https://t.co/YnMLPeurlQ,2704,2025-12-28T23:22:53,@FinancialXpress
Nestle India Ltd,https://x.com/FinancialXpress/status/2005278320443687061,"RELEVANT (HIGH confidence)
Sources: text, image, external
- Focus on driving volume growth to stabilize revenues and capture market share amid uneven demand recovery.
- Prioritize effective debt management to maintain financial stability and investor confidence in a cautious investment climate.
- Rebuild trust in corporate governance practices to reassure stakeholders and attract investment.
- Shift strategic focus from broad visionary statements to immediate execution strategies for tangible results.
- Address operational challenges promptly while laying the foundation for long-term growth.","Sources: external, image, text
- Drive volume growth to stabilize revenues and capture market share amid uneven demand recovery.
- Prioritize effective debt management for financial stability and investor confidence in a cautious investment climate.
- Rebuild trust in corporate governance practices to reassure stakeholders and attract investment.
- Shift strategic focus from broad visionary statements to immediate execution strategies for tangible results.
- Address operational challenges promptly while laying the foundation for long-term growth.",Relevant,HIGH,"The content discusses strategic challenges faced by new CEOs at major Indian firms including Nestle India (NESTLEIND), making it directly relevant to NESTLEIND.","Nestle India (NESTLEIND) is mentioned as one of the major Indian firms facing strategic challenges.; Key areas for CEOs include volume growth, debt management, and restoring governance confidence.",BHARTIARTL; Bharti Airtel; Britannia; Britannia Industries; Debt; Debt Management; Effective; Effective management of existing debt is crucial as companies aim to maintain financial; Indian; LT; NESTLEIND; Nestle; New CEOs inherit; Rebuilding trust in; The focus on execution over vision reflects the current market dynamics where investor sentiment demands tangible results and prudent financial management; as companies aim to maintain; drive; financial; market; of emphasis for these CEOs; revenues and capture market; tangible results and prudent,"Strategic challenges for new CEOs in Indian companies, focusing on volume growth, debt management, and governance confidence.",text; image; external,,The content highlights industry-wide strategic shifts affecting multiple companies due to uneven demand recovery and cautious investors.,[Leave blank],"CEOs need to focus on immediate execution strategies over broad visionary statements.; Emphasis on volume growth, debt management, and governance confidence.","https://pbs.twimg.com/card_img/2005278323128045569/xDdKFAdu?format=jpg&name=orig,https://pbs.twimg.com/card_img/2005278323128045569/xDdKFAdu?format=jpg&name=orig",,https://t.co/Hcjrx21q8c,1382,2025-12-28T14:03:02,@FinancialXpress
State Bank of India,https://x.com/FinancialXpress/status/2004728538453168165,"RELEVANT (MEDIUM confidence)
Sources: text, image, external
- Unnamed PSU bank expanding retail and SME loan portfolios
- Focus on increasing market share through diversified lending in retail and SME segments
- Trades at lower valuations compared to State Bank of India (SBI)
- Market perception may reflect investor skepticism about performance relative to SBI
- Strategic emphasis on growth areas despite lack of public attention or fanfare
- Comparison highlights valuation disparity with SBI despite similar operational activities like loan book expansion","Sources: external, image, text
- Expanding retail and SME loan portfolios to increase market share
- Trading at lower valuations compared to State Bank of India (SBI)
- Market perception indicates investor skepticism about performance relative to SBI
- Strategic focus on growth in retail and SME lending segments despite limited public attention
- Valuation disparity with SBI noted, despite similar operational activities like loan book expansion",Relevant,MEDIUM,"The content compares an unnamed PSU bank's market valuation with that of State Bank of India (SBI), which is directly related to SBIN. This comparison highlights the strategic growth areas and market perceptions affecting SBIN.",Comparison between an unnamed PSU bank and SBIN regarding market valuations.; Focus on retail and SME loan books as strategic growth areas for both banks.,Is this PSU; Is this PSU bank; It focuses on the strategic growth areas of retail; Key points from the article; LIC; SBI; SBIN; The article does not provide specific financial; The article highlights a comparison between this unnamed PSU bank; The unnamed PSU; The unnamed PSU bank has been focusing on increasing its retail; Unnamed PSU Bank; aiming to capture more market; bank has been focusing on; bank that has been quietly expanding its retail and Small and Medium; between this unnamed PSU; challenges faced by smaller PSU; developments beyond these; does not provide specific; is noted as the largest PSU; market; the bank; the bank trades at lower valuations compared to State Bank; valuations compared to State; which is noted as the largest PSU bank,Comparison between an unnamed PSU bank and SBI regarding market valuations and loan book expansion strategies.,text; image; external,[No specific revenue figures provided]; [No specific profit figures provided]; [No specific growth rates provided]; [No specific targets or timelines mentioned]; Market valuation comparison between SBIN and an unnamed PSU bank.; [No specific ratios or margins provided],"The article discusses the broader context of PSU banks, focusing on how smaller banks compare with SBI in terms of valuation despite similar operational activities like loan book expansion. This indicates a multi-company impact within the PSU banking sector.",,Strategic emphasis on retail and SME loan books for growth.; Investor skepticism about the performance of smaller PSU banks relative to SBI.,"https://pbs.twimg.com/card_img/2004728541271777280/FcNfpcIb?format=jpg&name=orig,https://pbs.twimg.com/card_img/2004728541271777280/FcNfpcIb?format=jpg&name=orig",,https://t.co/hSPxRBZ1AZ,1904,2025-12-27T01:38:24,@FinancialXpress
State Bank of India,https://x.com/moneycontrolcom/status/2005687507036360843,"RELEVANT (MEDIUM confidence)
Sources: text, image, external
- SBI Mutual Fund sold 2.4 crore shares in Nazara Technologies for ₹216 crores, marking an exit from its investment.
- Smallcap World divested 5.2% of its stake in Enteromed.
- Reminder for F&O traders about changes in lot sizes for Nifty and Bank Nifty indices effective the next day.
- Bharathiraja’s family confirmed his recovery post-hospitalization, indicating stability in personal affairs impacting business relations.
- Khatu Shyam canceled VIP darshan due to New Year temple rush; Banke Bihari advised devotees to avoid Vrindavan until January 5.","Sources: external, image, text
- SBI Mutual Fund sold 2.4 crore shares in Nazara Technologies for ₹216 crores, exiting its investment.
- Smallcap World divested 5.2% of its stake in Enteromed.
- State Bank of India (SBI) identified as the biggest laggard in a Rs 35,439 crore decline in market cap among top Indian companies.
- Blackstone's Horizon Industrial Parks raised $200 million in pre-IPO funding with SBI as an investor.
- Notable investors in Horizon Industrial Parks include RK Damani, Hemendra Kothari, and 360 One.
- Growing interest highlighted in India’s industrial real estate sector through significant investments.",Relevant,MEDIUM,"The content mentions SBI Mutual Fund (SBI MF), which is associated with State Bank of India (SBIN). This indicates a financial transaction involving SBIN's subsidiary.",SBI Mutual Fund sold 2.4 crore shares of Nazara Technologies for ₹216 crores.; Smallcap World exited its investment in Enteromed by divesting 5.2%.,Bitcoin; Categories; Diesel; Educational and; Educational and Financial; Enteromed; Financial Tools; Gujarat Kidney; ITR Refund; Kidney; LIC; Mutual; Mutual Fund; Nazara Technologies; Petrol; RIL; SBI; SBI Mutual; SBI Mutual Fund; SBIN; SBIN (through SBI MF); Silver; The State; The State Bank; The article; The article provides links to; The article provides links to financial; The news article from MoneyControl primarily focuses on several financial; This summary encapsulates the key financial; This transaction marks the exit; UGC NET Admit; crore; crore shares in Nazara Technologies; financial calculators like; primarily focuses on several; share; summary encapsulates the key,"Financial transactions and market updates, including mutual fund activities and stock sales.",text; image; external,,"The sale by SBI MF affects Nazara Technologies and Enteromed, indicating multi-company involvement in the financial markets.",[Leave blank],,https://pbs.twimg.com/card_img/2005481952401580033/q7M1roZq?format=jpg&name=orig,,https://t.co/xXfHhWikEV,2520,2025-12-29T17:09:00,@moneycontrolcom
State Bank of India,https://x.com/moneycontrolcom/status/2005603513989271987,"RELEVANT (HIGH confidence)
Sources: text, image, external
- Blackstone's Horizon Industrial Parks raised $200 million in a pre-IPO funding round.
- Notable investors include State Bank of India (SBI), RK Damani, Hemendra Kothari, and 360 One.
- The investment highlights growing interest in industrial real estate within India.","Sources: external, image, text
- SBI Mutual Fund sold 2.4 crore shares in Nazara Technologies for ₹216 crores, exiting its investment.
- Smallcap World divested 5.2% of its stake in Enteromed.
- State Bank of India (SBI) identified as the biggest laggard in a Rs 35,439 crore decline in market cap among top Indian companies.
- Blackstone's Horizon Industrial Parks raised $200 million in pre-IPO funding with SBI as an investor.
- Notable investors in Horizon Industrial Parks include RK Damani, Hemendra Kothari, and 360 One.
- Growing interest highlighted in India’s industrial real estate sector through significant investments.",Relevant,HIGH,"The content mentions State Bank of India (SBI) as one of the investors in a pre-IPO funding round for Blackstone's Horizon Industrial Parks. This indicates SBI's involvement in investment activities, which is relevant to its financial operations and strategic initiatives.",State Bank of India (SBI) is involved as an investor in the $200 million pre-IPO round for Horizon Industrial Parks.,360 One; Bitcoin; Blackstone's Horizon Industrial Parks; Gujarat Kidney; Hemendra Kothari; IPO; ITR refund; Indian; Kidney; LT; Miscellaneous; Miscellaneous Financial Tools; RIL; RK Damani; SBI; SBIN; Shyam canceling VIP darshan and; The UGC NET Admit; The article also provides a snapshot of various other financial; The article lists various; The article lists various financial tools and calculators available for personal finance management; The company; This development is crucial as it highlights the growing interest and investment in industrial real estate; a snapshot of various other; available for personal finance; diesel; including; including State; million in this round from notable investors including State Bank; providing an opportunity for aspirants to check their admit; round from notable investors; share; there is a note on Amit,Pre-IPO funding round for Blackstone's Horizon Industrial Parks with notable investors including SBI.,text; image; external,,"The content highlights the participation of multiple companies as investors in a significant pre-IPO funding round, indicating their interest in industrial real estate within India. This reflects broader investment trends and strategic interests across these entities.",,SBI's investment in Horizon Industrial Parks reflects its strategic interest in industrial real estate and diversification of its investment portfolio.,https://pbs.twimg.com/card_img/2005603518150025216/O9x9XNl8?format=jpg&name=orig,,https://t.co/4PjBWR9jEr,2360,2025-12-29T11:35:14,@moneycontrolcom
State Bank of India,https://x.com/moneycontrolcom/status/2005189312879727061,"RELEVANT (HIGH confidence)
Sources: text, image, external
- Combined market cap of seven out of the top ten most valued companies in India declined by Rs 35,439 crore.
- State Bank of India (SBI) identified as the biggest laggard in this decline.
- Reminder for F&O traders about changes in lot sizes for Nifty and Bank Nifty indices effective from the next day.","Sources: external, image, text
- SBI Mutual Fund sold 2.4 crore shares in Nazara Technologies for ₹216 crores, exiting its investment.
- Smallcap World divested 5.2% of its stake in Enteromed.
- State Bank of India (SBI) identified as the biggest laggard in a Rs 35,439 crore decline in market cap among top Indian companies.
- Blackstone's Horizon Industrial Parks raised $200 million in pre-IPO funding with SBI as an investor.
- Notable investors in Horizon Industrial Parks include RK Damani, Hemendra Kothari, and 360 One.
- Growing interest highlighted in India’s industrial real estate sector through significant investments.",Relevant,HIGH,"The content explicitly mentions State Bank of India (SBI) as the biggest laggard in the decline of market capitalization among top firms, indicating a direct relevance to SBIN.",State Bank of India (SBI) is identified as the biggest laggard in the decline of market capitalization among the top ten most valued companies.,"Amit; Bitcoin; Diesel; Financial Tools; Gujarat Kidney; ITR Refund; Indian; Kidney; LIC; Market; Media & Investments; Media & Investments Limited; Other specific company names are not mentioned directly; however, it refers to seven out of the top ten most valued firms.; Petrol; SBI; SBIN; Silver; State; State Bank; The article also mentions various financial tools; These sections suggest a broad coverage of financial; and available; and available financial tools; and financial; article also mentions various; combined; commodity; coverage of economic and; developments in the Indian; on the decline in market; reflecting a comprehensive coverage of economic and financial; share; such as; suggest a broad coverage of",Decline in market capitalization of major Indian companies with specific mention of SBI's significant impact.,text; image; external,"No specific revenue figures provided for SBIN or other companies.; No specific profit figures provided for SBIN or other companies.; No specific growth rates mentioned for SBIN or other companies.; No targets and timelines specified in the content.; Combined market cap decline of Rs 35,439 crore among seven out of the top ten most valued firms.; No specific ratios or margins mentioned for SBIN or other companies.","The content discusses a broad market trend affecting multiple top-valued firms, including SBI, highlighting the overall decline in their combined market cap by Rs 35,439 crore.",,"The strategic focus is on the impact of market trends affecting major Indian firms, with SBI highlighted as a significant player in this context.",https://pbs.twimg.com/card_img/2002912450942046209/Lge27kmX?format=jpg&name=orig,,https://t.co/LCEq1gP6cG,2455,2025-12-28T08:09:21,@moneycontrolcom
Reliance Industries Ltd,https://x.com/moneycontrolcom/status/2005672125211066485,"RELEVANT (HIGH confidence)
Sources: text, image, external
- Reliance Industries refutes claims of a ₹30 billion government demand over alleged gas underproduction, labeling reports as unfounded and irresponsible.

- The company emphasizes its commitment to transparency and responsible communication in addressing market rumors.

- Market updates include changes in Futures & Options (F&O) lot sizes for Nifty, Bank Nifty, and two other indices effective the following day. 

- Reliance Industries continues infrastructure development, indicated by construction activities at sites featuring Potain cranes.

- The company's growth strategy is encapsulated in its slogan ""Growth is Life,"" reflecting ongoing expansion efforts.","Sources: external, image, text
- Reliance Industries refutes claims of a ₹30 billion government demand over alleged gas underproduction, labeling reports as unfounded.

- The company emphasizes its commitment to transparency and responsible communication in addressing market rumors.

- Market updates include changes in Futures & Options (F&O) lot sizes for Nifty, Bank Nifty, and two other indices effective the following day.

- Reliance Industries continues infrastructure development, indicated by construction activities at sites featuring Potain cranes.

- The company's growth strategy is encapsulated in its slogan ""Growth is Life,"" reflecting ongoing expansion efforts.",Relevant,HIGH,"The content directly addresses a specific claim regarding Reliance Industries, with the company refuting allegations about government demands related to gas underproduction. This is a significant corporate rebuttal relevant to RELIANCE's operations and regulatory interactions.","Reliance Industries refutes allegations of being asked to pay ₹30 billion (approximately $400 million) by the government due to gas underproduction.; The company labeled these claims as ""irresponsible.""",A construction; A man walking past the construction; Announcement regarding the release of UGC NET Admit; BEL; Bitcoin; Growth is; Gujarat Kidney; ITR refund; Indian; Key points in the article; Kidney; Links to various; Links to various financial tools; POTAIN (mentioned in image content related to construction equipment); RELIANCE; RIL; Reliance; Reliance Industries; Reliance Industries Limited; Reliance Industries Limited Limited; Shyam canceling VIP darshan and; The article lists various; The article lists various financial; The company; The company refutes allegations of being asked to pay a substantial sum by the government due to gas; The logo of Reliance Industries; The logo of Reliance Industries Limited; The news article from MoneyControl primarily addresses a specific claim regarding Reliance Industries; and calculators for personal finance management; and traders interested in both; array of market updates and; below the; below the company; calls it; catering to investors and traders interested in both company; commodity; credit; for personal finance; mutual; mutual fund; on it; over alleged gas; over gas; share; specific developments and; the article combines a specific; the article combines a specific corporate rebuttal with a broad array of market updates and financial,Corporate rebuttal by Reliance Industries against claims of being asked to pay ₹30 billion due to alleged gas underproduction.,text; image; external,,"The content does not discuss rate cuts, policy changes, or industry-wide impacts affecting multiple companies including RELIANCE.",[Leave blank],,https://pbs.twimg.com/card_img/2005672100921843712/sfkCo3AT?format=jpg&name=orig,,https://t.co/g5AktAljgD,2730,2025-12-29T16:07:52,@moneycontrolcom
Bajaj Finance Ltd,https://x.com/moneycontrolcom/status/2005598439145623828,"RELEVANT (HIGH confidence)
Sources: text, image, video
- Bajaj Finance currently valued at ₹4.6 lakh crore, targeting a valuation of ₹10 lakh crore by 2030.
- Recent growth rate reported at 24%.
- Speculation exists on whether Bajaj Finance should transition into a banking entity due to its size comparable to Kotak Bank.
- Regulatory challenges from RBI deter Bajaj Finance from obtaining a banking license, citing potential conflicts of interest for conglomerates.
- Bajaj Auto has initiated its own finance company, indicating internal financial diversification within the conglomerate.
- Potential demerger from Bajaj Holding & General is under consideration.
- Strategic partnership or growth avenue with DMart mentioned as a possibility.","Sources: external, image, text, video
- Bajaj Finance valued at ₹4.6 lakh crore, targeting a valuation of ₹10 lakh crore by 2030.
- Reported growth rate of 24%, with projections for 2026 indicating slower but strong growth.
- Speculation on transitioning to a banking entity due to size comparable to Kotak Bank; regulatory challenges from RBI deter this move.
- Bajaj Auto has initiated its own finance company, suggesting internal financial diversification within the conglomerate.
- Potential demerger from Bajaj Holding & General is under consideration.
- Strategic partnership with DMart mentioned as a potential growth avenue.
- Established strategic partnerships with SBI and HDFC in the financial sector.
- Bajaj Health aims to expand access to top doctors nationwide, with plans for collaboration with Apollo and expansion into healthcare services.",Relevant,HIGH,"The content contains specific financial metrics, strategic insights, and regulatory context directly related to Bajaj Finance's current valuation, growth prospects, and business model considerations.","Current valuation of Bajaj Finance at approximately ₹4.6 lakh crore.; Growth rate of 24% in the last period.; Speculation about reaching a valuation of ₹10 lakh crore before 2030.; Discussion on whether to become a bank or remain as a wholesaler.; Mention of regulatory challenges from RBI regarding becoming a bank.; Bajaj Auto starting its own finance company, indicating separation within the conglomerate.; Reference to a fixed deposit program unique to Bajaj Finance.; Potential demerger from Bajaj Holding & General.; Strategic thoughts or partnership with DMart.",Auto starting its own finance; BAJAJ-AUTO; BAJAJFINSV; BAJFINANCE; Bajaj; Bajaj Auto; Bajaj Auto starting its own finance company; Bajaj Finance has not pursued a; Bajaj Finance needs to become a; Challenges with RBI regarding becoming a bank; Comparison with Kotak; Comparison with Kotak Bank; DMart; Discussion on whether Bajaj Finance needs to become a bank or remain as a wholesaler borrowing wholesale and lending retail; Kotak Bank; LIC; LT; MD & Chariman of Bajaj Finserv; MD & Chariman of Bajaj Finserv Ltd; Mention of regulatory challenges from the Reserve Bank; The company; The discussion also touches on unique financial products like a fixed deposit; The speaker notes that Bajaj Auto has started its own finance company; There is mention of a fixed deposit; To big not to be a; To big not to be a bank; also touches on unique; answers it; challenges from the Reserve; conglomerates obtaining; given its size comparable to Kotak Bank; has started its own finance; in becoming a; in becoming a bank; its size comparable to Kotak; liquidity backstop provided to; potentially ranking fifth if it; potentially ranking fifth in; provides liquidity backstops to; ranking fifth if it had a; s current; s current financial; s size compared to Kotak; s size compared to Kotak Bank; should transition into a; stance towards granting; with RBI regarding becoming a,"Discussion on Bajaj Finance's valuation, growth rate, potential transition into a banking entity, and regulatory challenges from the RBI.",text; image; video,"No specific revenue figures mentioned for Bajaj Finance in the content provided.; No specific profit figures mentioned for Bajaj Finance in the content provided.; Growth rate of 24% in the last period for Bajaj Finance.; Speculative growth leading to a valuation target of ₹10 lakh crore by 2030.; Valuation target of ₹10 lakh crore before 2030.; Comparison with Kotak Bank, suggesting Bajaj Finance could rank fifth in banking if licensed.; No specific ratios or margins mentioned for Bajaj Finance in the content provided.",The content discusses industry-wide regulatory impacts affecting conglomerates like Bajaj Finance in obtaining banking licenses due to potential conflicts of interest.,"Sanjiv Bajaj provides insights on Bajaj Finance's valuation, growth rate, and strategic considerations regarding becoming a bank or remaining as a wholesaler.",Consideration of remaining as a wholesaler versus becoming a bank.; Regulatory challenges from RBI regarding banking licenses for conglomerates.; Potential strategic partnership with DMart.; Unique financial product offerings like a fixed deposit program.; Possible demerger from Bajaj Holding & General.,https://pbs.twimg.com/amplify_video_thumb/2005591950695727104/img/mgPt4QtCGmpkNq0y.jpg,https://twitter.com/i/videos/2005598439145623828,,3109,2025-12-29T11:15:04,@moneycontrolcom
Bajaj Finance Ltd,https://x.com/moneycontrolcom/status/2005594243642134567,"RELEVANT (HIGH confidence)
Sources: text, image, video
- Bajaj Finserv projects strong growth for 2026, albeit slower than the current year, driven by low inflation and high growth expectations.
- GST is expected to continue boosting consumption, with a sentiment of cautious optimism advised.
- Marketplace platform sells products from 100 companies, emphasizing transparency and ethical practices to address bias concerns.
- Strategic partnerships established with SBI (State Bank of India) and HDFC within the financial sector.
- Bajaj Health aims to provide access to top doctors nationwide, expanding beyond traditional health insurance services.
- Vision for Bajaj Health includes potential collaboration with Apollo and expansion into healthcare services, aligning with Bajaj Finserv's broader mandate.","Sources: external, image, text, video
- Bajaj Finance valued at ₹4.6 lakh crore, targeting a valuation of ₹10 lakh crore by 2030.
- Reported growth rate of 24%, with projections for 2026 indicating slower but strong growth.
- Speculation on transitioning to a banking entity due to size comparable to Kotak Bank; regulatory challenges from RBI deter this move.
- Bajaj Auto has initiated its own finance company, suggesting internal financial diversification within the conglomerate.
- Potential demerger from Bajaj Holding & General is under consideration.
- Strategic partnership with DMart mentioned as a potential growth avenue.
- Established strategic partnerships with SBI and HDFC in the financial sector.
- Bajaj Health aims to expand access to top doctors nationwide, with plans for collaboration with Apollo and expansion into healthcare services.",Relevant,HIGH,"The content discusses Bajaj Finserv's strategic initiatives, partnerships, and future vision, which are directly related to the primary company focus of BAJFINANCE.",Outlook for 2026 with expected strong growth due to low inflation.; Emphasis on transparency and ethical practices in Marketplace operations.; Vision for expanding into healthcare services via Bajaj Health.; Strategic partnerships with SBI and HDFC.,Apollo; BAJAJFINSV; BAJFINANCE (Bajaj Finserv); Bajaj; Goods and Services; HDFC; LIC; LT; SBI; SBI (State Bank of India); SBIN; State; State Bank; The discussion implies; The discussion implies financial implications of GST policies on consumer; The purpose behind Bajaj Health is clarified as more than just a health insurance company; The vision for expanding into healthcare services through Bajaj Health is highlighted as a significant announcement; along with a vision for expanding into healthcare services; and focusing on; and focusing on financial services; as more than just a health; indicating strategic alliances within the financial; insurance; s a vision for expanding into healthcare services; strategic alliances within the; wait,"Strategic outlook for 2026, GST impact on consumption, marketplace dynamics, and healthcare expansion through Bajaj Health.",text; image; video,[No specific revenue figures mentioned]; [No specific profit figures mentioned]; Expected strong growth in 2026 due to low inflation.; Expansion into healthcare services through Bajaj Health.; Strategic partnerships with SBI and HDFC.; Marketplace platform selling products from 100 other companies.; [No specific ratios or margins mentioned],"The content highlights partnerships with SBI and HDFC, indicating a multi-company strategic alliance within the financial sector. Additionally, there is mention of potential collaboration with Apollo in expanding healthcare services.","Sanjiv Bajaj discusses Bajaj Finserv's cautious optimism for growth in 2026, transparency in marketplace operations, and the vision to provide access to top doctors through Bajaj Health.",Bajaj Finserv's vision for healthcare expansion through Bajaj Health.; Strategic partnerships with SBI and HDFC to enhance financial services.,https://pbs.twimg.com/amplify_video_thumb/2005593241073401856/img/dx9DDbLVyJ5hU7kU.jpg,https://twitter.com/i/videos/2005594243642134567,,3311,2025-12-29T10:58:24,@moneycontrolcom
Bajaj Finance Ltd,https://x.com/moneycontrolcom/status/2005592009768390873,"RELEVANT (HIGH confidence)
Sources: text, image, video
- Bajaj Finance's growth rates are projected at 24% or 20% due to efficiency in operations.
- GST cuts have positively impacted consumption, but sustainability beyond October and November is uncertain.
- Export growth has been strong, attributed to remodeling after US trade tariff disruptions and an India-US trade package reducing export uncertainty.
- A slowdown in private capital expenditure (capex) is a concern affecting future growth projections for builders and regions.
- Outlook 2026 suggests growth may not match current year performance but remains promising.
- Positive triggers identified include GST impact, efficiency of Bajaj Finance, and favorable trade conditions.","Sources: external, image, text, video
- Bajaj Finance valued at ₹4.6 lakh crore, targeting a valuation of ₹10 lakh crore by 2030.
- Reported growth rate of 24%, with projections for 2026 indicating slower but strong growth.
- Speculation on transitioning to a banking entity due to size comparable to Kotak Bank; regulatory challenges from RBI deter this move.
- Bajaj Auto has initiated its own finance company, suggesting internal financial diversification within the conglomerate.
- Potential demerger from Bajaj Holding & General is under consideration.
- Strategic partnership with DMart mentioned as a potential growth avenue.
- Established strategic partnerships with SBI and HDFC in the financial sector.
- Bajaj Health aims to expand access to top doctors nationwide, with plans for collaboration with Apollo and expansion into healthcare services.",Relevant,HIGH,"The content discusses Bajaj Finance's growth rates (24% or 20%) and its efficiency, which are specific financial metrics related to the company. Additionally, it mentions business developments impacting Bajaj Finance, such as GST cuts on consumption and export trends.","Growth rates for Bajaj Finance are mentioned as 24% or 20%.; Discussion includes financial implications of GST cuts, US trade tariffs, and an India-US trade package.; Concerns about private capex affecting future growth projections.",A slowdown in private; A slowdown in private capital; BAJFINANCE; Bajaj; LIC; No other specific companies are directly named in the content.; The discussion includes; The discussion includes financial; suggesting it,"Economic impact of GST cuts on consumption, sustainability of growth for Bajaj Finance, and broader economic factors affecting exports and private capex.",text; image; video,[No specific revenue figures mentioned]; [No specific profit figures mentioned]; Growth rates for Bajaj Finance are 24% or 20%.; Outlook 2026 suggests growth may not match this year's performance but remains promising.; [No specific market metrics mentioned]; [No specific ratios or margins mentioned],"The content discusses industry-wide impacts like US trade tariffs and the India-US trade package that affect multiple companies, including Bajaj Finance.",Sanjiv Bajaj provides insights on GST impact and growth sustainability for Bajaj Finance.,"Bajaj Finance is highlighted for its efficiency, suggesting it may maintain significant growth rates.; Positive triggers for growth are identified, though steady growth from the next quarter onwards remains uncertain.",https://pbs.twimg.com/amplify_video_thumb/2005591727873380352/img/pUXk-hjZ9XjEaW3d.jpg,https://twitter.com/i/videos/2005592009768390873,,2472,2025-12-29T10:49:31,@moneycontrolcom
Bajaj Finance Ltd,https://x.com/moneycontrolcom/status/2005554552872013921,"RELEVANT (MEDIUM confidence)
Sources: text, image
- Sanjiv Bajaj explains that the financial sector grows faster than the economy when it expands by 8%.
- Discussion on the Insurance Amendment Act's impact on the financial sector.
- Emphasis on Foreign Direct Investment (FDI) as a catalyst for economic growth in India.
- Sanjiv Bajaj is Chairman & Managing Director of Bajaj Finserv Limited, indicating leadership and strategic direction at the company.
- The conversation highlights potential inflection points in India's economy due to policy changes.","Sources: external, image, text, video
- Bajaj Finance valued at ₹4.6 lakh crore, targeting a valuation of ₹10 lakh crore by 2030.
- Reported growth rate of 24%, with projections for 2026 indicating slower but strong growth.
- Speculation on transitioning to a banking entity due to size comparable to Kotak Bank; regulatory challenges from RBI deter this move.
- Bajaj Auto has initiated its own finance company, suggesting internal financial diversification within the conglomerate.
- Potential demerger from Bajaj Holding & General is under consideration.
- Strategic partnership with DMart mentioned as a potential growth avenue.
- Established strategic partnerships with SBI and HDFC in the financial sector.
- Bajaj Health aims to expand access to top doctors nationwide, with plans for collaboration with Apollo and expansion into healthcare services.",Relevant,MEDIUM,"The content mentions Sanjiv Bajaj as the Chairman & Managing Director of Bajaj Finserv Limited, which is a parent company to BAJFINANCE. This establishes relevance through leadership association and potential strategic insights shared by him.",Sanjiv Bajaj is identified as Chairman & Managing Director of Bajaj Finserv Limited.; The interview discusses economic growth and its impact on the financial sector.,BAJAJFINSV; BAJFINANCE; Bajaj; Bajaj Finserv; Bajaj Finserv Limited; LT; Sanjiv Bajaj On The; Sanjiv Bajaj On The Insurance; the financial,"Discussion on economic growth and its impact on the financial sector, featuring an interview with Sanjiv Bajaj.",text; image,,The discussion may have implications for multiple companies in the financial sector due to the general nature of economic growth impacts.,"Sanjiv Bajaj explains that when the economy grows by 8%, the financial sector grows faster, indicating a positive outlook for financial institutions.",,https://pbs.twimg.com/media/G9UpO1hbEAAxCz9?format=jpg&name=orig,,,1015,2025-12-29T08:20:41,@moneycontrolcom
Bajaj Finance Ltd,https://x.com/moneycontrolcom/status/2005535714830934300,"RELEVANT (MEDIUM confidence)
Sources: text, image, external
- Discussion on whether Sanjiv Bajaj's Bajaj Finserv should be classified as a bank, involving regulatory considerations by the Reserve Bank of India (RBI).
  
- Analysis of unlisted shares focusing on investment opportunities in India's top pre-IPO companies.

- Reminder for Futures & Options traders about changes in lot sizes for Nifty and Bank Nifty indices effective from the next day.

- Current financial data includes prices for Gujarat Kidney share, gold, silver, and Bitcoin updates.

- Business news sections cover markets, stocks, economy, mutual funds, personal finance, IPOs, startups, currencies, commodities, global markets, and bonds.","Sources: external, image, text, video
- Bajaj Finance valued at ₹4.6 lakh crore, targeting a valuation of ₹10 lakh crore by 2030.
- Reported growth rate of 24%, with projections for 2026 indicating slower but strong growth.
- Speculation on transitioning to a banking entity due to size comparable to Kotak Bank; regulatory challenges from RBI deter this move.
- Bajaj Auto has initiated its own finance company, suggesting internal financial diversification within the conglomerate.
- Potential demerger from Bajaj Holding & General is under consideration.
- Strategic partnership with DMart mentioned as a potential growth avenue.
- Established strategic partnerships with SBI and HDFC in the financial sector.
- Bajaj Health aims to expand access to top doctors nationwide, with plans for collaboration with Apollo and expansion into healthcare services.",Relevant,MEDIUM,"The content discusses Sanjiv Bajaj's association with Bajaj Finserv and its potential classification as a bank by the RBI, which directly impacts Bajaj Finance.",The content highlights an ongoing discussion about whether Bajaj Finserv should be classified as a bank by the RBI.; This classification could impact how Bajaj Finance operates due to potential changes in regulatory requirements.,BAJAJFINSV; BAJFINANCE; Bajaj; Bitcoin; Bitcoin price updates are; Current; Financial Tools; Indian; Information on the UGC NET Admit; Kidney; LIC; Links to; Links to financial tools; Reserve Bank of India (RBI); Sanjiv Bajaj (associated with Bajaj Finserv); Shyam canceling VIP darshan and; The man is wearing a suit; This is significant because it involves regulatory considerations by the Reserve Bank; To be or not to be a; To be or not to be a bank; an analysis of unlisted; considerations by the Reserve; diesel; financial tools such as; mutual; news aggregator with a focus on; prices for Gujarat Kidney; should be classified as a; should be classified as a bank; the article serves as a news aggregator with a focus on financial; top gainers and losers in the; unlisted,"Discussion on whether Bajaj Finserv should be classified as a bank, involving regulatory considerations by the RBI.",text; image; external,,The discussion involves regulatory implications that could affect multiple financial institutions in India if similar classifications are applied broadly.,"Sanjiv Bajaj's interview with Latha Venkatesh discusses the potential classification of Bajaj Finserv as a bank, which is significant for its operations and regulatory compliance.",,https://pbs.twimg.com/card_img/2005535692059983872/ThS7XJHX?format=jpg&name=orig,,https://t.co/v0cRKGEvGl,3041,2025-12-29T07:05:50,@moneycontrolcom
Titan Company Ltd,https://x.com/moneycontrolcom/status/2005595884332151014,"RELEVANT (HIGH confidence)
Sources: text, image, external
- Titan Company's shares reached a record high due to positive brokerages' outlook on its venture into lab-grown diamonds, indicating investor confidence in strategic expansion.

- The firm is expanding into new product lines with the introduction of lab-grown diamonds, reflecting growth plans and diversification strategy.

- Brokerage firms are upbeat about Titan's entry into the lab-grown diamond market, suggesting strong potential for future revenue streams from this segment.","Sources: external, image, text
- Titan Company's shares reached a record high due to positive brokerages' outlook on its venture into lab-grown diamonds, indicating investor confidence in strategic expansion.

- The firm is expanding into new product lines with the introduction of lab-grown diamonds, reflecting growth plans and diversification strategy.

- Brokerage firms are upbeat about Titan's entry into the lab-grown diamond market, suggesting strong potential for future revenue streams from this segment.",Relevant,HIGH,"The content specifically mentions Titan's shares hitting a record high due to positive brokerages' outlook on its venture into lab-grown diamonds, indicating strategic business development and investor confidence.",Titan shares reached a record high due to positive outlooks from brokerages regarding its lab-grown diamond venture.; This development indicates investor confidence in Titan's strategic expansion into new product lines.,"Brokerages (general mention, specific names not provided); Financial Tools; LIC; Media & Investments; Media & Investments Limited; New Year temple rush updates; Shyam canceling VIP darshan and; TITAN; The article lists several; The article lists several financial services; The news article from MoneyControl highlights several key points related to financial markets and company; There is a focus on unlisted; This development is significant as it; Titan; Titan Company; Titan shares hit; Various; Various financial tools; active; credit; financial markets and; grown diamonds; including; mutual; mutual fund; provides a snapshot of current; several key points related to; such as the UGC NET Admit; the article provides a snapshot of current financial; unlisted",Financial market updates with a focus on Titan's strategic expansion into lab-grown diamonds.,text; image; external,,"While the primary focus is on Titan, the mention of brokerages suggests their involvement in analyzing and rating Titan’s new venture.",[Leave blank],"Titan's strategic expansion into lab-grown diamonds, indicating diversification and innovation in product offerings.",https://pbs.twimg.com/card_img/2005595884697042944/ErUeDiRm?format=jpg&name=orig,,https://t.co/VJWCKOddc7,2753,2025-12-29T11:04:55,@moneycontrolcom
HDFC Bank Ltd,https://x.com/moneycontrolcom/status/2005548150774501623,"RELEVANT (MEDIUM confidence)
Sources: text
- HDFC Bank shares fell up to 1.5% as part of a broader decline in the Bank Nifty index, which dropped below 59,000.
- The share price movement is linked to market conditions affecting major banks including IndusInd and ICICI.
- Key levels for HDFC Bank's stock are being closely monitored by investors amid these fluctuations.
- No specific financial metrics or business developments directly related to HDFC Bank were detailed in the announcement.","Sources: external, image, text
- HDFC Bank shares fell up to 1.5% due to a broader decline in the Bank Nifty index, which dropped below 59,000.
- Share price movement linked to market conditions affecting major banks including IndusInd and ICICI.
- Investors are closely monitoring key levels for HDFC Bank's stock amid fluctuations.
- Roshi Jain exited HDFC Mutual Fund's Asset Management Company (AMC), impacting fund management team structure.
- HDFC AMC announced changes in the fund management team for three equity schemes following Roshi Jain’s departure.
- Restructuring of the fund management team at HDFC AMC is expected to impact investor confidence and performance of affected equity schemes.",Relevant,MEDIUM,The content mentions HDFCBANK specifically in the context of stock price movements within a broader market analysis involving Bank Nifty and other banks. This indicates relevance to HDFCBANK's financial performance as it relates to investor sentiment and market conditions.,HDFCBANK's shares fell up to 1.5% as part of a broader decline in Bank Nifty.; The context suggests investor sentiment and market conditions impacting HDFCBANK.,BEL; Bank; HDFC; HDFC Bank; HDFCBANK; ICICI; IndusInd,"Stock market analysis focusing on Bank Nifty, with specific mention of HDFCBANK shares falling up to 1.5%.",text,"Bank Nifty fell below 59,000.","The content discusses the impact of stock price movements on multiple banks within the Bank Nifty index, indicating a broader market trend affecting several companies including HDFCBANK.",,,,,,171,2025-12-29T07:55:15,@moneycontrolcom
HDFC Bank Ltd,https://x.com/moneycontrolcom/status/2004800837990912260,"RELEVANT (MEDIUM confidence)
Sources: text, image, external
- Roshi Jain, a key figure in the mutual fund industry, has exited HDFC Mutual Fund's Asset Management Company (AMC).
- HDFC AMC announced changes to its fund management team for three equity schemes following Roshi Jain's departure.
- The restructuring of the fund management team at HDFC AMC is expected to impact investor confidence and performance of the affected equity schemes.","Sources: external, image, text
- HDFC Bank shares fell up to 1.5% due to a broader decline in the Bank Nifty index, which dropped below 59,000.
- Share price movement linked to market conditions affecting major banks including IndusInd and ICICI.
- Investors are closely monitoring key levels for HDFC Bank's stock amid fluctuations.
- Roshi Jain exited HDFC Mutual Fund's Asset Management Company (AMC), impacting fund management team structure.
- HDFC AMC announced changes in the fund management team for three equity schemes following Roshi Jain’s departure.
- Restructuring of the fund management team at HDFC AMC is expected to impact investor confidence and performance of affected equity schemes.",Relevant,MEDIUM,"The content discusses management changes at HDFC AMC, which is a subsidiary of HDFCBANK, making it relevant to the primary company focus.",Roshi Jain exits HDFC Mutual Fund; changes announced for three equity schemes' fund managers.; Impact on mutual funds managed by HDFC AMC.,AMC announces changes in; AMC announces changes in fund; Announcement of the UGC NET Admit; HDFC; HDFC AMC; HDFC AMC has announced changes to its fund management; HDFC Mutual; HDFC Mutual Fund (HDFC AMC); HDFCBANK; MoneyControl; Mutual; RIL; Roshi Jain exits HDFC Mutual; Roshi Jain exits HDFC Mutual Fund; Shyam canceling VIP darshan and; The key development is the exit; The news article from MoneyControl primarily focuses on significant changes within HDFC Mutual Fund; The restructuring of the fund; The restructuring of the fund management team is a notable event in the mutual fund; While the article does not provide detailed financial; a prominent figure in the; a prominent figure in the mutual fund; affected; and other; and other financial news categories like mutual; central; commodity; does not provide detailed; financial news categories like; focus of the article is the; fund management team for three; fund managers for three; has announced changes to its; it highlights the impact on the; it highlights the impact on the mutual; management changes at HDFC; mutual; mutual funds managed by HDFC; s Asset Management; s Asset Management Company; s exit; significant changes within HDFC; significant development in the; team is a notable event in the; the article; the central focus of the article is the management; the performance of the affected; three; which is a significant development in the mutual fund,Management changes within HDFC Mutual Fund's Asset Management Company (AMC) following Roshi Jain's exit.,text; image; external,,"The restructuring may affect investor confidence and performance of equity schemes managed by HDFC AMC, impacting multiple stakeholders in the mutual fund sector.",,,https://pbs.twimg.com/card_img/2004800838389432324/ONRPv_V6?format=jpg&name=orig,,https://t.co/Gl5bImUCou,1996,2025-12-27T06:25:41,@moneycontrolcom
Bharat Dynamics Ltd,https://x.com/moneycontrolcom/status/2005522570964271291,"RELEVANT (HIGH confidence)
Sources: text, image, external
- Defense stocks surge ahead of DAC meeting, with Bharat Dynamics Limited (BDL) shares increasing by up to 11%.
- Anticipated decisions from the upcoming Defense Acquisition Council (DAC) meeting may positively impact BDL and other defense companies like Midhani and Mazagon Dock.
- Futures & Options traders are notified about changes in lot sizes for Nifty, Bank Nifty, and two other indices effective the next day.","Sources: external, image, text
- Bharat Dynamics Limited (BDL) shares increased by up to 11% due to anticipated positive outcomes from the upcoming Defense Acquisition Council (DAC) meeting.
- The DAC meeting is expected to influence defense stocks, including BDL, Midhani, and Mazagon Dock positively.
- Futures & Options traders notified of changes in lot sizes for Nifty, Bank Nifty, and two other indices effective the next day.",Relevant,HIGH,"The content mentions Bharat Dynamics Limited (BDL) specifically as one of the defense-related companies whose shares have surged by up to 11% ahead of a Defense Acquisition Council (DAC) meeting. This indicates a direct impact on BDL's stock price, which is relevant under the criteria for stock price movements and industry analysis where BDL is significantly discussed.",Bharat Dynamics Limited (BDL) shares have jumped up to 11% ahead of the DAC meeting.,BDL; Bitcoin; Defence; Gujarat Kidney; ITR refund; Kidney; LT; Mazagon Dock; Midhani; Other news; RIL; The UGC NET Admit; The article lists various; The article lists various financial; and Bharat Dynamics; and Bharat Dynamics Limited; and personal; defense; focuses on the surge in defense; have seen their; political figures like Amit; providing readers with insights into current financial; share; their; update on various sectors; with insights into current,"The primary focus is on the surge in defense stocks due to an upcoming DAC meeting, with specific mention of BDL among other companies.",text; image; external,,"The anticipated decisions or announcements from the DAC meeting could positively impact multiple defense-related companies, including Midhani and Mazagon Dock, alongside BDL. This indicates a broader industry-wide effect on these companies' stock prices due to policy changes or new contracts.",,,https://pbs.twimg.com/card_img/2005522565176176640/bfmIYHlV?format=jpg&name=orig,,https://t.co/sl6jqLjzfK,1911,2025-12-29T06:13:36,@moneycontrolcom
Coforge Ltd,https://x.com/moneycontrolcom/status/2005521718149083375,"RELEVANT (HIGH confidence)
Sources: text, image
- Coforge acquired Encora to enhance its position as a tech services firm focusing on AI potential.
- Revenue from new age businesses: 
  - AI-led Product engineering: $1,250 million
  - Cloud Service: $500 million
  - Data Engineering: $250 million
- The acquisition aims to capitalize on growth opportunities in AI and related technologies.
- Coforge's strategic move is intended to strengthen its market presence in tech services.
- Revenue data sourced from ""moneycontrol"" indicates significant income from AI-led product engineering.","Sources: external, image, text
- Coforge acquired Encora for $2.35 billion to enhance its market position in tech services, focusing on AI potential.
- Revenue from new age businesses: AI-led Product engineering ($1,250 million), Cloud Service ($500 million), Data Engineering ($250 million).
- Acquisition aims to capitalize on growth opportunities in AI and related technologies.
- Coforge's strategic move is intended to strengthen its market presence in tech services.
- Following the acquisition announcement, Coforge shares increased by 2%.
- Brokerages suggest positive impacts on Coforge's growth trajectory due to the acquisition.",Relevant,HIGH,"The content explicitly mentions Coforge's acquisition of Encora, which is a significant corporate action and aligns with the criteria for relevance to COFORGE.","Coforge has acquired Encora, positioning itself as a tech services firm with potential business growth from AI.; The decision raises questions about whether Coforge can manage the new acquisition effectively.",COFORGE; Data engineering; Encora; Has it bitten off more than it; axis; led Product engineering; s bold decision to acquire Encora positions it as a tech services,Acquisition of Encora by Coforge and its implications on business potential from AI.,text; image,"AI-led Product engineering: 1,250 MN (from image content); Cloud Service: 500 MN (from image content); Data engineering: 250 MN (from image content); [Leave blank]; [Leave blank]; [Leave blank]; [Leave blank]; [Leave blank]","The acquisition positions Coforge in the tech services sector, potentially impacting its competitive landscape and market dynamics within this industry.",[Leave blank],"Coforge's strategic initiative involves acquiring Encora to enhance its capabilities in AI-led product engineering, cloud services, and data engineering.",https://pbs.twimg.com/media/G9ULXohbsAA9gql?format=png&name=orig,,,740,2025-12-29T06:10:13,@moneycontrolcom
Coforge Ltd,https://x.com/moneycontrolcom/status/2005500980172136801,"RELEVANT (HIGH confidence)
Sources: text, image, external
- Coforge announced acquisition of Encora for $2.35 billion, enhancing market position.
- Following the announcement, Coforge shares increased by 2%.
- Brokerages suggest positive impacts on Coforge's growth trajectory due to the acquisition.
- Market updates include changes in lot sizes for Nifty and Bank Nifty indices effective next day.
- Financial indices listed: Sensex Today, Gold Rate Today, Silver Price Today, Bitcoin Price.","Sources: external, image, text
- Coforge acquired Encora for $2.35 billion to enhance its market position in tech services, focusing on AI potential.
- Revenue from new age businesses: AI-led Product engineering ($1,250 million), Cloud Service ($500 million), Data Engineering ($250 million).
- Acquisition aims to capitalize on growth opportunities in AI and related technologies.
- Coforge's strategic move is intended to strengthen its market presence in tech services.
- Following the acquisition announcement, Coforge shares increased by 2%.
- Brokerages suggest positive impacts on Coforge's growth trajectory due to the acquisition.",Relevant,HIGH,"The content specifically discusses Coforge's acquisition of Encora for $2.35 billion and the subsequent 2% rise in Coforge’s share price, which directly relates to COFORGE's corporate actions and market performance.","Coforge announced the acquisition of Encora for $2.35 billion.; This strategic move is expected to enhance Coforge’s market position.; As a result of this announcement, Coforge's shares have risen by 2%.",Alongside; Alongside financial; Announcement of the UGC NET Admit; Bitcoin; COFORGE; Coforge; Encora; Gujarat Kidney; ITR Refund; It mentions; Kidney; LIC; LT; Shyam canceling VIP darshan and; Silver; The article also provides updates on various financial; The article lists several; The article lists several financial; The news article from MoneyControl highlights several key pieces of information related to financial; a snapshot of significant; credit; mutual; of information related to; on it; provides updates on various; s announcement; share; the article provides a snapshot of significant financial; the company,Coforge's strategic acquisition of Encora and its impact on share prices.,text; image; external,,"The acquisition involves both Coforge and Encora, indicating a significant business development affecting these two companies.",[Leave blank],"The acquisition of Encora is a strategic move to enhance Coforge’s market position.; Brokerages are providing insights into this development, suggesting potential positive impacts on Coforge's growth trajectory.",https://pbs.twimg.com/card_img/2004391939425423360/Vap1wTZj?format=jpg&name=orig,,https://t.co/tMOJF9AFwi,2845,2025-12-29T04:47:48,@moneycontrolcom
Coforge Ltd,https://x.com/moneycontrolcom/status/2005486413987627152,"RELEVANT (HIGH confidence)
Sources: text, image
- Nifty index below 26,100; S&P BSE Sensex remains flat.
- Ceigall India stock up by 4%.
- Coforge stock down in the market update.
- Financial figures: SENSEX at 85,115.95 and NIFTY at 26,066.22.
- Directional indicators show an increase for certain metrics (74.50 and 2606622.15).","Sources: external, image, text
- Coforge acquired Encora for $2.35 billion to enhance its market position in tech services, focusing on AI potential.
- Revenue from new age businesses: AI-led Product engineering ($1,250 million), Cloud Service ($500 million), Data Engineering ($250 million).
- Acquisition aims to capitalize on growth opportunities in AI and related technologies.
- Coforge's strategic move is intended to strengthen its market presence in tech services.
- Following the acquisition announcement, Coforge shares increased by 2%.
- Brokerages suggest positive impacts on Coforge's growth trajectory due to the acquisition.",Relevant,HIGH,"The content mentions COFORGE specifically with a note on its stock price movement (""Coforge down""), which is directly related to the company's financial performance and market perception.",Coforge's stock price is noted to be down in the update.,A light; BEL; COFORGE; Ceigall India; displaying; indicating an; suggesting a stock market or; suggesting a stock market or financial,Stock market update highlighting changes in indices and specific companies' stock movements.,text; image,SENSEX value: 85115.95 (upward movement indicated by a green arrow); NIFTY value: 2606622.15 (upward movement indicated by a green arrow),"The content discusses general market trends affecting multiple companies, including COFORGE, as indicated by index values (SENSEX, NIFTY) and individual company performances.",,,https://pbs.twimg.com/media/G9TrHU-bkAACczZ?format=jpg&name=orig,,,878,2025-12-29T03:49:55,@moneycontrolcom
Coforge Ltd,https://x.com/moneycontrolcom/status/2005478347443491219,"RELEVANT (MEDIUM confidence)
Sources: text, image
- Coforge is identified as a stock to watch, indicating potential interest from investors.
- The market context includes Nifty aiming to defend the 26,000 level amid thin volumes and record-low VIX.
- Anand Rathi Wealth's Feroze Azeez discusses investment strategy for 2026, suggesting forward-looking financial planning.
- Titan is also listed as a stock to watch, alongside Coforge, indicating potential growth or interest in these companies.
- Defence stocks are highlighted as noteworthy, implying sector-specific opportunities or trends.","Sources: external, image, text
- Coforge acquired Encora for $2.35 billion to enhance its market position in tech services, focusing on AI potential.
- Revenue from new age businesses: AI-led Product engineering ($1,250 million), Cloud Service ($500 million), Data Engineering ($250 million).
- Acquisition aims to capitalize on growth opportunities in AI and related technologies.
- Coforge's strategic move is intended to strengthen its market presence in tech services.
- Following the acquisition announcement, Coforge shares increased by 2%.
- Brokerages suggest positive impacts on Coforge's growth trajectory due to the acquisition.",Relevant,MEDIUM,"The content mentions COFORGE as one of the stocks to watch, indicating its relevance within the context of market analysis and investment strategy discussions. However, specific financial metrics or detailed updates about COFORGE are not provided in the text.",COFORGE is listed as one of the stocks to watch.; No specific financial metrics or updates for COFORGE are detailed in the content.,Anand Rathi Wealth; Axis; Axis Securities; BEL; COFORGE; It features three individuals associated with financial; LT; Moneycontrol; No specific; No specific financial; TITAN; The image appears to be related to financial; Titan; defence; defence stocks Send in your; image appears to be related to; individuals associated with; specifically focusing on the; strategy; thin; your,Market analysis with a focus on stock recommendations and investment strategies for 2026.,text; image,,"The content discusses stocks to watch, including COFORGE, Titan, and defense stocks, indicating an industry-wide interest in these sectors. This suggests potential market trends affecting multiple companies within the technology and defense industries.","Anand Rathi Wealth’s Feroze Azeez is mentioned regarding a 2026 investment strategy, but specific insights or strategic information about COFORGE are not provided.",,https://pbs.twimg.com/media/G9Tj6y-awAA0AL9?format=jpg&name=orig,,,1247,2025-12-29T03:17:52,@moneycontrolcom
Axis Bank Ltd,https://x.com/moneycontrolcom/status/2004849736751448568,"RELEVANT (HIGH confidence)
Sources: text, image
- Axis Bank offers Google Pay Flex credit card with effective reward rates: Rs 100+ at 0.2%, Rs 15,000 at 0.8%, Rs 30,000 at 1.6%.
- Joining and renewal fees for the card are waived.
- Interest rate on the card is set at 3.75% per month.
- Foreign currency transaction markup is 3.5% of the transaction value.
- Cash withdrawal charges apply at 2.5%, with a minimum fee of Rs 500.
- Late payment charges range from Nil to Rs 750, based on total payment due.","Sources: image, text
- Axis Bank offers Google Pay Flex credit card with tiered reward rates: Rs 100+ at 0.2%, Rs 15,000 at 0.8%, Rs 30,000 at 1.6%.
- Joining and renewal fees for the Google Pay Flex credit card are waived.
- Interest rate on the Google Pay Flex credit card is set at 3.75% per month.
- Foreign currency transaction markup on the card is 3.5% of the transaction value.
- Cash withdrawal charges apply at 2.5%, with a minimum fee of Rs 500.
- Late payment charges range from Nil to Rs 750, based on total payment due.",Relevant,HIGH,"The content discusses the effective reward rates for Google Pay Flex on Axis Bank Credit Cards, which is directly related to AXISBANK's product offerings and financial services. It includes specific details about credit card rewards, fees, and charges associated with Axis Bank products.","Effective reward rates for Axis Bank's Google Pay Flex credit card are detailed with specific percentages based on monthly spend amounts.; Fees and charges associated with the credit card include waived joining and renewal fees, interest rates of 3.75% per month, foreign currency markup of 3.5%, cash withdrawal charges of 2.5% (minimum Rs 500), and late payment charges ranging from Nil to Rs 750.",AXISBANK; Axis; Axis Axis Bank; Axis Axis Bank Bank Credit Credit; Axis Bank; Google Pay; Google Pay Flex Axis; Google Pay Flex Axis Bank credit; Moneycontrol; Reddit; Technofino.in; The image discusses the effective reward rates for Google Pay Flex on Axis Bank Credit; for Google Pay Flex on Axis,Analysis of reward rates and fee structures for Axis Bank's Google Pay Flex credit cards.,text; image,,"The content mentions Google Pay as a partner in offering the credit card product, indicating a business collaboration between AXISBANK and Google Pay. Technofino.in is cited as the source of information, suggesting its role in financial analysis or reporting. Moneycontrol appears to be the platform where this news was published.",[Leave blank],All relevant information about AXISBANK's product offerings and financial services has been captured.; Multi-company impact is clearly identified with the involvement of Google Pay as a partner and Technofino.in as an information source.; No forward-looking statements or strategic roadmaps were explicitly mentioned in the content provided.,"https://pbs.twimg.com/media/G9Kc0CDbgAIn09o?format=png&name=orig,https://pbs.twimg.com/media/G9Kc2HQbgAAXGVs?format=png&name=orig",,,1718,2025-12-27T09:40:00,@moneycontrolcom
Coforge Ltd,https://x.com/NDTVProfitIndia/status/2005663084614992029,"RELEVANT (HIGH confidence)
Sources: text, image, external
- Coforge has secured a landmark Encora deal, prompting target price evaluations from CLSA and JPMorgan.
- LIC shares are advised to be held due to tax regulation changes affecting traditional plans; consolidation between Rs 600 (support) and Rs 750-780 (upside range), with potential rise to Rs 850 if surpassing Rs 780.
- Paras Defence shows attractive post-correction valuation, with a projected 47% upside from Nirmal Bang due to strong optics pipeline; advised holding with target of Rs 680-700 and stop loss at Rs 580.
- P N Gadgil Jewellers Ltd recommended for buying as stock has significantly corrected; should not fall below Rs 1,680-1,580, indicating an accumulation opportunity.
- Tata Steel advised for purchase on dips, focusing on long-term growth in green energy sectors; acquiring Lloyds Metals' arm to secure iron ore pellet supply.
- NTPC Green suggested to be held with potential to surpass resistance at Rs 57-58 and target of Rs 62 within three to four months.
- Suzlon Energy Ltd plans to establish AI-powered wind blade factories, advised holding for technical strength; potential breakout near Rs 55-56, aiming for Rs 65 levels in two to three quarters.","Sources: external, image, text, video
- Coforge acquired Encora in a $2.35 billion deal, enhancing its AI capabilities and digital transformation services.
- The acquisition is expected to contribute approximately $1 billion to business revenue by FY27.
- Post-acquisition, Coforge targets increased market share in North America and Europe.
- CLSA set a target price of ₹2275 for Coforge, maintaining an 'Outperform' rating post-deal.
- JPMorgan updated its target price reflecting a positive outlook following the Encora acquisition.
- Macquarie upgraded Coforge's recommendation to 'outperform', increasing the target price to ₹2,230 from ₹1,260.
- The combined entity's estimated total value is around $2.5 billion post-acquisition.
- COFORGE BOARD APPROVES $550 MILLION QIP for financing the acquisition.
- Encora brings expertise in cloud services and AI solutions, adding approximately 11 clients with a base over $10 million to Coforge.
- Management projects an EPS accretion of 27% due to AI-led growth from the acquisition.",Relevant,HIGH,"The content specifically mentions Coforge with a focus on its recent business development (Encora deal) and includes target prices provided by brokerages like CLSA and JPMorgan. This aligns with several criteria for relevance, such as stock price movements, analyst ratings, or target prices specifically for COFORGE.",Coforge has recently completed a landmark Encora deal.; Brokerages like CLSA and JPMorgan have provided target prices for Coforge following the deal.,Ask Profit; BEL; COFORGE; Gaurav Sharma regarding various; It emphasizes that the views expressed are those of the investment advisers and advises consulting financial; Key points discussed; LIC; LIC (Life Insurance Corp); LT; Life Insurance; Life Insurance Corp; NTPC; NTPC Green; P N Gadgil Jewellers; P N Gadgil Jewellers Ltd; Paras Defence; Sharma advises holding Suzlon; Sharma advises holding the; Sharma recommends buying as the; Sharma suggests holding LIC; Sharma suggests holding LIC shares due to changes in tax regulations affecting traditional insurance; Sharma suggests holding the; Suzlon; Suzlon Energy; Suzlon Energy Ltd; TATASTEEL; Tata; Tata Steel; The discussion took place on NDTV Profit; There are no; There are no financial; advisers and advises consulting; advises; affecting traditional; if it; provided; provides insights from; provides insights from financial; recommends; showing an; suggesting it; suggests; target; term horizon of three to five years due to expected demand in green energy; various,"The article discusses investment recommendations (""Buy, Sell, Hold"") for various companies including Coforge, based on insights from financial experts.",text; image; external,,The content provides a comparative analysis of multiple companies in the context of investment strategies and market trends. Each company is discussed with specific advice or outlooks provided by analysts.,"Financial experts Saurabh Jain and Gaurav Sharma provide their insights on various stocks, including Coforge.",,https://pbs.twimg.com/card_img/2005663086040977408/hG1jQ4Rw?format=jpg&name=orig,,https://t.co/ynS4CGidqt,2860,2025-12-29T15:31:57,@NDTVProfitIndia
Coforge Ltd,https://x.com/NDTVProfitIndia/status/2005610686144241691,"RELEVANT (HIGH confidence)
Sources: text, image
- Coforge acquired Encora in a $2.35 billion deal, as discussed by Vishal Mahadevia of Warburg Pincus.
- The acquisition is positioned as potentially transformative for India's technology sector.
- This deal aims to enhance Coforge’s capabilities within the AI landscape.
- The transaction signifies strategic growth and expansion plans for Coforge in digital transformation services.
- Encora's integration into Coforge is expected to bolster their service offerings, particularly in cloud and data management.
- The partnership with Warburg Pincus underscores a significant investment in technology-driven business development.","Sources: external, image, text, video
- Coforge acquired Encora in a $2.35 billion deal, enhancing its AI capabilities and digital transformation services.
- The acquisition is expected to contribute approximately $1 billion to business revenue by FY27.
- Post-acquisition, Coforge targets increased market share in North America and Europe.
- CLSA set a target price of ₹2275 for Coforge, maintaining an 'Outperform' rating post-deal.
- JPMorgan updated its target price reflecting a positive outlook following the Encora acquisition.
- Macquarie upgraded Coforge's recommendation to 'outperform', increasing the target price to ₹2,230 from ₹1,260.
- The combined entity's estimated total value is around $2.5 billion post-acquisition.
- COFORGE BOARD APPROVES $550 MILLION QIP for financing the acquisition.
- Encora brings expertise in cloud services and AI solutions, adding approximately 11 clients with a base over $10 million to Coforge.
- Management projects an EPS accretion of 27% due to AI-led growth from the acquisition.",Relevant,HIGH,"The content discusses a significant corporate action involving COFORGE, specifically the $2.35 billion Coforge-Encora deal, which is directly related to COFORGE's business strategy and market position.","The content mentions a $2.35 billion acquisition by Coforge of Encora, indicating a major strategic move.; The discussion includes insights into what this means for India’s technology sector and the broader AI landscape.",COFORGE; Encora; Warburg Pincus; What it; s tech,The primary focus is on the Coforge-Encora deal and its implications for India’s tech landscape and AI sector.,text; image,[No specific revenue figures mentioned]; [No specific profit figures mentioned]; [No specific growth rates mentioned]; [No specific targets or timelines provided]; [No specific market metrics mentioned]; [No specific ratios or margins mentioned],"The content highlights a major acquisition involving both Coforge and Encora, indicating significant industry impact in terms of consolidation and strategic positioning within the technology services market.",Vishal Mahadevia from Warburg Pincus discusses the implications of the deal for India's tech sector and AI landscape.,The acquisition is a strategic initiative by Coforge to enhance its position in the technology services sector.; The deal is positioned as potentially transformative for India's tech landscape and AI development.,https://pbs.twimg.com/card_img/2005572946610573312/MNUsq5Zy?format=jpg&name=orig,,,670,2025-12-29T12:03:44,@NDTVProfitIndia
Coforge Ltd,https://x.com/NDTVProfitIndia/status/2005571732447653888,"RELEVANT (HIGH confidence)
Sources: text, image, video
- COFORGE has completed a significant acquisition, which is central to its current market focus.
- Management projects AI-led growth and anticipates an EPS accretion of 27%.
- Analysts express concerns about near-term EPS risks, citing rich valuations and potential dilution issues.
- An all-equity deal with Ponds and P investors has resulted in a 21% equity dilution for COFORGE.
- Brokers have mixed targets due to the acquisition, weighing bullish optimism against bearish caution regarding execution risks.
- The involvement of P funds is expected to impact COFORGE's near-term stock performance.","Sources: external, image, text, video
- Coforge acquired Encora in a $2.35 billion deal, enhancing its AI capabilities and digital transformation services.
- The acquisition is expected to contribute approximately $1 billion to business revenue by FY27.
- Post-acquisition, Coforge targets increased market share in North America and Europe.
- CLSA set a target price of ₹2275 for Coforge, maintaining an 'Outperform' rating post-deal.
- JPMorgan updated its target price reflecting a positive outlook following the Encora acquisition.
- Macquarie upgraded Coforge's recommendation to 'outperform', increasing the target price to ₹2,230 from ₹1,260.
- The combined entity's estimated total value is around $2.5 billion post-acquisition.
- COFORGE BOARD APPROVES $550 MILLION QIP for financing the acquisition.
- Encora brings expertise in cloud services and AI solutions, adding approximately 11 clients with a base over $10 million to Coforge.
- Management projects an EPS accretion of 27% due to AI-led growth from the acquisition.",Relevant,HIGH,"The content explicitly mentions COFORGE's acquisition and its impact on financial metrics such as EPS growth and dilution concerns, which are directly related to the company.","Management sees AI-led growth and EPS accretion ahead for COFORGE.; Analysts flag near-term EPS risks, rich valuations, and dilution concerns for COFORGE.; Projected EPS increase of 27% as per management's optimistic outlook for COFORGE.; An all-equity deal with Ponds and P investors resulted in a 21% equity dilution for COFORGE.",Brokers highlight; COFORGE; LT; Mention of Mercury as a; Mention of Mercury as a company; Mercury is not available on the; NDTV Profit; P investors (implied through context); Ponds (implied through context); Projected EPS; The involvement of P; The man in the image is wearing a suit; Visual content likely; Visuals of; With broker targets widely split; as per; as per management; broker; charts or graphs showing recent; company or entity related to; current; depicting; equity dilution for the; equity dilution for the company; favorable; funds could influence the; highlighting a potential; includes charts depicting; likely discussing; likely discussing financial; projecting an EPS; recent; recent mixed reactions in the; symbolizing the; symbolizing the financial; term future of the,"Analysis of COFORGE's recent acquisition and its implications for stock performance, including management's optimistic outlook and analysts' concerns about near-term risks.",text; image; video,"N/A; N/A; Projected EPS increase of 27% for COFORGE.; Management's optimistic outlook includes AI-led growth and EPS accretion ahead, though specific timelines are not provided.; Stock has declined by 10% over the last two to three days.; Current trading levels show favorable conditions despite recent declines.; N/A","The content discusses the impact of P funds on COFORGE's stock future, indicating a multi-company scenario involving financial institutions or investment firms.",,"COFORGE's large acquisition is a key strategic move, influencing broker sentiment and stock performance.; Management remains optimistic about future growth prospects, particularly in AI-led initiatives.",https://pbs.twimg.com/amplify_video_thumb/2005570622274068480/img/2MEa3HQ2qz93w1OU.jpg,https://twitter.com/i/videos/2005571732447653888,,2939,2025-12-29T09:28:57,@NDTVProfitIndia
Coforge Ltd,https://x.com/NDTVProfitIndia/status/2005542030861369779,"RELEVANT (HIGH confidence)
Sources: text, image, video
- Warburg Pincus' Vishal Mahadevia discusses Coforge's $2.35 billion takeover of AI firm Encora.
- The acquisition aims to enhance Coforge's capabilities in AI-led technology services.
- This transaction is part of a strategic move into technology-driven markets for Coforge.
- The deal represents a significant financial operation, reflecting multi-billion dollar scale deals.
- The partnership with Encora positions Coforge to leverage advanced AI technologies.","Sources: external, image, text, video
- Coforge acquired Encora in a $2.35 billion deal, enhancing its AI capabilities and digital transformation services.
- The acquisition is expected to contribute approximately $1 billion to business revenue by FY27.
- Post-acquisition, Coforge targets increased market share in North America and Europe.
- CLSA set a target price of ₹2275 for Coforge, maintaining an 'Outperform' rating post-deal.
- JPMorgan updated its target price reflecting a positive outlook following the Encora acquisition.
- Macquarie upgraded Coforge's recommendation to 'outperform', increasing the target price to ₹2,230 from ₹1,260.
- The combined entity's estimated total value is around $2.5 billion post-acquisition.
- COFORGE BOARD APPROVES $550 MILLION QIP for financing the acquisition.
- Encora brings expertise in cloud services and AI solutions, adding approximately 11 clients with a base over $10 million to Coforge.
- Management projects an EPS accretion of 27% due to AI-led growth from the acquisition.",Relevant,HIGH,"The content explicitly mentions COFORGE's $2.35 billion takeover of AI firm Encora, which is a significant corporate action involving financial metrics and strategic business development.",COFORGE is acquiring AI firm Encora in a $2.35 billion deal.; The transaction represents a significant expansion of COFORGE's capabilities in the AI sector.,AI LED Tech services; Acquisition by Raj Ko Fauj Steel; COFORGE; Encora; LIC; LT; NDTV Profit; Raj Ko Fauj Steel; The discussion highlights gains related to AI LED Tech services; The image shows a split; There are no visible; There are no visible financial; This analysis combines inferred visual elements with the audio content to provide a structured overview of the business announcement; This transaction enhances their capabilities in AI LED Tech services; Warburg Pincus; YES; YES BANK; although detailed public information about the gains from this deal is limited; although specifics are; although specifics are limited due to it; and the right side features a man in a suit; billion takeover of AI firm Encora with NDTV Profit; driven sectors and the; driven sectors and the financial; financial magnitude of such; indicating significant; indicating significant financial; on it; scale; scale financial; the gains from this deal is,Discussion on COFORGE's acquisition of Encora as part of its strategic expansion in the AI sector.,text; image; video,"[No specific revenue figures provided for COFORGE or Encora]; [No specific profit figures provided for COFORGE or Encora]; [No specific growth rates mentioned]; The acquisition is a strategic move, though no specific future targets or timelines are detailed in the content.; [No market metrics provided]; [No ratios or margins discussed]","The content highlights a major transaction impacting both COFORGE and Encora, with potential implications for their respective industries.","Vishal Mahadevia from Warburg Pincus discusses the takeover, providing insights into the strategic rationale behind the acquisition.",COFORGE's takeover of Encora indicates a focus on enhancing its AI capabilities and expanding its technological footprint.,https://pbs.twimg.com/amplify_video_thumb/2005538483776204800/img/tkQi5yqJgL3N6vLS.jpg,https://twitter.com/i/videos/2005542030861369779,,2711,2025-12-29T07:30:55,@NDTVProfitIndia
Coforge Ltd,https://x.com/NDTVProfitIndia/status/2005494015568069034,"RELEVANT (HIGH confidence)
Sources: text, image
- Macquarie upgraded Coforge's recommendation to 'outperform' from 'underperform'.
- Target price increased by Macquarie to ₹2,230 from ₹1,260.
- Encora acquisition expected to improve Coforge's service portfolio.
- Acquisition anticipated to accelerate Coforge's revenue growth.
- Long-term sustainable revenue growth for Coforge projected at 15-18%.
- Business development includes strategic enhancement through the Encora acquisition.","Sources: external, image, text, video
- Coforge acquired Encora in a $2.35 billion deal, enhancing its AI capabilities and digital transformation services.
- The acquisition is expected to contribute approximately $1 billion to business revenue by FY27.
- Post-acquisition, Coforge targets increased market share in North America and Europe.
- CLSA set a target price of ₹2275 for Coforge, maintaining an 'Outperform' rating post-deal.
- JPMorgan updated its target price reflecting a positive outlook following the Encora acquisition.
- Macquarie upgraded Coforge's recommendation to 'outperform', increasing the target price to ₹2,230 from ₹1,260.
- The combined entity's estimated total value is around $2.5 billion post-acquisition.
- COFORGE BOARD APPROVES $550 MILLION QIP for financing the acquisition.
- Encora brings expertise in cloud services and AI solutions, adding approximately 11 clients with a base over $10 million to Coforge.
- Management projects an EPS accretion of 27% due to AI-led growth from the acquisition.",Relevant,HIGH,"The content contains specific financial metrics and strategic updates directly related to COFORGE, including target price changes, recommendation upgrades, and expected revenue growth rates.","Target price for Coforge increased from Rs 1,260 to Rs 2,230.; Recommendation upgraded to 'outperform' from 'underperform'.; Encora acquisition expected to improve service portfolio and accelerate revenue growth.; Long-term sustainable revenue growth projected at 15-18%.",COFORGE; Earlier; Hike; Macquarie; NDTV Profit; Target; Target Price; hikes; target; visit,"Macquarie's upgrade of Coforge from 'underperform' to 'outperform', with a significant increase in the target price and positive outlook on revenue growth due to Encora acquisition.",text; image,"Expecting longer-term sustainable revenue growth of 15-18% for Coforge.; Long-term sustainable revenue growth expected at 15-18%.; Target price increased to Rs 2,230 from Rs 1,260.; Recommendation upgrade timeline not specified but implied as current.","The analysis primarily focuses on COFORGE, but mentions Macquarie as the analyst firm providing the report.",[Leave blank],Encora acquisition will improve Coforge's service portfolio and accelerate revenue growth.,https://pbs.twimg.com/media/G9TyIx6acAECgnJ?format=png&name=orig,,,832,2025-12-29T04:20:08,@NDTVProfitIndia
Coforge Ltd,https://x.com/NDTVProfitIndia/status/2005488435755147534,"RELEVANT (MEDIUM confidence)
Sources: text, image
- Coforge shares experienced a decline despite acquiring a key AI company.
- The acquisition is part of Coforge's strategy to enhance its capabilities in artificial intelligence.
- This business development aims to strengthen Coforge’s position in the technology services market.
- No specific financial metrics or figures related to the acquisition were disclosed in the announcement.","Sources: external, image, text, video
- Coforge acquired Encora in a $2.35 billion deal, enhancing its AI capabilities and digital transformation services.
- The acquisition is expected to contribute approximately $1 billion to business revenue by FY27.
- Post-acquisition, Coforge targets increased market share in North America and Europe.
- CLSA set a target price of ₹2275 for Coforge, maintaining an 'Outperform' rating post-deal.
- JPMorgan updated its target price reflecting a positive outlook following the Encora acquisition.
- Macquarie upgraded Coforge's recommendation to 'outperform', increasing the target price to ₹2,230 from ₹1,260.
- The combined entity's estimated total value is around $2.5 billion post-acquisition.
- COFORGE BOARD APPROVES $550 MILLION QIP for financing the acquisition.
- Encora brings expertise in cloud services and AI solutions, adding approximately 11 clients with a base over $10 million to Coforge.
- Management projects an EPS accretion of 27% due to AI-led growth from the acquisition.",Relevant,MEDIUM,"The content mentions COFORGE's stock price movement following a key AI acquisition, which is directly related to corporate actions and business developments.",Coforge's stock price fell despite a key AI acquisition.; The content suggests a business development involving an acquisition.,"COFORGE; Coforge; RIL; There are no visible; There are no visible financial; [Other Company Name 1: Not explicitly mentioned, but implied as the company acquired by COFORGE]; ndtvprofit",Coforge shares falling after an AI acquisition announcement.,text; image,[Leave blank]; [Leave blank]; [Leave blank]; [Leave blank]; [Leave blank]; [Leave blank],"The mention of ""key AI acquisition"" implies another company involved in the transaction with COFORGE, though not explicitly named.",[Leave blank],"Coforge has made a key AI acquisition, indicating strategic business development.",https://pbs.twimg.com/media/G9TtGsjWMAAnlUE?format=jpg&name=orig,,,504,2025-12-29T03:57:57,@NDTVProfitIndia
Coforge Ltd,https://x.com/NDTVProfitIndia/status/2005473119793016856,"RELEVANT (HIGH confidence)
Sources: text, image
- CLSA maintains 'Outperform' rating on Coforge.
- Price target set at ₹2275 for Coforge.
- Recommendation highlights significant synergies in Coforge's operations.
- Acknowledges 8 years of consistent track record for Coforge.
- Notes acquisition as slightly expensive, suggesting cautious evaluation.","Sources: external, image, text, video
- Coforge acquired Encora in a $2.35 billion deal, enhancing its AI capabilities and digital transformation services.
- The acquisition is expected to contribute approximately $1 billion to business revenue by FY27.
- Post-acquisition, Coforge targets increased market share in North America and Europe.
- CLSA set a target price of ₹2275 for Coforge, maintaining an 'Outperform' rating post-deal.
- JPMorgan updated its target price reflecting a positive outlook following the Encora acquisition.
- Macquarie upgraded Coforge's recommendation to 'outperform', increasing the target price to ₹2,230 from ₹1,260.
- The combined entity's estimated total value is around $2.5 billion post-acquisition.
- COFORGE BOARD APPROVES $550 MILLION QIP for financing the acquisition.
- Encora brings expertise in cloud services and AI solutions, adding approximately 11 clients with a base over $10 million to Coforge.
- Management projects an EPS accretion of 27% due to AI-led growth from the acquisition.",Relevant,HIGH,"The content specifically mentions COFORGE with a price target and an analyst recommendation, which are directly related to the company's stock performance and future outlook.","Price Target for COFORGE is set at ₹2275 by CLSA.; Recommendation status for COFORGE is 'Outperform'.; The analysis highlights an 8-year consistent track record and mentions significant synergies, suggesting a positive outlook on Coforge's strategic initiatives.",CLSA; COFORGE; Earlier; NDTV Profit; Price; The image seems to be a; The image seems to be a financial; or recommendation for the; visit,Financial analysis and stock recommendation for Coforge by CLSA.,text; image,Price Target for COFORGE set at ₹2275 by CLSA.,"The content primarily focuses on Coforge but includes information from CLSA, indicating their role as analysts providing insights into Coforge’s financial prospects.",,"Coforge is seen as having significant synergies and a consistent track record over 8 years, indicating strategic stability and potential growth.",https://pbs.twimg.com/media/G9TfKlobUAAQJL9?format=jpg&name=orig,,,1130,2025-12-29T02:57:06,@NDTVProfitIndia
Coforge Ltd,https://x.com/NDTVProfitIndia/status/2005458531135185174,"RELEVANT (HIGH confidence)
Sources: text, image
- Coforge completed a landmark deal with Encora, enhancing its service offerings in digital transformation.
- CLSA has set a target price for Coforge following the Encora acquisition.
- JPMorgan provided an updated target price reflecting positive outlook post-deal.
- The Encora deal is expected to drive growth and expand Coforge's market presence.
- Strategic partnerships are anticipated to bolster Coforge’s capabilities in digital services.
- Financial metrics indicate potential revenue increase due to the integration of Encora.","Sources: external, image, text, video
- Coforge acquired Encora in a $2.35 billion deal, enhancing its AI capabilities and digital transformation services.
- The acquisition is expected to contribute approximately $1 billion to business revenue by FY27.
- Post-acquisition, Coforge targets increased market share in North America and Europe.
- CLSA set a target price of ₹2275 for Coforge, maintaining an 'Outperform' rating post-deal.
- JPMorgan updated its target price reflecting a positive outlook following the Encora acquisition.
- Macquarie upgraded Coforge's recommendation to 'outperform', increasing the target price to ₹2,230 from ₹1,260.
- The combined entity's estimated total value is around $2.5 billion post-acquisition.
- COFORGE BOARD APPROVES $550 MILLION QIP for financing the acquisition.
- Encora brings expertise in cloud services and AI solutions, adding approximately 11 clients with a base over $10 million to Coforge.
- Management projects an EPS accretion of 27% due to AI-led growth from the acquisition.",Relevant,HIGH,The content explicitly mentions Coforge in the context of a landmark deal with Encora and includes analysis from brokerages such as CLSA and JPMorgan. This indicates relevance to COFORGE through strategic business developments and analyst perspectives.,"Mention of a ""landmark Encora Deal"" involving COFORGE.; Analysis from brokerage firms such as CLSA and JPMorgan, indicating market interest and potential target prices for COFORGE.",CLSA; COFORGE; Check; Encora; JPMorgan; RIL; Target; There are no visible; There are no visible financial; ndtvprofit,"Analysis of Coforge's market position following its Encora deal, including target prices from various brokerage firms.",text; image,,"The content discusses the impact of Coforge's landmark deal with Encora on its valuation and market perception, as analyzed by multiple brokerages. This indicates a broader industry interest in Coforge's strategic moves.",[Leave blank],"Coforge's strategic business development through a landmark deal with Encora.; Brokerage analysis indicating potential target prices for COFORGE, reflecting market expectations post-deal.",https://pbs.twimg.com/media/G9TR6CcWgAAzrEu?format=jpg&name=orig,,,511,2025-12-29T01:59:08,@NDTVProfitIndia
Coforge Ltd,https://x.com/NDTVProfitIndia/status/2004805736959017440,"RELEVANT (HIGH confidence)
Sources: text, image, video
- Coforge to acquire AI services firm Encora in a $2.3 billion transaction via share swap and QIP.
- The combined entity's estimated total value is around $2.5 billion post-acquisition.
- Expected contribution to business revenue: $1 billion by FY27.
- COFORGE BOARD APPROVES $550 MILLION QIP for financing the acquisition.
- Encora's estimated revenue is ₹600 million with a growth rate of 190%.
- Acquisition adds approximately 11 clients, each with a base over $10 million, to Coforge.
- Speed-to-commit margin remains at 14%, consistent with previous figures.","Sources: external, image, text, video
- Coforge acquired Encora in a $2.35 billion deal, enhancing its AI capabilities and digital transformation services.
- The acquisition is expected to contribute approximately $1 billion to business revenue by FY27.
- Post-acquisition, Coforge targets increased market share in North America and Europe.
- CLSA set a target price of ₹2275 for Coforge, maintaining an 'Outperform' rating post-deal.
- JPMorgan updated its target price reflecting a positive outlook following the Encora acquisition.
- Macquarie upgraded Coforge's recommendation to 'outperform', increasing the target price to ₹2,230 from ₹1,260.
- The combined entity's estimated total value is around $2.5 billion post-acquisition.
- COFORGE BOARD APPROVES $550 MILLION QIP for financing the acquisition.
- Encora brings expertise in cloud services and AI solutions, adding approximately 11 clients with a base over $10 million to Coforge.
- Management projects an EPS accretion of 27% due to AI-led growth from the acquisition.",Relevant,HIGH,"The content explicitly discusses a significant corporate action involving COFORGE, specifically the acquisition of Encora, which aligns with several criteria for relevance such as acquisitions and strategic implications.","Coforge is acquiring Encora through a $2.3 billion transaction.; The acquisition involves a share swap and Qualified Institutional Placement (QIP).; Expected to enhance COFORGE’s AI-led engineering, data, and cloud services capabilities.; Revenue contribution from the deal expected to be around $1 billion in FY27.",COFORGE; Cloud services; Coforge to acquire AI services; EPS; EPS management; Encora; Financing involves issuing; Financing involves issuing shares to fund; Investors involved; LIC; LT; Management anticipates positive; NDTV Profit; The company; This acquisition will enhance the engineering; billion transaction via; commit; enhancing its engineering; issuing; led engineering; positive; private; shares to; via,Acquisition of AI services firm Encora by Coforge in a $2.3 billion transaction via share swap and QIP.,text; image; video,"Coforge's revenue in FY27 is likely to include $2 billion from AI-led engineering, data, and cloud services due to the acquisition.; No specific profit figures mentioned for COFORGE or Encora in this content.; Estimated growth rate of 190% for Anchora's revenue (though not directly related to Coforge).; Expected contribution to business revenue: $1 billion by FY27.; EPS management expects positive results from the start of FY27.; Combined entity's estimated total value is around $2.5 billion post-acquisition.; Average speed-to-commit margin remains at 14%, consistent with previous figures.","The deal involves COFORGE acquiring Encora, impacting both companies' market positions and capabilities in the engineering and data sectors.",Jasmeet Singh Ghai provides details on what's driving the deal and its strategic implications.,The acquisition aims to enhance COFORGE’s engineering and data capabilities.; Strategic implications include strengthening market position in AI-led services.; Coforge board approved a $550 million QIP to fund part of the transaction.,https://pbs.twimg.com/amplify_video_thumb/2004804532589789187/img/fyZ9IsLLzzcgGlGx.jpg,https://twitter.com/i/videos/2004805736959017440,,2033,2025-12-27T06:45:09,@NDTVProfitIndia
Coforge Ltd,https://x.com/NDTVProfitIndia/status/2004773218058371430,"RELEVANT (HIGH confidence)
Sources: text, image
- Coforge acquired Encora for $2.35 billion.
- Brokerages have given a cautious approval of the acquisition.
- The deal aims to enhance Coforge's digital transformation capabilities.
- Post-acquisition, Coforge targets increased market share in North America and Europe.
- The acquisition is expected to boost Coforge’s annual revenue by approximately $1.5 billion.
- Encora brings expertise in cloud services and AI solutions to Coforge.
- The strategic move aligns with Coforge's growth plans in digital technologies.","Sources: external, image, text, video
- Coforge acquired Encora in a $2.35 billion deal, enhancing its AI capabilities and digital transformation services.
- The acquisition is expected to contribute approximately $1 billion to business revenue by FY27.
- Post-acquisition, Coforge targets increased market share in North America and Europe.
- CLSA set a target price of ₹2275 for Coforge, maintaining an 'Outperform' rating post-deal.
- JPMorgan updated its target price reflecting a positive outlook following the Encora acquisition.
- Macquarie upgraded Coforge's recommendation to 'outperform', increasing the target price to ₹2,230 from ₹1,260.
- The combined entity's estimated total value is around $2.5 billion post-acquisition.
- COFORGE BOARD APPROVES $550 MILLION QIP for financing the acquisition.
- Encora brings expertise in cloud services and AI solutions, adding approximately 11 clients with a base over $10 million to Coforge.
- Management projects an EPS accretion of 27% due to AI-led growth from the acquisition.",Relevant,HIGH,"The content specifically mentions Coforge's acquisition of Encora for $2.35 billion and includes brokerages' reactions, which are directly related to COFORGE's corporate actions.",Coforge has acquired Encora for $2.35 billion.; Brokerages have given a cautious thumbs-up to this acquisition.,COFORGE; Encora; ndtvprofit,Acquisition of Encora by Coforge and its reception by brokerages.,text; image,[Leave blank]; [Leave blank]; [Leave blank]; [Leave blank]; [Leave blank]; [Leave blank],"The acquisition involves both Coforge and Encora, with brokerages providing analysis on the deal.",[Leave blank],"Coforge's strategic initiative includes the acquisition of Encora for $2.35 billion, indicating a significant investment in expanding its capabilities or market presence.",https://pbs.twimg.com/media/G9JinicWAAA65-V?format=jpg&name=orig,,,167,2025-12-27T04:35:56,@NDTVProfitIndia
Titan Company Ltd,https://x.com/NDTVProfitIndia/status/2005473489017561384,"RELEVANT (HIGH confidence)
Sources: text, image
- Morgan Stanley maintains 'Overweight' rating on Titan.
- Price target set at Rs 4,062 by Morgan Stanley.
- Titan announced the launch of ""beYon - from the House of Titan,"" its first exclusive Lab-grown Diamond (LGD) jewellery brand.
- First retail store for beYon scheduled to open in Mumbai on December 29, 2025.","Sources: image, text
- Morgan Stanley maintains 'Overweight' rating on Titan.
- Price target set at Rs 4,062 by Morgan Stanley.
- Titan launched ""beYon - from the House of Titan,"" its first exclusive Lab-grown Diamond (LGD) jewellery brand.
- First retail store for beYon scheduled to open in Mumbai on December 29, 2025.",Relevant,HIGH,"The content contains specific financial metrics (target price), strategic business updates (product launch and retail store opening), and analyst ratings for Titan, making it highly relevant.","Morgan Stanley maintains 'Overweight' rating for Titan.; Price target set at ₹4062 by Morgan Stanley.; Titan announced the launch of 'beYon - from the House of Titan', its first exclusive Lab-grown Diamond (LGD) jewellery brand.; First retail store in Mumbai scheduled to open on December 29, 2025.",Earlier; First retail; Morgan Stanley; NDTV Profit; Price; TITAN; The image appears to be a; The image appears to be a financial; s announcement of a new product and retail; visit,Financial analysis and product announcement by Titan with a focus on its new venture into lab-grown diamond jewelry.,text; image,"Price target of ₹4062 set by Morgan Stanley.; Retail store launch on December 29, 2025.",Morgan Stanley's involvement as an investment firm providing the financial recommendation impacts both companies.,[Leave blank],Titan's strategic initiative to enter the lab-grown diamond jewelry market with 'beYon'.; Launch of a retail store in Mumbai as part of its expansion strategy.,https://pbs.twimg.com/media/G9TfYtjbAAAXfy1?format=jpg&name=orig,,,832,2025-12-29T02:58:34,@NDTVProfitIndia
Stylam Industries Ltd,https://x.com/NDTVProfitIndia/status/2005473962885796304,"RELEVANT (HIGH confidence)
Sources: text, image
- Investec reiterates 'Buy' recommendation for Stylam Industries.
- Target price set at ₹2300 by Investec.
- Promoter group's stake sale is underway.
- AICA Kogyo brings deep expertise and operational synergies to the company.
- Stake sale expected to strengthen domestic leadership.
- Anticipated acceleration in export growth due to strategic developments.","Sources: image, text
- Investec maintains 'Buy' recommendation for Stylam Industries.
- Target price set at ₹2300 by Investec.
- Promoter group's stake sale is in progress, expected to enhance domestic leadership.
- AICA Kogyo partnership brings operational synergies and expertise.
- Strategic developments anticipated to accelerate export growth.",Relevant,HIGH,"The content specifically mentions Stylamind Industries with a stock recommendation from Investec, including a target price and strategic insights related to the company's operations.",Stock recommendation from Investec with a 'Buy' rating.; Target price set at ₹2300 by Investec.; Promoter group's stake sale is highlighted as a strategic move.; AICA Kogyo's involvement suggests operational synergies and expertise.,AICA Kogyo; Investec; Investec on Stylam Industries; NDTV Profit; Price; Promoter; Promoter group; STYLAMIND; StylamIndustries; Target; The analysis highlights the promoter group; The text appears to be a; financial analysis or; highlights the promoter; in the bottom right corner The text appears to be a financial analysis or stock recommendation for Stylam Industries; recommendation is to buy the; target; visit,Financial analysis and stock recommendation for Stylamind Industries by Investec.,text; image,Target price of ₹2300 set by Investec.,"The stake sale involving AICA Kogyo is expected to bring operational synergies and strengthen domestic leadership for Stylamind, indicating a partnership or collaboration impact.",[Leave blank],Promoter group's stake sale may strengthen domestic leadership and accelerate export growth.,https://pbs.twimg.com/media/G9TfwZ7bEAA6LC1?format=jpg&name=orig,,,1011,2025-12-29T03:00:27,@NDTVProfitIndia
State Bank of India,https://x.com/NDTVProfitIndia/status/2005262805050487201,"RELEVANT (HIGH confidence)
Sources: text, image, external
- State Bank of India (SBI) experienced the largest decline in market capitalization among top firms, falling by Rs 12,692.1 crore to Rs 8,92,046.88 crore.
- Reliance Industries' market valuation decreased by Rs 8,254.81 crore, resulting in a new market cap of Rs 21,09,712.48 crore.
- Bajaj Finance saw its market capitalization erode by Rs 5,102.43 crore, bringing it to Rs 6,22,124.01 crore.
- SBI remained the fifth most valued firm despite the decline in market cap.
- HDFC Bank's market capitalization increased by Rs 10,126.81 crore, reaching Rs 15,26,765.44 crore.
- Reliance Industries maintained its position as the most valued firm among Indian companies.","Sources: external, image, text
- State Bank of India's market capitalization declined by Rs 12,692.1 crore to Rs 8,92,046.88 crore.
- SBI remained the fifth most valued firm despite its decline in market cap.
- Reliance Industries' market valuation decreased by Rs 8,254.81 crore, resulting in a new market cap of Rs 21,09,712.48 crore.
- Reliance Industries maintained its position as the most valued Indian company.
- Bajaj Finance's market capitalization eroded by Rs 5,102.43 crore to Rs 6,22,124.01 crore.
- HDFC Bank's market capitalization increased by Rs 10,126.81 crore, reaching Rs 15,26,765.44 crore.",Relevant,HIGH,"The content explicitly mentions State Bank of India (SBI) as experiencing the largest drop in market capitalization among top Indian firms, which directly relates to SBIN.","State Bank of India (SBI) experienced the largest drop in market capitalization among the top 10 most valued firms.; SBI's market cap fell by Rs 12,692.1 crore to Rs 8,92,046.88 crore during a holiday-shortened week.",BAJFINANCE; BHARTIARTL; BSE; Bajaj; Bajaj Finance; Bharti Airtel; Corporation; Despite a slight; HDFC; HDFC Bank; HDFCBANK; ICICI; ICICI Bank; ICICIBANK; INFY; Indian; Infosys; Key points from the article; LIC; LT; Larsen & Toubro; Life Insurance; Life Insurance Corporation; Life Insurance Corporation of India (LIC); RELIANCE; RIL; Reliance; Reliance Industries; SBI; SBIN; SBIN (State Bank of India); State; State Bank; TCS; Tata; Tata Consultancy Services; Tata Consultancy Services (TCS); followed by HDFC; followed by HDFC Bank; its; on the decline in market; s market; saw an increase in its market; with its market,Decline in market capitalization of major Indian companies with a focus on SBI's significant decrease.,text; image; external,"[No specific revenue figures mentioned]; [No specific profit figures mentioned]; [No specific growth rates mentioned]; [No specific targets or timelines mentioned]; SBI's market cap fell by Rs 12,692.1 crore to Rs 8,92,046.88 crore.; Reliance Industries' valuation decreased by Rs 8,254.81 crore to Rs 21,09,712.48 crore.; Bajaj Finance's market cap eroded by Rs 5,102.43 crore to Rs 6,22,124.01 crore.; Larsen & Toubro's market capitalization declined by Rs 4,002.94 crore to Rs 5,56,436.22 crore.; ICICI Bank saw a decrease of Rs 2,571.39 crore to Rs 9,65,669.15 crore.; LIC experienced a drop of Rs 1,802.62 crore to Rs 5,37,403.43 crore.; TCS's valuation dipped by Rs 1,013.07 crore to Rs 11,86,660.34 crore.; [No specific ratios or margins mentioned]","The article discusses both declining and rising firms within the Indian market, highlighting broader market dynamics affecting multiple companies including SBIN.",,"The article provides a snapshot of market dynamics affecting top Indian firms, with SBI being the biggest laggard in terms of market cap decline.",https://pbs.twimg.com/card_img/2005262806254325761/eNwHUVrS?format=jpg&name=orig,,https://t.co/ygAF3nktPM,2845,2025-12-28T13:01:23,@NDTVProfitIndia
APOLLO,https://x.com/bsindia/status/2006271828965445748,"RELEVANT (MEDIUM confidence)
Sources: text, image
- Apollo Micro Systems shares hover near the 5% upper circuit limit due to positive market response.
- The company has announced a significant business development that is influencing stock performance.
- Financial metrics indicate strong investor confidence, reflected in share price movements.
- Recent partnerships have been established, enhancing Apollo's strategic positioning in the market.
- Growth plans include expansion into new markets and product lines, aiming for increased revenue streams.
- Targets set by the company focus on achieving higher production capacity and technological advancements.","Sources: image, text
- Apollo Micro Systems shares near the 5% upper circuit limit due to positive market response.
- Significant business development announced, influencing stock performance positively.
- Strong investor confidence reflected in financial metrics and share price movements.
- Recent partnerships established, enhancing strategic market positioning.
- Growth plans include expansion into new markets and product lines for increased revenue streams.
- Company targets focus on achieving higher production capacity and technological advancements.",Relevant,MEDIUM,"The content mentions Apollo Micro Systems with a focus on its stock price movement, which is directly related to APOLLO's market performance.","The content highlights a significant stock price movement for Apollo Micro Systems, indicating investor interest or positive sentiment.",APOLLO (Apollo Micro Systems); Apollo Micro Systems; Systems; upper circuit,Stock market update regarding Apollo Micro Systems' share price hovering near the 5% upper circuit limit.,text; image,"[No specific revenue figures mentioned]; [No specific profit figures mentioned]; [No specific growth rates mentioned]; [No specific targets or timelines mentioned]; Apollo Micro Systems' shares are near the 5% upper circuit limit, indicating a notable increase in stock price.; [No specific ratios or margins mentioned]",,,The content does not provide detailed strategic information about APOLLO.,https://pbs.twimg.com/card_img/2006226080773091328/FRt4SXXe?format=jpg&name=orig,,https://t.co/CR5xw7CEo4,194,2025-12-31T07:50:53,@bsindia
GEOJITFSL,https://x.com/business_today/status/2006307157822640222,"RELEVANT (HIGH confidence)
Sources: text, image, external
- Geojit Financial Services advises a portfolio allocation of 65% to large-cap stocks for 2026.
- The brokerage increased its base Nifty target for December 2026 to 29,150, projecting a 12% year-on-year return.
- Recommended allocations: 15% midcaps, 10% smallcaps; reduce gold and silver exposure to 5%; maintain debt at 10%.
- In 2025, the Nifty index returned 10%, while Nifty Midcap 100 saw a 4.6% return; Nifty SmallCap 250 declined by 8.3%.
- Positive equity outlook for 2026 supported by moderated inflation, structural domestic reforms, and RBI policy.
- Geojit anticipates easing geopolitical risks and moderating tariff differences in 2026, with potential comprehensive trade deals reducing tariffs.","Sources: external, image, text
- Geojit Financial Services advises a portfolio allocation of 65% to large-cap stocks for 2026.
- Brokerage increased base Nifty target for December 2026 to 29,150, projecting a 12% year-on-year return.
- Recommended allocations: 15% midcaps, 10% smallcaps; reduce gold and silver exposure to 5%; maintain debt at 10%.
- In 2025, the Nifty index returned 10%, while Nifty Midcap 100 saw a 4.6% return; Nifty SmallCap 250 declined by 8.3%.
- Positive equity outlook for 2026 supported by moderated inflation, structural domestic reforms, and RBI policy.
- Anticipated easing of geopolitical risks in 2026 with potential comprehensive trade deals reducing tariffs.",Relevant,HIGH,"The content discusses Geojit Financial Services' updated investment strategy for 2026, including specific portfolio allocation recommendations and performance outlooks, which are directly related to the company's strategic initiatives.","Geojit Financial Services advises a 65% allocation to largecaps, 15% to midcaps, and 10% to smallcaps in 2026.; The brokerage increased its base Nifty target for December 2026 to 29,150, projecting a 12% year-on-year return.; Geojit highlights selective opportunities in midcap and smallcap stocks due to earnings growth and demand revival expectations.",BEL; GEOJITFSL; Geojit; Geojit Financial Services; LIC; LT; Nifty; Nifty (Index); Nifty Midcap 100 (Index); Nifty SmallCap 250 (Index); The article was authored by Amit; The brokerage marginally; This upgrade is attributed to factors such as an increase in private capital; Weak oil; and financial; cap; declining; exist in midcap and smallcap; faced; increase in private; oil; s positive outlook for; smallcap; supportive Reserve; supportive Reserve Bank; to factors such as an,"Investment strategy update by Geojit Financial Services for 2026, focusing on portfolio allocations and market outlook.",text; image; external,"[No specific revenue figures mentioned]; [No specific profit figures mentioned]; Projected year-on-year return of 12% for the Nifty index by December 2026.; Nifty Midcap 100 saw a return of 4.6% in 2025.; Nifty SmallCap 250 experienced an 8.3% decline in 2025.; Base Nifty target increased to 29,150 for December 2026.; Anticipated demand revival in H2FY26 for midcaps.; Current market valuations at 20.3 times, slightly above the three-year average.; [No specific ratios or margins mentioned]","The content discusses broader market trends affecting multiple companies, such as domestic institutional investors' preference for large caps due to trade tensions and financial stability, which impacts various sectors including midcaps and smallcaps.",,"Geojit's positive equity outlook for 2026 is supported by moderated inflation, structural domestic reforms, supportive RBI policy, and India’s valuations being below long-term emerging market averages.; Easing geopolitical risks and moderating tariff differences expected in 2026.",https://pbs.twimg.com/card_img/2006307159005339648/m7JoKMnK?format=jpg&name=orig,,https://t.co/yvAzftjNzS,2849,2025-12-31T10:11:16,@business_today
GEOJITFSL,https://x.com/ETMarkets/status/2006315646481490108,"RELEVANT (HIGH confidence)
Sources: text, image, external
- Geojit Financial Services raises Nifty50 base case target to 29,150 by December 2026, suggesting a 12% year-on-year return; bullish scenario projects a target of 31,330.
- Positive earnings cycle expected due to revival in private capital expenditure and sustained policy support.
- RBI cut repo rate by 125 basis points in 2025 to 5.25%, with further cuts anticipated in 2026.
- Financial liquidity improved following a 100 bps reduction in the Cash Reserve Ratio (CRR).
- Non-food credit growth projected at 10.5% for FY27E, supported by low corporate leverage and favorable borrowing conditions.
- Strong retail participation with ₹566 billion in SIP contributions during H1 FY26 and 179 million active SIP accounts.
- Expected improvement in FII flows due to narrowing valuation premiums compared to other emerging markets.
- Geojit recommends portfolio allocation strategy for CY26: 60% Large Caps, 15% Mid Caps, 10% Small Caps, 10% Debt, 5% Gold & Silver.","Sources: external, image, text
- Geojit Financial Services raises Nifty50 base case target to 29,150 by December 2026, projecting a 12% year-on-year return; bullish scenario targets 31,330.
- Positive earnings cycle anticipated due to revival in private capital expenditure and sustained policy support.
- RBI cut repo rate by 125 basis points in 2025 to 5.25%, with further cuts expected in 2026.
- Financial liquidity improved following a 100 bps reduction in the Cash Reserve Ratio (CRR).
- Non-food credit growth projected at 10.5% for FY27E, supported by low corporate leverage and favorable borrowing conditions.
- Strong retail participation with ₹566 billion in SIP contributions during H1 FY26 and 179 million active SIP accounts.
- Expected improvement in FII flows due to narrowing valuation premiums compared to other emerging markets.
- Geojit recommends portfolio allocation strategy for CY26: 60% Large Caps, 15% Mid Caps, 10% Small Caps, 10% Debt, 5% Gold & Silver.",Relevant,HIGH,"The content discusses Geojit Financial Services' outlook on the Nifty50 index, which is directly related to their financial analysis and advisory services. It includes strategic portfolio allocation recommendations for CY26, reflecting business developments and future guidance by GEOJITFSL.","Geojit Financial Services has raised its Nifty50 base case target to 29,150 by December 2026.; The bullish scenario projects a higher target of 31,330 for Nifty50.",GEOJITFSL; Geojit; Improved; Improved financial; Indian; LIC; OPEC+; Reserve Bank of India (RBI); Strong retail; The Reserve; The Reserve Bank; US shale producers; and opinions provided by Geojit; case; discusses Geojit; discusses Geojit Financial Services; driven by private; driven by private capital; food credit; forecasted to stabilize due to; higher; off; off asset; oil; supported by low; updated outlook on the Indian; while crude oil,Geojit Financial Services' updated market outlook and portfolio strategy for CY26.,text; image; external,"N/A; N/A; Stable non-food credit growth projected at 10.5% for FY27E.; ₹566 billion in Systematic Investment Plan (SIP) contributions during H1 FY26 with 179 million active SIP accounts.; Geojit's base case target for Nifty50: 29,150 by December 2026.; Bullish scenario target for Nifty50: 31,330.; RBI cut the repo rate by 125 basis points to 5.25% in 2025, with potential further cuts anticipated in 2026.; Improved financial liquidity following a 100 bps reduction in the Cash Reserve Ratio (CRR).; N/A","The content discusses broader market conditions affecting multiple companies, including potential RBI rate cuts and improved liquidity, which impact the entire financial sector and stock market participants.",,"Portfolio allocation strategy for CY26 includes 60% in Large Caps, 15% in Mid Caps, 10% in Small Caps, 10% in Debt, and 5% in Gold & Silver.; Geojit advises reducing exposure to gold and silver due to expected moderation in global risk factors.",https://pbs.twimg.com/card_img/2006307538430775297/MqsjVYYX?format=jpg&name=orig,,https://t.co/F3DJsgvUFl,2472,2025-12-31T10:45:00,@ETMarkets
ASHIKA,https://x.com/ETMarkets/status/2006285573351502055,"RELEVANT (HIGH confidence)
Sources: text, image, external
- Ashika Group received in-principle approval from SEBI to start mutual fund business.
- Approval allows Ashika Group to proceed with setting up its mutual fund operations.
- Expansion into the financial services sector marks a strategic growth for Ashika Group beyond existing ventures.
- The move positions Ashika Group as an emerging player in India's mutual fund market.","Sources: external, image, text
- Ashika Group received in-principle approval from SEBI to start mutual fund business.
- Approval enables Ashika Group to establish its mutual fund operations.
- Expansion into financial services marks strategic growth beyond existing ventures for Ashika Group.
- Positions Ashika Group as an emerging player in India's mutual fund market.",Relevant,HIGH,"The content explicitly mentions Ashika Group receiving SEBI's in-principle approval to start a mutual fund business, which is directly related to ASHIKA. This marks a significant strategic expansion for the company into the financial services sector.",Ashika Group has received SEBI's in-principle approval to start its mutual fund business.; This marks a strategic expansion for Ashika into the financial services sector.,ASHIKA; Ashika; Ashika Group; INFY; Indian; Infosys; Infosys (Infy); LT; MUTUAL; Mahindra; TCS; Tata; Tata Consultancy Services (TCS); The Ashika; The Ashika Group; The article also touches on broader financial; The article encourages readers to subscribe to premium content offerings from The Economic Times for more detailed financial; This development marks a significant step for the group as it expands into the financial services; This move signifies Ashika; This move signifies Ashika Group; Times for more detailed; a significant step for the; allowing Ashika; allowing Ashika Group to proceed with setting up its mutual fund; and Tata Consultancy Services; article also touches on broader; business ventures into the; group as it expands into the; including recommendations for top mutual; mutual; pivotal development for Ashika; positioning it; principle approval from the; principle approval to start; principle approval to start mutual fund; principle nod is an initial green light; recommendations for top mutual; s mutual; s mutual fund; s strategic expansion beyond its existing business ventures into the mutual; salaries at major IT; the approval is a pivotal development for Ashika Group; to commence its mutual; to commence its mutual fund; to proceed with setting up its,Approval from SEBI for Ashika Group to commence its mutual fund operations and broader market context including other companies' activities.,text; image; external,,"The article discusses various companies in different contexts, such as Mahindra's success in the SUV market and salary trends at major IT firms like Infosys and Tata Consultancy Services. These discussions provide a broader financial market perspective but do not directly impact Ashika Group's mutual fund business approval.",,Ashika Group's strategic expansion into the mutual funds industry.,https://pbs.twimg.com/card_img/2006277410245984256/TuHtbaDo?format=jpg&name=orig,,https://t.co/xR5sOSSeQe,1520,2025-12-31T08:45:30,@ETMarkets
DOLLAR,https://x.com/ETMarkets/status/2006211208471277628,"RELEVANT (HIGH confidence)
Sources: text, image, external
- U.S. dollar declined by 9.5% in 2025, its largest annual drop since 2017.
- Euro gained 13.5%, sterling surged by 7.6% in 2025; both currencies achieved their largest yearly gains in eight years.
- Dollar index fell to 98.228 with overnight gains on December 31, 2025.
- Yen remained flat throughout 2025 despite two rate hikes by the Bank of Japan.
- Goldman Sachs anticipates a weaker dollar in 2026 due to global growth and Fed rate cuts.
- China's yuan increased by 4% in 2025, its sharpest annual gain since 2020.","Sources: external, image, text
- U.S. dollar declined by 9.5% in 2025, its largest annual drop since 2017.
- Euro gained 13.5%, sterling surged by 7.6% in 2025; both currencies achieved their largest yearly gains in eight years.
- Dollar index fell to 98.228 with overnight gains on December 31, 2025.
- Yen remained flat throughout 2025 despite two rate hikes by the Bank of Japan.
- Goldman Sachs anticipates a weaker dollar in 2026 due to global growth and Fed rate cuts.
- China's yuan increased by 4% in 2025, its sharpest annual gain since 2020.",Relevant,HIGH,"The content discusses significant trends affecting the U.S. dollar, including interest rate cuts, fiscal concerns, and trade policies under President Donald Trump, which are directly related to DOLLAR's performance in currency markets.","The U.S. dollar experienced its largest annual decline since 2017 due to interest rate cuts, fiscal concerns, and erratic trade policies.; Concerns about the Federal Reserve's independence under Trump's administration were highlighted as a factor affecting DOLLAR.; MUFG strategists predicted that the yen could strengthen against the dollar, potentially reaching 146 per U.S. dollar by Q4 2026.",Bank of Japan (indirectly mentioned through its rate hikes); DOLLAR; Federal; Federal Reserve (mentioned in context with DOLLAR); LIC; LT; UNITED; United; bill with the portrait; despite two rate hikes by the; despite two rate hikes by the Bank; last; making it; thin; trading; while it; yen note with the portrait,"Currency market trends and their impact on major currencies, particularly the U.S. dollar, euro, sterling, yen, yuan, Australian dollar, and New Zealand dollar.",text; image; external,"The dollar index declined by 9.5% in 2025.; The euro gained 13.5% and the pound surged by 7.6% in 2025.; MUFG strategists predicted the yen could reach 146 per U.S. dollar by Q4 2026.; Dollar index declined to 98.228 with overnight gains.; Euro traded at $1.1747, and sterling at $1.3463 on the last trading day of 2025.","The content highlights how global economic factors such as interest rate cuts and fiscal policies affect multiple currencies, including DOLLAR, euro, sterling, yen, yuan, Australian dollar, and New Zealand dollar. These impacts are driven by U.S. monetary policy and international trade dynamics.",,"Goldman Sachs strategists anticipated a weaker dollar in 2026 due to solid global growth and Fed rate cuts.; China's yuan saw its sharpest annual gain since 2020, increasing by 4% after breaking through the seven-to-dollar level.",https://pbs.twimg.com/card_img/2006204361584824320/llv7ftTQ?format=jpg&name=orig,,https://t.co/4c9XCtZxm8,9461,2025-12-31T03:50:00,@ETMarkets
APOLLO,https://x.com/ETMarkets/status/2006208691981148578,"RELEVANT (HIGH confidence)
Sources: text, image, external
- Apollo Techno Industries shares debut on BSE SME platform, December 31, 2025.
- IPO priced at Rs 130 per share; raised Rs 48 crore, pre-issue market cap approximately Rs 178 crore.
- Public issue subscribed 50.63 times; non-institutional investors subscribed 98 times, retail 45 times, QIBs 25 times.
- Raised Rs 13.65 crore from anchor investors prior to IPO.
- FY25 revenue increased by 44% to Rs 99.66 crore; profit after tax rose to Rs 13.79 crore.
- ROE nearly 75%, ROCE around 31%.
- Plans to use IPO proceeds for working capital to support order execution and growth momentum.
- Operates in trenchless technology and foundation equipment sector, serving Gujarat, Maharashtra, Haryana with plans for overseas expansion.","Sources: external, image, text
- Apollo Techno Industries shares debuted on BSE SME platform, December 31, 2025.
- IPO priced at Rs 130 per share; raised Rs 48 crore, pre-issue market cap approximately Rs 178 crore.
- Public issue subscribed 50.63 times; non-institutional investors subscribed 98 times, retail 45 times, QIBs 25 times.
- Raised Rs 13.65 crore from anchor investors prior to IPO.
- FY25 revenue increased by 44% to Rs 99.66 crore; profit after tax rose to Rs 13.79 crore.
- ROE nearly 75%, ROCE around 31%.
- Proceeds from IPO will be used for working capital to support order execution and growth momentum.
- Operates in trenchless technology and foundation equipment sector, serving Gujarat, Maharashtra, Haryana with plans for overseas expansion.",Relevant,HIGH,"The content provides specific financial metrics, business updates with numerical data, and strategic initiatives related to Apollo Techno Industries, which is the primary company focus.","Apollo Techno Industries' shares are set to debut on BSE SME.; IPO priced at Rs 130 per share with a total size of Rs 48 crore, subscribed 50.63 times overall.; Strong demand from non-institutional investors (98 times), retail investors (45 times), and qualified institutional buyers (25 times).; Raised Rs 13.65 crore from anchor investors prior to the issue.; Financial performance in FY25: Revenue increased by 44% to Rs 99.66 crore, profit after tax rose to Rs 13.79 crore.; Return ratios: ROE nearly 75%, ROCE around 31%.; Plans to use IPO proceeds for working capital requirements.",APOLLO Techno Industries; Apollo Techno Industries; Apollo Techno Industries Limited Limited Limited; Apollo Techno Industries operates in the trenchless technology and foundation equipment sector for construction and infrastructure; ApolloTechno Industries; BEL; BSE; ET Markets; Industries; Industries is set to debut its; Its product offerings; LIC; LT; Limited Limited; RIL; The company; The company plans to utilize the majority of the IPO proceeds for working capital; crore and profit; issue; issue market; its; of the IPO proceeds for working; per; was; which management; while retail; with revenue,"The announcement of Apollo Techno Industries' share debut on BSE SME, including IPO details, financial performance, and future plans.",text; image; external,"Revenue increased by 44% to Rs 99.66 crore in FY25.; Profit after tax rose to Rs 13.79 crore in FY25.; Revenue growth rate of 44% in FY25.; IPO proceeds will be used for working capital requirements, supporting order execution and sustaining growth momentum.; IPO subscribed 50.63 times overall.; Non-institutional investors subscribed at 98 times.; Retail investors subscribed nearly 45 times.; Qualified institutional buyers subscribed around 25 times.; Return on Equity (ROE) is nearly 75%.; Return on Capital Employed (ROCE) is around 31%.",ET Markets is mentioned as the source of the news content but does not have a direct impact or involvement in the business activities described.,[Leave blank],"Apollo Techno Industries operates in trenchless technology and foundation equipment for construction and infrastructure projects, with plans to expand overseas.",https://pbs.twimg.com/card_img/2006203979982913537/VKnXEjRL?format=jpg&name=orig,,https://t.co/oMhDuAGkeL,2167,2025-12-31T03:40:00,@ETMarkets
LANDMARK,https://x.com/ETNOWlive/status/2006390804722618829,"RELEVANT (HIGH confidence)
Sources: text, image
- Landmark Cars' board approved an investment of ₹80 crore in its subsidiary, Aeromark Cars.
- The investment aims to enhance the growth prospects of Aeromark Cars within the automotive sector.
- This strategic move is part of Landmark Group's broader expansion and diversification strategy.
- The funding will likely support product development, market penetration, or operational scaling for Aeromark Cars.
- No specific financial targets or timelines were disclosed in relation to this investment.","Sources: image, text
- Landmark Cars' board approved an ₹80 crore investment in Aeromark Cars.
- Investment aims to enhance growth prospects of Aeromark Cars within the automotive sector.
- Part of Landmark Group's broader expansion and diversification strategy.
- Funding likely supports product development, market penetration, or operational scaling for Aeromark Cars.
- No specific financial targets or timelines disclosed related to this investment.",Relevant,HIGH,"The content explicitly mentions LANDMARK's board approving an investment of ₹80 crore into its subsidiary Aeromark Cars, which is a significant corporate action.",LANDMARK's board has approved an investment of ₹80 crore into Aeromark Cars.; The content is related to a business development initiative by LANDMARK.,Aeromark Cars; LANDMARK,Investment approval by Landmark's board in Aeromark Cars.,text; image,[No specific revenue figures mentioned]; [No specific profit figures mentioned]; [No growth rates provided]; [No specific targets or timelines mentioned]; [No market metrics provided]; [No ratios or margins mentioned],This decision impacts both Landmark and its subsidiary Aeromark Cars.,,"LANDMARK is investing ₹80 crore in Aeromark Cars, indicating a strategic initiative to bolster its automotive arm.",https://pbs.twimg.com/media/G9ghxu5bYAAltVb?format=jpg&name=orig,,,176,2025-12-31T15:43:39,@ETNOWlive
GPTINFRA,https://x.com/ETNOWlive/status/2006303840929509611,"RELEVANT (HIGH confidence)
Sources: text, image
- GPT Infraprojects' joint venture secured a ₹341.3 crore order from NHAI.
- The company holds a 51% stake in the JV involved in this project.
- This order represents a significant business development for GPT Infraprojects.
- The partnership with NHAI highlights strategic collaboration in infrastructure projects.
- Financial metrics indicate substantial revenue potential from this contract.
- The deal aligns with growth plans in expanding infrastructure capabilities.","Sources: image, text
- GPT Infraprojects' joint venture secured a ₹341.3 crore order from NHAI.
- The company holds a 51% stake in the JV involved in this project.
- This order represents significant business development for GPT Infraprojects.
- Partnership with NHAI underscores strategic collaboration in infrastructure projects.
- Financial metrics indicate substantial revenue potential from this contract.
- Deal aligns with growth plans to expand infrastructure capabilities.",Relevant,HIGH,"The content directly mentions GPT Infraprojects (GPTINFRA) and its joint venture's financial activity with NHAI, which is a significant business development for the company.",GPT Infraprojects holds a 51% stake in the joint venture that secured the order.; The JV received an order worth ₹341.3 crore from NHAI.,GPTINFRA (GPT Infraprojects); NHAI; The background shows a; company; financial details and; to be a news article or a; with a focus on the; with a focus on the financial,Joint venture order from NHAI worth ₹341.3 crore involving GPT Infraprojects.,text; image,Order value of ₹341.3 crore for the joint venture with NHAI.; [No specific profit figures mentioned]; [No growth rates provided]; [No specific targets or timelines mentioned]; [No market metrics provided]; [No ratios or margins specified],"The content highlights a partnership between GPT Infraprojects and NHAI, indicating collaboration in infrastructure projects.",,GPT Infraprojects' strategic initiative involving a joint venture with NHAI to undertake infrastructure projects.,https://pbs.twimg.com/media/G9fSn_7bIAA-vdZ?format=jpg&name=orig,,,717,2025-12-31T09:58:05,@ETNOWlive
MAHLOG,https://x.com/ETNOWlive/status/2006274744870658523,"RELEVANT (HIGH confidence)
Sources: text, image
- Mahindra Logistics received a GST demand and penalty totaling ₹44.80 crore for the financial years FY19-FY24.
- The penalty pertains to six consecutive financial years, indicating ongoing compliance issues over multiple periods.
- This development may impact Mahindra Logistics' financial performance and cash flow management strategies.
- Potential need for Mahindra Logistics to reassess its tax compliance processes and internal controls.
- Possible implications on investor sentiment and stock market perception of Mahindra Logistics.
- The company might consider strategic measures to mitigate future risks related to tax liabilities.","Sources: image, text
- Mahindra Logistics received a GST demand and penalty totaling ₹44.80 crore for FY19-FY24.
- The penalty spans six consecutive financial years, indicating ongoing compliance issues.
- This development may impact the company's financial performance and cash flow management strategies.
- Mahindra Logistics might need to reassess its tax compliance processes and internal controls.
- There could be implications on investor sentiment and stock market perception of Mahindra Logistics.
- The company may consider strategic measures to mitigate future risks related to tax liabilities.",Relevant,HIGH,"The content specifically mentions Mahindra Logistics (MAHLOG) receiving a GST demand and penalty of ₹44.80 crore for six financial years (FY19-FY24), which is directly related to the company's regulatory compliance and financial obligations.","Mahindra Logistics (MAHLOG) has been issued a GST demand and penalty totaling ₹44.80 crore.; The period covered by this demand spans six financial years, from FY19 to FY24.",LT; MAHLOG; Mahindra; Mahindra Logistics; The building has a modern design with large glass windows and a combination of glass; There are no visible; There are no visible financial,Regulatory compliance issue involving GST demand and penalties for MAHLOG over multiple financial years.,text; image,,,,,https://pbs.twimg.com/media/G9e4PUjaIAArhtl?format=jpg&name=orig,,,558,2025-12-31T08:02:28,@ETNOWlive
STOVEKRAFT,https://x.com/ETNOWlive/status/2006267644463472876,"RELEVANT (HIGH confidence)
Sources: text, image, video
- GST rate cuts affected approximately 35% to 40% of Stovekraft's portfolio, leading to increased demand for its products.
- The company is planning retail expansion to capitalize on the positive impact from GST reductions.
- Stovekraft aims to diversify exports as part of its growth strategy following the GST changes.
- A partnership with IKEA has been established, enhancing brand visibility and market reach.
- Focus on industrial consumers who have benefited from reduced GST rates, driving demand for Stovekraft's offerings.","Sources: image, text, video
- GST rate cuts increased demand for approximately 35% to 40% of Stovekraft's product portfolio.
- Planning retail expansion to leverage the positive impact from GST reductions.
- Aiming to diversify exports as part of growth strategy following GST changes.
- Established partnership with IKEA, enhancing brand visibility and market reach.
- Focusing on industrial consumers benefiting from reduced GST rates, driving demand for products.",Relevant,HIGH,"The content discusses the impact of GST rate cuts on Stovekraft's demand, retail expansion plans, export diversification, and partnership with IKEA. These topics align with several criteria for relevance to STOVEKRAFT, including business developments, strategic initiatives, and industry analysis.","Impact of GST rate cuts on approximately 35% to 40% of Stovekraft's portfolio.; Increased demand for Stovekraft's own brands and products due to the GST rate cut, particularly benefiting industrial consumers.; Plans for retail expansion and export diversification as part of strategic growth initiatives.",BEL; Goods and Services; IKEA; It is primarily a news broadcast with a focus on a discussion about the end of a CAPEX cycle for a company; No specific; No specific financial; RIL; STOVEKRAFT; Suggests a positive; Suggests a positive financial; The business is experiencing; The image; The image does not contain any; The image does not contain any financial; The person on the left is wearing a beige outfit; Visual representation of industrial consumer; accompanying the audio might; alongside plans for retail; and potentially leading to; and whether this has led to; increased sales for the; into whether there has been an; of the; of the company; particularly benefiting industrial consumers and potentially leading to increased sales for the company; the end of a CAPEX cycle for a; which the; which the company,"Impact of GST rate cuts on Stovekraft, including demand changes, retail expansion, export diversification, and the IKEA partnership.",text; image; video,"No specific revenue figures mentioned.; No specific profit figures mentioned.; No explicit growth rates provided, but increased demand suggests potential positive growth implications.; No specific targets or timelines mentioned for the strategic initiatives discussed.; The discussion implies a market impact due to GST rate cuts affecting industrial consumers and potentially benefiting companies like Stovekraft.; No specific ratios or margins provided.","The content mentions IKEA as a partner company involved in a strategic initiative with Stovekraft. Additionally, the discussion about GST rate cuts implies an industry-wide impact affecting multiple companies within the same sector.",Rajendra Gandhi explains how GST rate cuts have influenced demand for Stovekraft's products and outlines plans for retail expansion and export diversification. The partnership with IKEA is highlighted as a significant strategic move.,Plans for retail expansion and export diversification.; Partnership with IKEA as part of strategic growth initiatives.,https://pbs.twimg.com/amplify_video_thumb/2006267341534027779/img/s-mtupma8GKGDwFZ.jpg,https://twitter.com/i/videos/2006267644463472876,,3631,2025-12-31T07:34:15,@ETNOWlive
WALCHANNAG,https://x.com/ETNOWlive/status/2006253348601880742,"RELEVANT (HIGH confidence)
Sources: text, image, video
- **Opportunity Size**: $10 billion annual market opportunity from nuclear legislation.
- **Projected Capacity Increase**: Nuclear capacity expected to rise to 22.38 GW by FY32.
- **Stock Performance**: WALCHANDNAGAR stock at 191.00, up 3.11%.
- **Project Timeline**: Plan to build 6 nuclear plants over 234 years.
- **Current Capability**: Aiming to supply equipment for one power plant every three years within two to three years.
- **Market Position**: WALCHANDNAGAR is a niche player in the nuclear plant equipment sector.","Sources: image, text, video
- **Opportunity Size**: $10 billion annual market opportunity from nuclear legislation.
- **Projected Capacity Increase**: Nuclear capacity expected to rise to 22.38 GW by FY32.
- **Stock Performance**: WALCHANDNAGAR stock at ₹191.00, up 3.11%.
- **Order Book Value**: Strong order book of ₹670 crore, primarily from nuclear projects.
- **Recent Orders**: Booked orders worth ₹100 crore in Q3.
- **Project Timeline for Nuclear Capex**: Expected to begin by December 2026 following the Atomic Energy Bill.
- **Capacity Projection at Satara Plant**: Projected to reach 85-90% by May 2026 after resolving labor issues.
- **Core Equipment Supply**: Supplies core equipment for nuclear power plants in India.
- **Anticipated Orders**: Large aerospace and fresh nuclear orders expected in coming months.
- **Major Customer**: Bharat Dynamics Limited (BDL) remains the largest missile customer.",Relevant,HIGH,"The content specifically discusses Walchandnagar Industries' perspective on a $10 billion CapEx opportunity related to nuclear legislation, including execution timelines and strategic plans.",The content highlights a $10 billion annual CapEx opportunity unlocked by nuclear legislation.; Discussion on Walchandnagar's strategic initiatives to capture this market opportunity.; Execution timelines and order book visibility are mentioned as part of the company's perspective.,A niche player in the nuclear plant equipment; Chirag Doshi shares the; Chirag Doshi shares the company; Currently not equipped to handle the entire segment but aiming to reach a stage in two to three years where they can supply equipment for at least one power; Doshi; ET NOW (as the network providing coverage); Implicit; LIC; LT; Likely; To provide a comprehensive analysis based on the provided audio transcript and any hypothetical visual content that might accompany it; WALCHANDNAGAR; billion CapEx opportunity unlocked by nuclear legislation benefit Walchandnagar Industries,"Analysis of the impact of nuclear legislation on Walchandnagar Industries, focusing on financial opportunities and strategic initiatives.",text; image; video,"No specific revenue figures for Walchandnagar Industries are provided in the content.; No specific profit figures for Walchandnagar Industries are mentioned.; The capacity in the nuclear sector is projected to rise to 22.38 GW by FY32, indicating industry growth that could impact Walchandnagar.; Walchandnagar plans to build 6 nuclear plants over a span of 234 years.; Aiming to reach a stage in two to three years where they can supply equipment for at least one power plant every three years.; The nuclear sector's capacity is projected to rise significantly, indicating potential market growth opportunities for Walchandnagar.; No specific ratios or margins are provided in the content.","The content discusses an industry-wide opportunity in the nuclear sector that could affect multiple companies, though it primarily focuses on Walchandnagar Industries.","Chirag Doshi shares insights into the scale of the nuclear opportunity, execution timelines, CapEx plans, and future prospects for Walchandnagar Industries.","Walchandnagar Industries aims to capture a portion of the $10 billion nuclear market.; The company is positioning itself as one of the few niche players capable of supplying equipment for nuclear plants, with long-term plans spanning 234 years.",https://pbs.twimg.com/amplify_video_thumb/2006252981432508416/img/JBsMyTdm_pzAlpJK.jpg,https://twitter.com/i/videos/2006253348601880742,,2567,2025-12-31T06:37:27,@ETNOWlive
WALCHANNAG,https://x.com/ETNOWlive/status/2006228607291777433,"RELEVANT (HIGH confidence)
Sources: text, image
- Walchandnagar Industries has a strong order book of ₹670 crore, primarily from nuclear projects.
- The company booked orders worth ₹100 crore in Q3.
- Nuclear capex is expected to begin by December 2026 following the Atomic Energy Bill.
- Capacity at the Satara plant is projected to reach 85-90% by May 2026 after resolving labor issues.
- Walchandnagar Industries supplies core equipment for nuclear power plants in India.
- The company anticipates large aerospace and fresh nuclear orders in the coming months.
- Bharat Dynamics Limited (BDL) remains Walchandnagar's largest missile customer.","Sources: image, text, video
- **Opportunity Size**: $10 billion annual market opportunity from nuclear legislation.
- **Projected Capacity Increase**: Nuclear capacity expected to rise to 22.38 GW by FY32.
- **Stock Performance**: WALCHANDNAGAR stock at ₹191.00, up 3.11%.
- **Order Book Value**: Strong order book of ₹670 crore, primarily from nuclear projects.
- **Recent Orders**: Booked orders worth ₹100 crore in Q3.
- **Project Timeline for Nuclear Capex**: Expected to begin by December 2026 following the Atomic Energy Bill.
- **Capacity Projection at Satara Plant**: Projected to reach 85-90% by May 2026 after resolving labor issues.
- **Core Equipment Supply**: Supplies core equipment for nuclear power plants in India.
- **Anticipated Orders**: Large aerospace and fresh nuclear orders expected in coming months.
- **Major Customer**: Bharat Dynamics Limited (BDL) remains the largest missile customer.",Relevant,HIGH,"The content contains specific financial metrics, business updates with numerical data, strategic initiatives, and future guidance related to WALCHANDNAGAR INDUSTRIES (referred to as ""WALCHANNAG"").",WALCHANDNAGAR INDUSTRIES has an order book worth ₹670 crore.; The company booked ₹100 crore in orders during Q3.; Capacity is projected to be at 85-90% by May 2026.; Nuclear capex is expected to begin from December 2026.,BDL (Bharat Dynamics Limited); Company supplies core equipment for nuclear power; Large aerospace; Nuclear opportunity seen as significant after the Atomic Energy; NuclearEnergy; The image also; The nuclear opportunity is set to scale up after the Atomic Energy; WALCHANDNAGAR INDUSTRIES; crore order book led by nuclear projects and more aerospace; says Chirag C Doshi of Walchandnagar Industries,"The focus is on the nuclear opportunity scaling up for Walchandnagar Industries following the Atomic Energy Bill, highlighting financial figures and strategic developments.",text; image,₹670 crore order book for Walchandnagar Industries.; ₹100 crore orders booked in Q3 by Walchandnagar Industries.; [No specific profit figures mentioned]; [No specific growth rates mentioned]; Capacity seen at 85-90% by May 2026.; Nuclear capex expected to begin from December 2026.; [No specific market metrics mentioned]; [No specific ratios or margins mentioned],"The content discusses industry-wide opportunities in nuclear energy affecting multiple companies, including potential orders from aerospace sectors.",Chirag C Doshi of Walchandnagar Industries highlights a strong order book and future prospects in nuclear projects.,Walchandnagar Industries is poised for growth in nuclear projects following the Atomic Energy Bill.; The company supplies core equipment for nuclear power plants in India and anticipates large aerospace and fresh nuclear orders.,https://pbs.twimg.com/media/G9eORHzaIAAzF7L?format=jpg&name=orig,,,1142,2025-12-31T04:59:08,@ETNOWlive
APOLLO,https://x.com/ETNOWlive/status/2006220410879369712,"RELEVANT (HIGH confidence)
Sources: text, image
- Apollo Micro Systems' arm, IDL Explosives, secured an order worth ₹419.4 crore for bulk explosives supply.
- IDL Explosives received a separate export order valued at ₹1.5 crore for cartridge explosives.
- The cumulative value of orders received by IDL Explosives totals ₹421 crore.
- Orders include both domestic and international (export) supplies of explosives.
- This business development highlights Apollo Micro Systems' expansion in the explosives supply sector.
- The company is strengthening its position in the market through significant order acquisitions.","Sources: image, text
- Apollo Micro Systems' IDL Explosives secured a domestic order worth ₹419.4 crore for bulk explosives supply.
- IDL Explosives received an export order valued at ₹1.5 crore for cartridge explosives.
- Total orders for IDL Explosives amount to ₹421 crore, combining both domestic and international supplies.
- Apollo Micro Systems is expanding its operations in the explosives supply sector through significant order acquisitions.
- The company is enhancing its market position by securing substantial contracts in the explosives industry.",Relevant,HIGH,"The content specifically discusses Apollo Micro Systems' subsidiary IDL Explosives receiving significant orders, which directly relates to APOLLO's business operations and financial performance.","Apollo Micro Systems' arm, IDL Explosives, has secured cumulative orders worth ₹421 crore.; The orders include a bulk explosives supply order valued at ₹419.4 crore and an export order for cartridge explosives worth ₹1.5 crore.",APOLLO; APOLLO MICRO SYSTEMS; Apollo Micro Systems; ApolloMicroSystems; IDL Explosives; a company; a financial; discussing the; discussing the financial performance and orders of Apollo Micro Systems,Financial performance update regarding order wins for Apollo Micro Systems' subsidiary IDL Explosives.,text; image,"Cumulative revenue from new orders: ₹421 crore (₹419.4 crore from bulk explosives, ₹1.5 crore from export cartridges).; N/A; N/A; N/A; N/A; N/A",,,The orders reflect business development and strategic initiatives by Apollo Micro Systems through its subsidiary IDL Explosives.,https://pbs.twimg.com/media/G9eGtjVaoAAh4a3?format=jpg&name=orig,,,860,2025-12-31T04:26:34,@ETNOWlive
APOLLO,https://x.com/FinancialXpress/status/2006337118755246239,"RELEVANT (HIGH confidence)
Sources: text, image, external
- Apollo Micro Systems' subsidiary, IDL Explosives, secured orders valued at Rs 420.9 crore.
- Contracts include an ongoing agreement with Coal India subsidiaries.
- An export order was also secured, indicating international market expansion.
- The business development highlights growth in both domestic and international markets for Apollo Micro Systems.
- Strong partnership established with Coal India through IDL Explosives.
- Strategic growth initiatives focus on continuity of existing contracts and entry into new markets.","Sources: external, image, text
- Apollo Micro Systems' subsidiary, IDL Explosives, secured orders valued at Rs 420.9 crore.
- Contracts include an ongoing agreement with Coal India subsidiaries.
- An export order was secured, indicating international market expansion.
- Strategic growth initiatives focus on continuity of existing contracts and entry into new markets.
- Strong partnership established with Coal India through IDL Explosives.
- Business development highlights growth in both domestic and international markets for Apollo Micro Systems.",Relevant,HIGH,"The content directly discusses business developments involving Apollo Micro Systems, specifically through its subsidiary IDL Explosives, which aligns with several criteria for relevance to APOLLO.","Apollo Micro Systems has secured new orders valued at Rs 420.9 crore through its subsidiary, IDL Explosives.; These orders include an ongoing contract with Coal India subsidiaries and an export order.",APOLLO (Apollo Micro Systems); Apollo Micro Microsystems; Apollo Micro Systems; COALINDIA; Coal India; IDL Explosives; LIC; The acquisition of these orders suggests a positive trajectory for Apollo Micro Systems; The announcement highlights significant business development for Apollo Micro Systems; This development could potentially enhance the company; could potentially enhance the; s market position and; s market position and financial; this news reflects strategic growth initiatives by Apollo Micro Systems,"Business development and order acquisition by Apollo Micro Systems' subsidiary, IDL Explosives.",text; image; external,"New orders valued at Rs 420.9 crore for Apollo Micro Systems' subsidiary, IDL Explosives.; [Leave blank]; [Leave blank]; [Leave blank]; [Leave blank]; [Leave blank]",The involvement of Coal India subsidiaries in the contracts highlights a multi-company impact within the domestic market sector.,[Leave blank],"The acquisition of these orders suggests a positive trajectory for Apollo Micro Systems, particularly in the explosives sector.; Indicates growth in both domestic and international markets through existing contracts and new export opportunities.",https://pbs.twimg.com/card_img/2006337121397686272/-Klyvtro?format=png&name=orig,,https://t.co/UROvYMGEGJ,1598,2025-12-31T12:10:19,@FinancialXpress
APOLLO,https://x.com/moneycontrolcom/status/2006345126038352282,"RELEVANT (HIGH confidence)
Sources: text, image
- Apollo Green Energy experienced a significant decline in stock price from ₹322.0 on January 1, 2025, to ₹95.0 on December 22, 2025, resulting in an -70.5% return.
- Metropolitan Stock Exchange of India (MSEI) saw its stock value plummet by -80.0%, dropping from ₹12.8 to ₹2.6 over the same period.
- Among top gainers, NCDEX's stock surged by 130.0%, increasing from ₹200.0 on January 1, 2025, to ₹460.0 on December 22, 2025.
- Goodluck Defence & Aerospace recorded a notable increase of 27.6% in its stock price, rising from ₹290.0 to ₹370.0 within the year.
- Indofil Industries achieved a growth of 17.6%, with its stock price climbing from ₹1390.0 to ₹1635.0 by December 22, 2025.","Sources: image, text
- Apollo Green Energy's stock price declined by -70.5% from ₹322.0 on January 1, 2025, to ₹95.0 on December 22, 2025.
- Metropolitan Stock Exchange of India (MSEI) experienced an -80.0% drop in stock value, falling from ₹12.8 to ₹2.6 over the same period.
- NCDEX's stock surged by 130.0%, increasing from ₹200.0 on January 1, 2025, to ₹460.0 on December 22, 2025.
- Goodluck Defence & Aerospace saw a 27.6% increase in its stock price, rising from ₹290.0 to ₹370.0 within the year.
- Indofil Industries achieved a growth of 17.6%, with its stock price climbing from ₹1390.0 to ₹1635.0 by December 22, 2025.",Relevant,HIGH,"The content specifically mentions Apollo Green Energy as one of the top losers with detailed financial metrics and stock performance over a specified period. This directly relates to APOLLO's business activities and market performance, making it relevant for analysis.","Apollo Green Energy experienced an 80% decline in its stock value from January 1, 2025, to December 22, 2025.; The price of Apollo Green Energy dropped from ₹322.0 to ₹95.0 over the specified period.",API; API Holdings; APOLLO (Apollo Green Energy); Apollo Green Energy; B9 Beverages; Carrier Airconditioning & Refrigeration; Chennai Super Kings Cricket; Cochin International; Cochin International Corporation; Corporation; ESDS Software; ESDS Software Solution; Goodluck Defence; Goodluck Defence & Aerospace; HDFC; HDFC Securities; Hero; Hero Fincorp; Incred; Incred Holdings; Indian; Indian Potash; Indofil Industries; Metropolitan; Metropolitan Stock Exchange of India (MSEI); NCDEX; NSE; OYO*; Orbis Financial Financial; Orbis Financial Financial Corporation; SBI; SBI Funds; SBI Funds Management; Unlisted,"Analysis of unlisted stocks' performance in 2025, highlighting both top losers and gainers.",text; image,[Leave blank]; [Leave blank]; Apollo Green Energy's stock value decreased by 70.5% from January to December 2025.; [Leave blank]; Apollo Green Energy is listed among the top losers in unlisted stocks for the year 2025.; [Leave blank],"The content discusses the performance of multiple companies within the context of stock price movements and returns over a year, indicating broader market trends affecting these entities.",[Leave blank],The significant decline in Apollo Green Energy's stock value may indicate strategic or operational challenges faced by the company during this period.,https://pbs.twimg.com/media/G9f2VhcaYAACjJ9?format=jpg&name=orig,,,2891,2025-12-31T12:42:08,@moneycontrolcom
ASHIKA,https://x.com/moneycontrolcom/status/2006338566163722637,"RELEVANT (HIGH confidence)
Sources: text, image, external
- Ashika Group received SEBI's in-principle approval to launch a mutual fund business, marking entry into the financial services sector.
- The approval is contingent on meeting specific regulatory requirements and conditions set by SEBI.
- This development expands Ashika Group’s portfolio beyond its existing business operations.","Sources: external, image, text
- Ashika Group received SEBI's in-principle approval to launch a mutual fund business, entering the financial services sector.
- Approval is contingent on meeting specific regulatory requirements set by SEBI.
- Expansion of Ashika Group’s portfolio beyond existing business operations into financial services.",Relevant,HIGH,"The content specifically mentions Ashika Group receiving an ""in-principle"" nod from SEBI to launch its mutual fund business, which is a significant development for the company. This aligns with several criteria for relevance such as regulatory approvals and strategic initiatives by ASHIKA.","Ashika Group has received an ""in-principle"" nod from SEBI to launch its mutual fund business.; The approval is subject to fulfilling certain conditions and regulatory requirements.",ASHIKA; Ashika; Ashika Group; COALINDIA; Coal India; Financial Tools; HUL; II hydropower; ITC; Key points in the article; LIC; Other news snippets; RIL; The approval from SEBI allows Ashika Group to proceed with setting up its mutual fund; The article also highlights various financial tools; The article lists various; The article lists various financial; The news article from MoneyControl primarily announces that Ashika Group; This is a significant development for the group as it marks their entry into the mutual; and financial tools; and insights into unlisted; article also highlights various; could potentially expand their; from SEBI allows Ashika; including; including calculators for; it marks their entry into the; mutual; primarily announces that Ashika; principle nod to launch mutual; principle nod to launch mutual fund; s Mutual; s Mutual Fund; s entry into the mutual; s entry into the mutual fund; share; significant development for the; the primary focus is on Ashika; to launch its mutual; to launch its mutual fund; to proceed with setting up its; top gainers and losers in the; unlisted; which could potentially expand their financial services; while the primary focus is on Ashika Group,Announcement of Ashika Group's approval to enter the mutual funds sector.,text; image; external,,"The content provides a broad overview of market trends and financial updates, which may indirectly affect multiple companies in the financial services industry, including Ashika Group.",[Leave blank],Ashika Group's entry into the mutual funds sector marks a strategic expansion of their financial services portfolio.,https://pbs.twimg.com/card_img/2006253133782212611/pzkMD6xl?format=jpg&name=orig,,https://t.co/mPCw9fZt2K,2336,2025-12-31T12:16:04,@moneycontrolcom
Bajaj Finance Ltd.,https://x.com/CNBCTV18Live/status/2007445395383656905,"RELEVANT (HIGH confidence)
Sources: text, image, external
- Bajaj Finance's customer base reached 11.54 million in Q3.
- Assets Under Management (AUM) stood at ₹4.86 lakh crore as of Q3.
- The update was shared by JP Nadda, indicating a focus on financial performance metrics.
- No specific business developments or partnerships were detailed in the summary provided.
- Growth plans or targets for future quarters were not mentioned in the excerpt.
- The article does not specify any strategic initiatives related to Bajaj Finance beyond Q3 metrics.","Sources: external, image, text
- Bajaj Finance's customer base reached 11.54 million in Q3.
- Assets Under Management (AUM) stood at ₹4.86 lakh crore as of Q3.
- Customer Franchise increased to 115.40 million by Dec 31, 2025, from 97.12 million YoY.
- Q3FY26 saw a rise in Customer Franchise by 4.76 million.
- New Loans booked grew by 15% YoY to 13.90 million from 12.06 million as of Dec 31, 2025.
- Assets Under Management (AUM) increased by 22% as of Dec 31, 2025.",Relevant,HIGH,"The content provides specific financial metrics for Bajaj Finance, including customer base and AUM figures, which are directly related to the company's Q3 performance.",Customer base at 11.54 million; Assets Under Management (AUM) at ₹4.86 lakh crore,BAJFINANCE; BEL; Bajaj; Indian; Indian Aviation; It highlights how leaders in the power; It notes that some; LT; The article discusses the future prospects and potential developments in Indian aviation; The article provides; [No other specific companies mentioned in the context of Bajaj Finance]; along with some general; and overbought when it; explaining that a; general; general insights into; indicating it covers significant global business and financial; into; million and an Assets Under; million and an Assets Under Management; significant global business and,Bajaj Finance's Q3 update with specific financial data on customer base and AUM.,text; image; external,"[Leave blank, as no revenue figures are provided for Bajaj Finance]; [Leave blank, as no profit figures are provided for Bajaj Finance]; [Leave blank, as no growth rates are specified in the content]; [Leave blank, as no specific targets or timelines are mentioned]; [Leave blank, as no market metrics related to Bajaj Finance are provided]; [Leave blank, as no ratios or margins are specified for Bajaj Finance]","The article also discusses broader industry trends such as Indian aviation investment outlook, power sector transformation using AI, and India's AI ambitions, which may indirectly impact multiple companies including Bajaj Finance.",[Leave blank],The article provides a general outlook on various sectors and stock market insights which may influence strategic decisions in the financial sector.,https://pbs.twimg.com/card_img/2006829946098851841/gRof2WVh?format=jpg&name=orig,,https://t.co/HXbPC5w6in,1794,2026-01-03T13:34:13,@CNBCTV18Live
Bajaj Finance Ltd.,https://x.com/CNBCTV18Live/status/2007438311485518233,"RELEVANT (HIGH confidence)
Sources: text, image
- Customer Franchise increased to 115.40 million as of Dec 31, 2025, from 97.12 million YoY.
- Q3FY26 saw a rise in Customer Franchise by 4.76 million.
- New Loans booked grew by 15% YoY to 13.90 million from 12.06 million.
- As of Dec 31, 2025, Assets Under Management (AUM) increased by 22%.","Sources: external, image, text
- Bajaj Finance's customer base reached 11.54 million in Q3.
- Assets Under Management (AUM) stood at ₹4.86 lakh crore as of Q3.
- Customer Franchise increased to 115.40 million by Dec 31, 2025, from 97.12 million YoY.
- Q3FY26 saw a rise in Customer Franchise by 4.76 million.
- New Loans booked grew by 15% YoY to 13.90 million from 12.06 million as of Dec 31, 2025.
- Assets Under Management (AUM) increased by 22% as of Dec 31, 2025.",Relevant,HIGH,"The content contains specific financial metrics, quarterly business updates with numerical data, and strategic initiatives related to Bajaj Finance Limited (BAJFINANCE).","Customer Franchise increased from 97.12 million in the previous year to 115.40 million as of Dec 31, 2025.; In Q3FY26, the Customer Franchise grew by 4.76 million.; New Loans booked up by 15% YoY, reaching 13.90 million compared to 12.06 million in the previous year.; As of Dec 31, 2025, Assets Under Management (AUM) increased by 22%.",BAJAJ; BAJAJ FINANCE; BAJAJ FINANCE LIMITED; BAJFINANCE; Bajaj; LT; The logo of Bajaj Finance; The logo of Bajaj Finance Limited; the Customer Franchise; with the; with the company,Q3 Business Update for Bajaj Finance Limited.,text; image,N/A; N/A; Customer Franchise growth of 4.76 million in Q3FY26.; New Loans booked increased by 15% YoY.; N/A; N/A; N/A,,,"Bajaj Finance Limited reported significant growth in Customer Franchise, New Loans booked, and AUM as of Dec 31, 2025.",https://pbs.twimg.com/media/G9vafyhbcAAbPXh?format=jpg&name=orig,,,544,2026-01-03T13:06:04,@CNBCTV18Live
Hindustan Aeronautics Ltd.,https://x.com/CNBCTV18Live/status/2007338580390359089,"RELEVANT (HIGH confidence)
Sources: text, image
- HAL commences charter of 'SEAMEC AGASTYA' under ongoing contract for ONGC, effective January 2.
- The vessel is part of a strategic partnership between HAL and Seamec for maritime operations with ONGC.
- This charter aligns with HAL's growth plans in expanding its fleet management services for oil and gas sectors.
- The operation supports HAL’s business development objectives by enhancing service offerings to key industry players like ONGC.
- The collaboration with Seamec represents a strategic move to strengthen HAL's presence in the offshore support vessel market.","Sources: image, text
- HAL commenced the charter of 'SEAMEC AGASTYA' under an ongoing contract for ONGC, effective January 2.
- The vessel is part of a strategic partnership between HAL and Seamec for maritime operations with ONGC.
- This charter supports HAL's growth plans in expanding its fleet management services within the oil and gas sectors.
- Operation enhances HAL’s service offerings to key industry players like ONGC, aligning with business development objectives.
- Collaboration with Seamec strengthens HAL's presence in the offshore support vessel market.",Relevant,HIGH,"The content mentions HAL as part of a business development involving the chartering of a vessel under an ongoing contract with ONGC, indicating strategic partnership and operational activity.",HAL is involved in a charter agreement with Seamec for a vessel under an ongoing contract with ONGC.; The content highlights a business development or strategic initiative by HAL.,HAL; ONGC; Seamec; The image shows the deck of a ship with a group; There are no; There are no financial; possibly related to a training exercise or a group; shows the deck of a ship with a; to a training exercise or a,Chartering of SEAMEC AGASTYA by HAL for ONGC starting January 2.,text; image,,"This involves a collaboration between HAL, Seamec, and ONGC, highlighting a multi-company operation in the maritime sector.",,"HAL is engaged in a strategic partnership with Seamec and ONGC, involving the chartering of SEAMEC AGASTYA.",https://pbs.twimg.com/media/G9t_uL4agAALb3S?format=png&name=orig,,,668,2026-01-03T06:29:46,@CNBCTV18Live
Marico Ltd.,https://x.com/CNBCTV18Live/status/2007046770438914218,"RELEVANT (HIGH confidence)
Sources: text, image, external
- Marico reports Q3 revenue growth in the high twenties percentage range.
- Profit growth for Marico is projected to be in double-digit percentages.
- The company's financial performance indicates strong growth momentum in both revenue and profit metrics. 

(Note: The provided text does not contain additional specific strategic information about Marico beyond these points.)","Sources: external, image, text
- Marico reports Q3 revenue growth in the high twenties percentage range.
- Profit growth for Marico is projected to be in double-digit percentages.
- Volume growth in India business at high-single digits for Q3.
- International business saw constant currency growth in the early twenties for Q3.
- Consolidated revenue growth achieved in the high twenties year-over-year for Q3.
- Copra prices corrected by 30% from highs, with expectations of further decline.",Relevant,HIGH,"The content explicitly mentions Marico's Q3 revenue growth and profit growth figures, which are specific financial metrics directly related to the company.",Marico sees Q3 revenue growth in high twenties.; Profit growth for Marico is expected to be double-digit.,BEL; Indian; Indian Aviation; It highlights how leaders in the power; It notes that some; LIC; LT; MARICO; Marico; The article discusses future prospects for investment in Indian aviation; The article does not mention specific companies or provide detailed financial; and overbought when it; article provides insights into; companies or provide detailed; digit; explaining that a; important global business and; indicating that it; indicating that it includes important global business and financial; into; profit,Marico's quarterly financial performance update.,text; image; external,Marico's Q3 revenue growth is in the high twenties (exact percentage not specified).; Marico's profit growth is projected to be in double digits (exact percentage not specified).; Revenue growth rate for Marico: High twenties.; Profit growth rate for Marico: Double-digit.; N/A; N/A; N/A,,,,https://pbs.twimg.com/card_img/2005828079281905664/knzi8Vvk?format=jpg&name=orig,,https://t.co/l0k3YML2rg,1757,2026-01-02T11:10:13,@CNBCTV18Live
Marico Ltd.,https://x.com/CNBCTV18Live/status/2007037015964188894,"RELEVANT (HIGH confidence)
Sources: text, image
- Volume growth in India business at high-single digits for Q3
- International business saw constant currency growth in the early twenties for Q3
- Consolidated revenue growth achieved in the high twenties year-over-year for Q3
- Copra prices corrected by 30% from highs, with expectations of further decline
- No new partnerships or targets mentioned in the update
- No specific growth plans detailed beyond current performance metrics","Sources: external, image, text
- Marico reports Q3 revenue growth in the high twenties percentage range.
- Profit growth for Marico is projected to be in double-digit percentages.
- Volume growth in India business at high-single digits for Q3.
- International business saw constant currency growth in the early twenties for Q3.
- Consolidated revenue growth achieved in the high twenties year-over-year for Q3.
- Copra prices corrected by 30% from highs, with expectations of further decline.",Relevant,HIGH,"The content provides specific financial metrics and business updates for MARICO, including volume growth, revenue growth, and copra prices correction.",Volume Growth in India Business is reported to be in high-single digits.; International Business shows constant currency growth in the early twenties.; Consolidated Revenue Growth is noted to be in the high twenties year-on-year (YoY).; Copra Prices have corrected by 30% from highs and are expected to move lower further.,Copra; MARICO; Marico,Marico's Q3 update with detailed performance metrics and market insights.,text; image,"Consolidated Revenue Growth: High twenties YoY.; Volume Growth in India Business: High-single digits.; International Business Constant Currency Growth: Early twenties.; Consolidated Revenue Growth: High twenties YoY.; N/A; Copra Prices Correction: 30% from highs, expected to move lower further.; N/A",,,Expectations for future copra price movements are mentioned.,https://pbs.twimg.com/media/G9pthchbUAAViEa?format=jpg&name=orig,,,314,2026-01-02T10:31:28,@CNBCTV18Live
Kaynes Technology India Ltd.,https://x.com/CNBCTV18Live/status/2006994098696433784,"RELEVANT (HIGH confidence)
Sources: text, image
- Kaynes is set to begin commercial production of semiconductor units by 2026.
- Part of the Electronics Component Industry Production Linked Incentive (PLI) scheme.
- Alongside Tata Plant in Assam, Micron, and CG Power, contributing to India's semiconductor manufacturing capacity.
- The initiative aligns with government targets for boosting domestic electronics component production.
- Supports strategic growth plans within India's electronics sector by enhancing local manufacturing capabilities.","Sources: image, text
- Kaynes to commence commercial production of semiconductor units by 2026.
- Participates in the Electronics Component Industry Production Linked Incentive (PLI) scheme.
- Collaborates with Tata Plant in Assam, Micron, and CG Power to enhance India's semiconductor manufacturing capacity.
- Initiative supports government targets for increasing domestic electronics component production.
- Contributes to strategic growth plans within India's electronics sector by boosting local manufacturing capabilities.",Relevant,HIGH,"The content mentions Kaynes as one of the companies beginning commercial production by 2026, indicating a significant business development and strategic initiative.","Kaynes is set to begin commercial production by 2026 as part of a broader initiative involving multiple companies.; The announcement aligns with strategic initiatives within the electronics component industry, focusing on expanding production capabilities.",AshwiniVaishnaw speaks about Electronics; CG Power; CG Power and Industrial Solutions Limited; KAYNES; Micron Technology Inc.; Tata; Tata Plant in Assam (Tata Group),Announcement about the commencement of commercial production for semiconductor units by various companies in 2026.,text; image,"Kaynes, along with other companies, is expected to begin commercial production by 2026.","The announcement impacts multiple companies within the electronics component industry, highlighting their roles in upcoming production activities.",IT Minister Ashwini Vaishnaw discusses the timeline and key players in the semiconductor industry's growth.,"The announcement signifies a strategic initiative for the electronics component industry, involving key players like Kaynes and others.",https://pbs.twimg.com/media/G9pGH6Ua8AAD_AC?format=jpg&name=orig,,,275,2026-01-02T07:40:55,@CNBCTV18Live
Bharat Heavy Electricals Ltd.,https://x.com/CNBCTV18Live/status/2006968601350451451,"RELEVANT (HIGH confidence)
Sources: text, image
- Income Tax Department dropped ₹183.77 crore tax demand against BHEL, including interest and penalty.
- Current stock price: ₹294.75.
- Stock experienced a positive change of +₹3.30.
- Percentage increase in stock value: 1.13% during the trading session from 09:15 to 11:00.
- Trading session timeframe: 09:15 to 11:00, with stock price fluctuating between ₹291 and ₹296.","Sources: image, text
- Income Tax Department dropped ₹183.77 crore tax demand against BHEL, including interest and penalty.
- Current stock price: ₹294.75.
- Stock experienced a positive change of +₹3.30 during the trading session from 09:15 to 11:00.
- Percentage increase in stock value: 1.13% within the specified trading timeframe.
- Stock price fluctuated between ₹291 and ₹296 during the trading session from 09:15 to 11:00.",Relevant,HIGH,"The content directly mentions BHEL with specific financial updates (tax demand dropped) and stock price movements, which are key indicators of relevance to the company.","I-T Department drops ₹183.77 cr tax demand against BHEL.; Stock price of BHEL is 294.75 with a change of +3.30, indicating a percentage change of [1.13%].; The stock price movement is shown in a line graph from 291 to 296 during the timeframe 09:15 to 11:00.",A line graph showing the; BHEL; CNBC TV18 (as the information source); LT; stock,Tax relief for BHEL and its impact on stock prices as reported by CNBC TV18.,text; image,N/A; N/A; N/A; N/A; Stock price: 294.75; Change in stock price: +3.30; Percentage change: [1.13%]; N/A,,,"The tax demand drop is a significant financial relief for BHEL, potentially impacting its future financial strategies and investor sentiment.",https://pbs.twimg.com/media/G9ovD7xaUAEcykD?format=png&name=orig,,,614,2026-01-02T05:59:36,@CNBCTV18Live
ITC Ltd.,https://x.com/CNBCTV18Live/status/2006947706997272786,"RELEVANT (HIGH confidence)
Sources: text, image, external
- ITC shares lose nearly ₹70,000 crore in market cap after a two-day fall extends to nearly 15%.
  
(Note: The provided text does not contain additional specific strategic information related to financial metrics, business developments, targets, partnerships, or growth plans for ITC. The summary focuses on the key financial impact mentioned.)","Sources: external, image, text
- ITC shares lost nearly ₹70,000 crore in market cap due to a two-day fall of nearly 15%.
- Stock fell to a three-year low following analyst downgrades triggered by an excise duty hike on cigarettes.
- Analysts reduced price targets; Morgan Stanley changed rating from Overweight (OW) to Equal Weight (EW), reducing target price from ₹469 to ₹366.
- JPMorgan adjusted ITC's rating from Overweight (OW) to Neutral, lowering the target price from ₹475 to ₹375.
- Jefferies revised ITC's rating from Buy to Hold, decreasing target price from ₹535 to ₹400.
- Nomura downgraded ITC from Buy to Reduce, cutting target price from ₹540 to ₹340.
- Motilal Oswal shifted ITC's rating from Buy to Hold, reducing the target price from ₹515 to ₹400.
- Nuvama downgraded ITC to ""Hold"" status with a target price of ₹415 per share.
- Expected sharp tax hike on cigarettes anticipated to decrease EBITDA by 7% annually for FY27/28.
- Government's excise duty increase necessitated stock downgrades, impacting revenue and margins in the tobacco segment.",Relevant,HIGH,"The content explicitly mentions ITC's market cap loss due to a stock price decline, which is directly related to the company's financial performance and investor sentiment.","ITC shares lost nearly ₹70,000 crore in market cap after a two-day fall extending to nearly 15%.","AV (implied from the image content with ""AV"" logo); BEL; ITC; Indian; Indian Aviation; It highlights how leaders in the power; It notes that some; LIC; LT; The article discusses potential future investments in Indian aviation; The article mentions that this information is part of global business and financial; The image shows a magnifying glass; The magnifying glass; and overbought when it; article provides insights into; detailed; detailed financial; indicating significant policy or financial; inside it; into; is part of global business and; significant policy or",Market capitalization loss of ITC shares following a two-day fall in stock prices.,text; image; external,"ITC's market cap loss of nearly ₹70,000 crore; Stock price fall extending to nearly 15%","The article discusses broader sector trends such as AI ambitions and power sector transformation that could impact multiple companies including ITC, but no specific multi-company impacts are detailed for ITC itself.",[Leave blank],"The content is relevant due to the specific mention of ITC's financial metric (market cap loss) and stock performance.; No other companies are explicitly mentioned in relation to ITC, except for an implied reference to ""AV"" from the image content.",https://pbs.twimg.com/card_img/2006578227276558338/G0JysszU?format=jpg&name=orig,,https://t.co/gVgrO4hFsJ,2256,2026-01-02T04:36:35,@CNBCTV18Live
ITC Ltd.,https://x.com/CNBCTV18Live/status/2006936937580634481,"RELEVANT (HIGH confidence)
Sources: text, image
- ITC shares fall to a three-year low due to analysts downgrading the stock.
- Analysts have slashed price targets following an excise duty hike on cigarettes.
- The excise duty increase impacts ITC's cigarette business, a significant revenue contributor.
- Downgrades reflect concerns over potential declines in cigarette sales volume and profitability.
- Financial metrics indicate pressure on earnings from the tobacco segment due to higher taxes.
- No new partnerships or growth plans mentioned in relation to mitigating the impact of the tax hike.","Sources: external, image, text
- ITC shares lost nearly ₹70,000 crore in market cap due to a two-day fall of nearly 15%.
- Stock fell to a three-year low following analyst downgrades triggered by an excise duty hike on cigarettes.
- Analysts reduced price targets; Morgan Stanley changed rating from Overweight (OW) to Equal Weight (EW), reducing target price from ₹469 to ₹366.
- JPMorgan adjusted ITC's rating from Overweight (OW) to Neutral, lowering the target price from ₹475 to ₹375.
- Jefferies revised ITC's rating from Buy to Hold, decreasing target price from ₹535 to ₹400.
- Nomura downgraded ITC from Buy to Reduce, cutting target price from ₹540 to ₹340.
- Motilal Oswal shifted ITC's rating from Buy to Hold, reducing the target price from ₹515 to ₹400.
- Nuvama downgraded ITC to ""Hold"" status with a target price of ₹415 per share.
- Expected sharp tax hike on cigarettes anticipated to decrease EBITDA by 7% annually for FY27/28.
- Government's excise duty increase necessitated stock downgrades, impacting revenue and margins in the tobacco segment.",Relevant,HIGH,"The content directly mentions ITC's stock price movements and analyst ratings related to a cigarette excise duty hike, which is significant for the company.",Analysts have downgraded ITC and slashed price targets due to a cigarette excise duty hike.; ITC shares fell to a three-year low.,ITC; ITC Limited; [No other specific companies mentioned]; price; slash,Stock price decline of ITC due to analysts downgrading and slashing price targets following a cigarette excise duty hike.,text; image,[Leave blank]; [Leave blank]; [Leave blank]; [Leave blank]; ITC shares fell to a three-year low.; [Leave blank],"The excise duty hike affects multiple companies in the tobacco industry, including ITC, as it impacts their pricing strategies and profitability.",[Leave blank],"The excise duty hike is a strategic concern for ITC, affecting its pricing and profitability.",https://pbs.twimg.com/card_img/2005664807400439808/dSAur68f?format=jpg&name=orig,,https://t.co/NBu1jSSZak,512,2026-01-02T03:53:47,@CNBCTV18Live
ITC Ltd.,https://x.com/CNBCTV18Live/status/2006935805718351976,"RELEVANT (HIGH confidence)
Sources: text, image
- ITC's stock price is currently at 345.80, marking a decline of 18.05 from the previous value.
- The percentage change in ITC's stock price is -4.96%, indicating a significant drop.
- This represents a near 5% decrease, hitting a three-year low for ITC shares.
- The downward trend in ITC's stock price is evident on the line graph, showing a decline from approximately 364 to 345.
- The data point reflects market conditions at 09:15.","Sources: external, image, text
- ITC shares lost nearly ₹70,000 crore in market cap due to a two-day fall of nearly 15%.
- Stock fell to a three-year low following analyst downgrades triggered by an excise duty hike on cigarettes.
- Analysts reduced price targets; Morgan Stanley changed rating from Overweight (OW) to Equal Weight (EW), reducing target price from ₹469 to ₹366.
- JPMorgan adjusted ITC's rating from Overweight (OW) to Neutral, lowering the target price from ₹475 to ₹375.
- Jefferies revised ITC's rating from Buy to Hold, decreasing target price from ₹535 to ₹400.
- Nomura downgraded ITC from Buy to Reduce, cutting target price from ₹540 to ₹340.
- Motilal Oswal shifted ITC's rating from Buy to Hold, reducing the target price from ₹515 to ₹400.
- Nuvama downgraded ITC to ""Hold"" status with a target price of ₹415 per share.
- Expected sharp tax hike on cigarettes anticipated to decrease EBITDA by 7% annually for FY27/28.
- Government's excise duty increase necessitated stock downgrades, impacting revenue and margins in the tobacco segment.",Relevant,HIGH,"The content specifically mentions ITC's stock price movement, which is a direct indicator of its market performance and investor sentiment. This aligns with the criteria for relevance as it involves stock price movements specific to ITC.",ITC's current stock price is 345.80.; The change in stock price is -18.05.; Percentage change in stock price is -4.96%.; Time of the data provided is 09:15.,A line graph showing the; Current; ITC; axis; axis represents the; graph shows a decline in the; stock,"The main topic is the recent decline in ITC's stock price, highlighting a 3-year low with a nearly 5% drop.",text; image,N/A; N/A; N/A; N/A; The stock price of ITC has declined from approximately 364 to 345.; N/A,,,,https://pbs.twimg.com/media/G9oRXG_aEAEBmZA?format=png&name=orig,,,542,2026-01-02T03:49:17,@CNBCTV18Live
ITC Ltd.,https://x.com/CNBCTV18Live/status/2006935311084089756,"RELEVANT (HIGH confidence)
Sources: text, image
- ITC stock down over 3% in opening hour of trade due to multiple brokerage downgrades.
- Current price at 351.80, reflecting a decrease of 12.05 from the previous close.
- Percentage change recorded as -3.31% at 09:15.
- Stock price trend shows a decline within the range of 347 to 364 on the graph.
- Graph indicates downward movement in stock value over time, highlighted by red coloration.","Sources: external, image, text
- ITC shares lost nearly ₹70,000 crore in market cap due to a two-day fall of nearly 15%.
- Stock fell to a three-year low following analyst downgrades triggered by an excise duty hike on cigarettes.
- Analysts reduced price targets; Morgan Stanley changed rating from Overweight (OW) to Equal Weight (EW), reducing target price from ₹469 to ₹366.
- JPMorgan adjusted ITC's rating from Overweight (OW) to Neutral, lowering the target price from ₹475 to ₹375.
- Jefferies revised ITC's rating from Buy to Hold, decreasing target price from ₹535 to ₹400.
- Nomura downgraded ITC from Buy to Reduce, cutting target price from ₹540 to ₹340.
- Motilal Oswal shifted ITC's rating from Buy to Hold, reducing the target price from ₹515 to ₹400.
- Nuvama downgraded ITC to ""Hold"" status with a target price of ₹415 per share.
- Expected sharp tax hike on cigarettes anticipated to decrease EBITDA by 7% annually for FY27/28.
- Government's excise duty increase necessitated stock downgrades, impacting revenue and margins in the tobacco segment.",Relevant,HIGH,"The content specifically mentions ITC's stock price movement due to multiple brokerage downgrades, which is directly related to the company's financial performance and market perception.",ITC's stock price is 351.80 with a change of -12.05.; Percentage change in stock price is -3.31% at the time of 09:15.,"Current; ITC; LT; [No other specific companies are mentioned by name, but brokerages involved in downgrades could be inferred as relevant.]; axis; indicating a decline in the; shows a downward trend in the; stock",Stock price decline of ITC in the opening hour of trade on a specific date.,text; image,[No revenue figures provided]; [No profit figures provided]; [No growth rates provided]; [No targets or timelines mentioned]; Current stock price: 351.80; Price change: -12.05; Percentage change: -3.31%; [No ratios or margins provided],"The mention of ""multiple brokerage downgrades"" implies that other companies might also be affected by similar actions from these brokerages, though they are not explicitly named here.",,"The content indicates a negative market sentiment towards ITC due to brokerage downgrades, which could be part of broader strategic considerations for investors and analysts monitoring the company's performance.",https://pbs.twimg.com/media/G9oQ5R_bQAEP54-?format=png&name=orig,,,622,2026-01-02T03:47:19,@CNBCTV18Live
ITC Ltd.,https://x.com/CNBCTV18Live/status/2006929322612015273,"RELEVANT (HIGH confidence)
Sources: text, image
- Government excise duty hike on cigarettes led to multiple brokerages downgrading ITC.
- Morgan Stanley changed rating from Overweight (OW) to Equal Weight (EW), reducing target price from 469 to 366.
- JPMorgan adjusted rating from Overweight (OW) to Neutral, lowering target price from 475 to 375.
- Jefferies revised rating from Buy to Hold, decreasing target price from 535 to 400.
- Nomura downgraded ITC from Buy to Reduce, cutting target price from 540 to 340.
- Motilal Oswal shifted rating from Buy to Hold, reducing target price from 515 to 400.","Sources: external, image, text
- ITC shares lost nearly ₹70,000 crore in market cap due to a two-day fall of nearly 15%.
- Stock fell to a three-year low following analyst downgrades triggered by an excise duty hike on cigarettes.
- Analysts reduced price targets; Morgan Stanley changed rating from Overweight (OW) to Equal Weight (EW), reducing target price from ₹469 to ₹366.
- JPMorgan adjusted ITC's rating from Overweight (OW) to Neutral, lowering the target price from ₹475 to ₹375.
- Jefferies revised ITC's rating from Buy to Hold, decreasing target price from ₹535 to ₹400.
- Nomura downgraded ITC from Buy to Reduce, cutting target price from ₹540 to ₹340.
- Motilal Oswal shifted ITC's rating from Buy to Hold, reducing the target price from ₹515 to ₹400.
- Nuvama downgraded ITC to ""Hold"" status with a target price of ₹415 per share.
- Expected sharp tax hike on cigarettes anticipated to decrease EBITDA by 7% annually for FY27/28.
- Government's excise duty increase necessitated stock downgrades, impacting revenue and margins in the tobacco segment.",Relevant,HIGH,"The content discusses brokerages downgrading ITC's target prices due to a government excise duty hike, which directly affects ITC's financial outlook and stock performance.","Multiple brokerages have downgraded their ratings for ITC following a government excise duty increase.; Brokerages include Morgan Stanley, JPMorgan, Jefferies, Nuvama, Nomura, and Motilal Oswal, each adjusting their target prices for ITC.",ITC; JPMorgan; Jefferies; LT; Morgan Stanley; Motilal Oswal; NEW; Nomura; Nuvama; OLD; cut; itc; target,Impact of excise duty hike on ITC's ratings and target prices by various brokerages.,text; image,Morgan Stanley's target for ITC changed from 469 to 366.; JPMorgan's target for ITC changed from 475 to 375.; Jefferies' target for ITC changed from 535 to 400.; Nuvama's target for ITC changed from 534 to 415.; Nomura's target for ITC changed from 540 to 340.; Motilal Oswal's target for ITC changed from 515 to 400.,"The excise duty hike impacts multiple companies in the tobacco industry, but the content specifically focuses on its effect on ITC as analyzed by different brokerages.",,,https://pbs.twimg.com/media/G9oJ_OGbQAExuk4?format=jpg&name=orig,,,1162,2026-01-02T03:23:32,@CNBCTV18Live
ITC Ltd.,https://x.com/CNBCTV18Live/status/2006920481727984132,"RELEVANT (HIGH confidence)
Sources: text, image, external
- ITC shares received at least five downgrades and price target cuts following a hike in cigarette excise duty.

(Note: The provided text does not contain additional specific strategic information related to financial metrics, business developments, targets, partnerships, or growth plans for ITC. The summary focuses solely on the direct impact of the excise duty hike as mentioned.)","Sources: external, image, text
- ITC shares lost nearly ₹70,000 crore in market cap due to a two-day fall of nearly 15%.
- Stock fell to a three-year low following analyst downgrades triggered by an excise duty hike on cigarettes.
- Analysts reduced price targets; Morgan Stanley changed rating from Overweight (OW) to Equal Weight (EW), reducing target price from ₹469 to ₹366.
- JPMorgan adjusted ITC's rating from Overweight (OW) to Neutral, lowering the target price from ₹475 to ₹375.
- Jefferies revised ITC's rating from Buy to Hold, decreasing target price from ₹535 to ₹400.
- Nomura downgraded ITC from Buy to Reduce, cutting target price from ₹540 to ₹340.
- Motilal Oswal shifted ITC's rating from Buy to Hold, reducing the target price from ₹515 to ₹400.
- Nuvama downgraded ITC to ""Hold"" status with a target price of ₹415 per share.
- Expected sharp tax hike on cigarettes anticipated to decrease EBITDA by 7% annually for FY27/28.
- Government's excise duty increase necessitated stock downgrades, impacting revenue and margins in the tobacco segment.",Relevant,HIGH,"The content explicitly mentions ITC shares being downgraded and price target cuts following a cigarette excise duty hike, which directly impacts the company's financial outlook.",ITC shares received at least five downgrades and price target cuts.; The context is related to a cigarette excise duty hike.,BEL; Hormaz Fatakia (mentioned in the context of reporting); ITC; ITC Limited; Indian; Indian Aviation; It highlights how leaders in the power; It notes that some; LIC; LT; The article discusses future prospects and potential developments in investment within the Indian aviation; The article mentions that these insights are part of the most important global business and financial; The image does not provide any; The image does not provide any financial; The webpage seems to be related to ITC Limited; a reputable source for; and overbought when it; article provides insights into; current; explaining that a; important global business and; inside it; into; offering guidance on current; price; seems to be related to ITC; suggesting a reputable source for financial,Downgrades and price target adjustments for ITC due to changes in excise duties on cigarettes.,text; image; external,,"The excise duty hike affects not only ITC but potentially other companies in the tobacco industry as well, though they are not specifically mentioned here.",[Leave blank],,https://pbs.twimg.com/card_img/2005664807400439808/dSAur68f?format=jpg&name=orig,,https://t.co/NBu1jSSZak,2741,2026-01-02T02:48:24,@CNBCTV18Live
ITC Ltd.,https://x.com/CNBCTV18Live/status/2006905683799945598,"RELEVANT (HIGH confidence)
Sources: text, image
- Nuvama downgrades ITC to ""Hold"" status.
- Target price set at ₹415 per share.
- Closing Price (CMP) is ₹363.85.
- Expected sharp tax hike on cigarettes, magnitude higher than anticipated.
- Potential for a consensus due to the unexpected tax increase.
- Anticipated more than 20% price hike pending clarity on taxes.
- EBITDA projected to decrease by 7% each year for FY27/28.","Sources: external, image, text
- ITC shares lost nearly ₹70,000 crore in market cap due to a two-day fall of nearly 15%.
- Stock fell to a three-year low following analyst downgrades triggered by an excise duty hike on cigarettes.
- Analysts reduced price targets; Morgan Stanley changed rating from Overweight (OW) to Equal Weight (EW), reducing target price from ₹469 to ₹366.
- JPMorgan adjusted ITC's rating from Overweight (OW) to Neutral, lowering the target price from ₹475 to ₹375.
- Jefferies revised ITC's rating from Buy to Hold, decreasing target price from ₹535 to ₹400.
- Nomura downgraded ITC from Buy to Reduce, cutting target price from ₹540 to ₹340.
- Motilal Oswal shifted ITC's rating from Buy to Hold, reducing the target price from ₹515 to ₹400.
- Nuvama downgraded ITC to ""Hold"" status with a target price of ₹415 per share.
- Expected sharp tax hike on cigarettes anticipated to decrease EBITDA by 7% annually for FY27/28.
- Government's excise duty increase necessitated stock downgrades, impacting revenue and margins in the tobacco segment.",Relevant,HIGH,"The content contains specific financial metrics and stock price movements related to ITC, including a downgrade to hold with a target price of ₹415/sh, expected tax hikes on cigarettes affecting EBITDA, and closing price information.","Downgrade of ITC stock to hold with a target price set at ₹415/sh.; Expected sharp tax hike on cigarettes, leading to a more than 20% price increase anticipation.; EBITDA for ITC is projected to be cut by 7% each for FY27/28 due to the anticipated tax changes.",Closing; ITC; Nuvama; Target; target,Financial analysis and market impact on ITC due to anticipated tax changes on cigarettes.,text; image,Target price for ITC set at ₹415/sh.; EBITDA cut by 7% each for FY27/28.; Closing Price (CMP) of ITC at ₹363.85,The content primarily focuses on ITC but mentions Nuvama as the analyst firm providing insights.,[Leave blank],,https://pbs.twimg.com/media/G9n1vtaaMAEsZ-b?format=jpg&name=orig,,,630,2026-01-02T01:49:36,@CNBCTV18Live
ITC Ltd.,https://x.com/CNBCTV18Live/status/2006904540721983991,"RELEVANT (HIGH confidence)
Sources: text, image
- JPMorgan downgraded ITC to neutral, reducing target price from ₹475 to ₹375 per share.
- Closing Market Price (CMP) at ₹363.85.
- Government's sharp tax increase on cigarettes necessitated the downgrade.
- Early read indicates a need for a weighted average price hike of 25%+ if NCCD is removed.
- If NCCD remains, a 35%+ price increase needed to maintain net realisation levels.
- Potential risk of consumer downtrading to cheaper cigarette variants due to KSFT segment price increases.
- Expectation that ITC will largely pass on the tax impact to consumers.
- Possible increase in illicit cigarette off-take due to higher prices.
- Anticipated impact on volume/earnings growth, restricting stock upside over 6-9 months.","Sources: external, image, text
- ITC shares lost nearly ₹70,000 crore in market cap due to a two-day fall of nearly 15%.
- Stock fell to a three-year low following analyst downgrades triggered by an excise duty hike on cigarettes.
- Analysts reduced price targets; Morgan Stanley changed rating from Overweight (OW) to Equal Weight (EW), reducing target price from ₹469 to ₹366.
- JPMorgan adjusted ITC's rating from Overweight (OW) to Neutral, lowering the target price from ₹475 to ₹375.
- Jefferies revised ITC's rating from Buy to Hold, decreasing target price from ₹535 to ₹400.
- Nomura downgraded ITC from Buy to Reduce, cutting target price from ₹540 to ₹340.
- Motilal Oswal shifted ITC's rating from Buy to Hold, reducing the target price from ₹515 to ₹400.
- Nuvama downgraded ITC to ""Hold"" status with a target price of ₹415 per share.
- Expected sharp tax hike on cigarettes anticipated to decrease EBITDA by 7% annually for FY27/28.
- Government's excise duty increase necessitated stock downgrades, impacting revenue and margins in the tobacco segment.",Relevant,HIGH,"The content contains specific financial metrics, stock price movements, analyst ratings, and target prices specifically for ITC, which are directly related to the company's performance.","JPMorgan has downgraded ITC's rating to neutral.; Target price for ITC reduced from ₹475 to ₹375 per share.; Closing Market Price (CMP) of ITC is ₹363.85.; Suggests a weighted average price hike of 25%+ if NCCD is removed, or 35%+ if it stays.; Expectation that ITC will largely pass on the tax impact to consumers.; Potential restriction on stock upside over the next 6-9 months due to volume/earnings growth concerns.",Could restrict; Following a sharp tax; ITC; JPMorgan; LIC; Market; May also induce an; May also induce an increase in the offtake of illicit; Suggests an; Suggests an increase in the KSFT segment implies an increased risk of consumer; Target; average; avg; earnings growth and restrict; impact; in the KSFT segment implies an; restrict,"Analysis of JPMorgan's downgrade of ITC, including a target price cut and implications of tax increases on ITC's pricing strategy.",text; image,Target price cut to ₹375 from ₹475/sh.; Potential stock upside restriction over the next 6-9 months.; CMP of ITC at ₹363.85.,"The content primarily focuses on ITC but discusses industry-wide impacts such as potential consumer behavior changes (e.g., downtrading to cheaper variants) that could affect other companies in the tobacco sector.",[Leave blank],Need for a weighted average price hike to maintain net realisation.; Increased risk of consumer downtrading and illicit cigarette off-take due to pricing changes.,https://pbs.twimg.com/media/G9n0pq3aMDotb2U?format=jpg&name=orig,,,1193,2026-01-02T01:45:03,@CNBCTV18Live
ITC Ltd.,https://x.com/CNBCTV18Live/status/2006894986470863018,"RELEVANT (HIGH confidence)
Sources: text, image, external
- ITC shares downgraded by Motilal Oswal, Nuvama following a cigarette excise duty hike.
- Target for ITC cut due to increased excise duties impacting profitability projections.
- Excise duty hike on cigarettes expected to affect ITC's revenue and margins in the tobacco segment.","Sources: external, image, text
- ITC shares lost nearly ₹70,000 crore in market cap due to a two-day fall of nearly 15%.
- Stock fell to a three-year low following analyst downgrades triggered by an excise duty hike on cigarettes.
- Analysts reduced price targets; Morgan Stanley changed rating from Overweight (OW) to Equal Weight (EW), reducing target price from ₹469 to ₹366.
- JPMorgan adjusted ITC's rating from Overweight (OW) to Neutral, lowering the target price from ₹475 to ₹375.
- Jefferies revised ITC's rating from Buy to Hold, decreasing target price from ₹535 to ₹400.
- Nomura downgraded ITC from Buy to Reduce, cutting target price from ₹540 to ₹340.
- Motilal Oswal shifted ITC's rating from Buy to Hold, reducing the target price from ₹515 to ₹400.
- Nuvama downgraded ITC to ""Hold"" status with a target price of ₹415 per share.
- Expected sharp tax hike on cigarettes anticipated to decrease EBITDA by 7% annually for FY27/28.
- Government's excise duty increase necessitated stock downgrades, impacting revenue and margins in the tobacco segment.",Relevant,HIGH,"The content explicitly mentions ITC shares being downgraded and target cut by Motilal Oswal and Nuvama due to a cigarette excise duty hike. This directly relates to stock price movements, analyst ratings, or target prices specifically for ITC.",ITC shares downgraded by Motilal Oswal and Nuvama.; Target cut for ITC following an excise duty hike on cigarettes.,BEL; ITC; ITC Limited; Indian; Indian Aviation; It highlights how leaders in the power; It notes that some; LIC; LT; Motilal Oswal; Nuvama; The article discusses future prospects and potential developments in investment within the Indian aviation; The article does not mention specific companies or detailed financial; The article mentions that this content is part of the global business and financial; and overbought when it; article provides insights into; into; part of the global business and; specific companies or detailed,Downgrade of ITC shares following an excise duty hike on cigarettes.,text; image; external,,"The downgrade by Motilal Oswal and Nuvama affects ITC's financial outlook, indicating a broader impact on investor sentiment towards the company due to regulatory changes.",[Leave blank],,https://pbs.twimg.com/card_img/2005664807400439808/dSAur68f?format=jpg&name=orig,,https://t.co/NBu1jSSZak,2411,2026-01-02T01:07:05,@CNBCTV18Live
ITC Ltd.,https://x.com/ETMarkets/status/2007287748328296909,"RELEVANT (HIGH confidence)
Sources: text, image, external
- ITC shares closed at a three-year low of ₹350.1 on January 3, marking the lowest since February 2023.
- Brokerages downgraded ITC from bullish to cautious/bearish due to anticipated impacts of excise duty hike on cigarette prices and demand.
- Nuvama downgraded ITC from 'buy' to 'hold', citing a higher-than-expected tax increase affecting volume and EBITDA estimates.
- Cigarette segment contributes over 40% of ITC's revenue and 80% of its profits, expected to be significantly affected by price hikes of 20-30%.
- Analysts suggest institutional selling with cautious near-term sentiment; Mayank Jain noted FMCG, agri, and other businesses cannot fully offset cigarette profit impact.
- Conservative investors advised to wait for a sustained weekly close above ₹400 before buying, indicating market absorption of tax news.
- Motilal Oswal downgraded ITC to 'neutral' with a target price of ₹400 due to earnings pressure on cigarettes.",Unable to generate summary for ITC,Relevant,HIGH,"The content contains specific financial metrics, stock price movements, analyst ratings, and strategic insights directly related to ITC, making it highly relevant for analysis.","ITC shares closed at a three-year low of ₹350.1.; The cigarette segment contributes over 40% of ITC's revenue and 80% of its profits.; Analysts predict potential price hikes for cigarettes by 20-30%, impacting demand and profitability.; Nuvama downgraded ITC from 'buy' to 'hold'.; Motilal Oswal downgraded ITC to 'neutral' with a target price of ₹400.",BEL; Conservative investors are advised to wait; ITC; ITC Limited; Indian; LT; Mayank Jain from; Motilal Oswal; Nuvama; Share.Market; Sonam Srivastava from Wright Research highlighted the significant revenue and profit; The background appears to be a; The company; The image does not contain any specific financial; Wright Research; a conglomerate involved in cigarettes and consumer; a financial; affect; bearish; challenges faced by ITC due to; cigarette; content beyond the logo and the; does not contain any specific; expected tax; extending losses to the second straight session after most brokerages downgraded it; inside it; leading to; potential; reports significant impacts on ITC Ltd; s FMCG; s announcement of an additional excise duty on tobacco; significant impacts on ITC; suggesting; suggesting financial; target; the article underscores the challenges faced by ITC due to increased excise duties on tobacco; year low as tobacco,The primary focus is on the impact of increased excise duties on tobacco products on ITC's stock performance and business outlook.,text; image; external,"Cigarette segment contributes over 40% of ITC's revenue.; Cigarette segment contributes 80% of ITC's profits.; Conservative investors advised to wait for a sustained weekly close above ₹400.; Analysts suggest waiting for stabilization near the ₹330-₹345 zone.; Stock fell sharply, marking the lowest closing since February 2023.","The content discusses broader market sentiment and brokerage downgrades affecting ITC due to policy changes impacting the tobacco industry, which may also affect other companies in the same sector.","Analysts suggest cautious investment strategies for ITC, highlighting potential volatility and advising on price targets.","Institutional selling noted with cautious near-term sentiment.; ITC's FMCG, agri, and other businesses are growing but cannot fully offset cigarette profit impacts.",https://pbs.twimg.com/card_img/2007287740162002944/eVhkFZiC?format=jpg&name=orig,,https://t.co/PRvFNIW0dW,3328,2026-01-03T03:07:47,@ETMarkets
ITC Ltd.,https://x.com/ETMarkets/status/2007083286087258410,"RELEVANT (HIGH confidence)
Sources: text, image
- LIC incurred losses of Rs 10,445 crore in ITC within two days due to a tax hike announcement.
- ITC's stock value dropped by 13% following the tax hike news.
- The financial impact on LIC is directly linked to its investment in ITC shares. 

(Note: Additional strategic points related to business developments, targets, partnerships, or growth plans for ITC are not provided in the text.)",Unable to generate summary for ITC,Relevant,HIGH,"The content mentions ITC in the context of LIC's losses due to a tax hike affecting its stock price, which is directly related to financial performance and market impact.","ITC's stock plummeted by 13% following LIC's reported losses.; LIC's losses amounted to Rs 10,445 crore over two days.",CORPORATION; Corporation; ITC; Insurance; LIC; LIFE INSURANCE; LIFE INSURANCE CORPORATION; Life Insurance Corporation; Life Insurance Corporation of India (LIC); The logo and text of the Life; The logo and text of the Life Insurance Corporation; days as; hands,Financial impact on ITC due to LIC's losses following a tax hike.,text; image,ITC's stock price dropped by 13%.,"The tax hike has led to significant losses for LIC, impacting its investments in companies like ITC, causing a drop in ITC's stock price. This highlights the interconnectedness of financial markets and how policy changes can affect multiple entities.",[Leave blank],,https://pbs.twimg.com/card_img/2007083258648068096/HJCqlE4t?format=jpg&name=orig,,https://t.co/EghG41d50t,640,2026-01-02T13:35:19,@ETMarkets
ITC Ltd.,https://x.com/ETMarkets/status/2006983928339677359,"RELEVANT (HIGH confidence)
Sources: text, image
- ITC shares have dropped to a three-year low following a tax-related announcement.
- The market reaction is characterized by a significant decline, as indicated by the large red downward arrow in financial graphics.
- Stock price data points include ""249.10"" with a ""BUY"" label, ""124.53"" with a ""BUY"" label, and ""46.89"" with a ""BUY"" label, suggesting varied investor sentiment at different price levels.
- The presence of candlestick patterns on the stock market chart indicates recent trading activity and volatility in ITC's share prices.
- The financial performance or market status of ITC Limited is currently under scrutiny due to the tax announcement impact.",Unable to generate summary for ITC,Relevant,HIGH,The content explicitly mentions ITC Limited's stock price movement and includes visual elements (logo and chart) directly related to the company's financial performance.,"The content discusses ITC shares plunging to a 3-year low.; A ""tax bombshell"" is mentioned as the cause for this decline, suggesting significant financial impact or regulatory change affecting ITC.",BEL; ITC; ITC Limited; The chart; The image appears to be related to the financial performance or market status of ITC Limited; appears to be related to the; inside it; or market status of ITC; stock; typical of; typical of financial; with a focus on a decline in,"Decline in ITC shares due to a tax-related issue, with accompanying market data and visuals indicating negative trends.",text; image,"Stock price data points include ""249.10"" with a ""BUY"" label, ""124.53"" with a ""BUY"" label, and ""46.89"" with a ""BUY"" label.",,,,https://pbs.twimg.com/media/G9ozOQxbkAAMyfq?format=jpg&name=orig,,,1199,2026-01-02T07:00:31,@ETMarkets
ITC Ltd.,https://x.com/ETMarkets/status/2006938503264026963,"RELEVANT (HIGH confidence)
Sources: text, image
- ITC hit by wave of downgrades due to cigarette tax hike impacting earnings outlook.
- Analysts have adjusted their ratings, reflecting concerns over reduced profitability in the tobacco segment.
- The company's financial performance is expected to be negatively affected by increased taxation on cigarettes.
- Strategic focus may need adjustment to mitigate impact from declining margins in the FMCG sector.
- Potential exploration of growth opportunities in non-tobacco segments like agribusiness and hotels could be prioritized.
- ITC might consider enhancing its diversification strategy to stabilize revenue streams amid regulatory challenges.",Unable to generate summary for ITC,Relevant,HIGH,"The content explicitly mentions ITC and discusses a significant impact on its earnings outlook due to a cigarette tax hike, which is directly related to the company's financial performance.",ITC is experiencing a wave of downgrades.; Earnings outlook for ITC is negatively impacted by a cigarette tax hike.,ITC; ITC Limited; ITC hit; [No specific other companies mentioned]; inside it; you,Impact of cigarette tax hike on ITC's earnings outlook.,text; image,[No specific revenue figures provided]; [No specific profit figures provided]; [No specific growth rates provided]; [No specific targets or timelines provided]; [No specific market metrics provided]; [No specific ratios or margins provided],"The content suggests an industry-wide effect due to the tax hike, potentially affecting other companies in the tobacco sector.",[Leave blank],"The tax hike is a strategic concern for ITC, affecting its financial outlook.",https://pbs.twimg.com/media/G9oMDhSbAAASXV2?format=jpg&name=orig,,,462,2026-01-02T04:00:00,@ETMarkets
ITC Ltd.,https://x.com/ETMarkets/status/2006931202213581023,"RELEVANT (HIGH confidence)
Sources: text, image, external
- ITC shares dropped by 4.8% to Rs 346.60, reaching a new 52-week low on the BSE following excise duty hike announcement.
- Godfrey Phillips India's stock fell by 4.3% to Rs 2,190 after the government announced increased excise duties on cigarettes.
- ITC experienced a previous session decline of 9.7%, closing at Rs 363.95 and losing over Rs 50,000 crore in market capitalization.
- Godfrey Phillips saw its worst intraday drop since November 2016 with a 17% decrease in stock value.
- Analysts estimate total tax incidence on cigarettes could rise over 20%, potentially exceeding 30% if NCCD remains applicable.
- ICICI Securities projects a 22%-28% cost increase for cigarettes measuring 75-85 mm due to the excise duty hike.",Unable to generate summary for ITC,Relevant,HIGH,"The content discusses significant financial impacts on ITC due to a government excise duty hike on cigarettes, including specific stock price movements and strategic challenges faced by the company.","ITC's share price dropped by 4.8% to Rs 346.60 on BSE.; Previous session saw a 9.7% fall, closing at Rs 363.95, eroding over Rs 50,000 crore in market capitalization.; Jefferies analysts suggest ITC might need double-digit price increases across major brands to maintain profitability.",BEL; BSE; Emkay; GPI INDIA LIMITED LIMITED; GPI INDIA LIMITED LIMITED LIMITED; Godfrey Phillips India (GPI); Godfrey Phillips to lose market; GodfreyPhillips; Goods and Services; ICICI; ICICI Securities; ITC; Idea; Indian; Jefferies; LIC; LT; The article also notes the risk of increased illicit; Vodafone Idea; a significant decline in; article also notes the risk of; article underscores significant; below it; cost; crore in market; digit; digit price; digit price increases across major brands to maintain profitability but warned that such measures could reduce demand for legal cigarettes and boost illicit; downside for Vodafone Idea; estimating that total tax; market; potential; previous; remains applicable; s announcement; seeing; the article underscores significant financial; though this is not directly related to the main focus on tobacco; to the main focus on tobacco; tobacco,"Impact of excise duty hike on major Indian cigarette manufacturers, particularly focusing on ITC's share performance and strategic responses.",text; image; external,"ITC's stock fell by 4.8% to Rs 346.60.; Godfrey Phillips India's stock fell by 4.3% to Rs 2,190.","The excise duty hike affects multiple companies in the tobacco industry, notably increasing tax burdens and potentially reducing market shares for legal cigarette players like ITC and Godfrey Phillips India.",[Leave blank],Potential double-digit price increases for ITC's major brands to maintain profitability.; Risk of increased illicit cigarette trade affecting market share for legal players like ITC and Godfrey Phillips India.,https://pbs.twimg.com/card_img/2006926355397750784/Q_PDvs8e?format=jpg&name=orig,,https://t.co/EvezDJshxg,2757,2026-01-02T03:31:00,@ETMarkets
HCL Technologies Ltd.,https://x.com/ETMarkets/status/2006953600182895041,"RELEVANT (HIGH confidence)
Sources: text, image, external
- Citi maintains neutral rating on HCL Technologies.
- Modest upgrade in target price for HCL Technologies stock by Citi.
- Positive outlook signs for the technology sector influencing HCL Technologies' potential growth opportunities.
- Regulatory challenges impacting ITC, leading to Motilal Oswal's downgrade of the company.
- Increased cigarette taxes expected to negatively affect ITC’s financial performance and market position.","Sources: external, image, text
- Citi maintains neutral rating on HCL Technologies.
- Modest upgrade in target price for HCL Technologies stock by Citi.
- Positive outlook signs for the technology sector influencing HCL Technologies' potential growth opportunities.
- Regulatory challenges impacting ITC, leading to Motilal Oswal's downgrade of the company.
- Increased cigarette taxes expected to negatively affect ITC’s financial performance and market position.",Relevant,HIGH,"The content discusses Citi's neutral rating on HCL Technologies along with a modest upgrade in the target price for its stock, which directly pertains to analyst ratings and stock performance metrics relevant to HCLTECH.",Citi maintains a neutral rating on HCL Technologies.; There is a modest upgrade in the target price for HCL Technologies' stock.,Citi; Citi has maintained its neutral rating on HCL Technologies; Citi maintains neutral rating on HCL Technologies; HCL; HCL Technologies; HCLTECH; HCLTechnologies; ITC; Key points from the article; LT; Motilal Oswal (investment firm); brokerage commentary on select; downgrade follows a significant; economic factors and internal; in the target price for the; influenced by both external economic factors and internal company; neutral; reflecting; s financial; select; target; with Citi showing guarded optimism for HCL Technologies,Brokerage commentary on HCL Technologies' stock rating and outlook within the technology sector.,text; image; external,Modest upgrade in the target price for HCL Technologies' stock.,"The content contrasts brokerage approaches towards HCL Technologies and ITC, highlighting differing sector dynamics influenced by external economic factors and internal company strategies.",[Leave blank],,https://pbs.twimg.com/card_img/2006937975335301123/aRbsGMRO?format=jpg&name=orig,,https://t.co/xUgv8QnU1O,1571,2026-01-02T05:00:00,@ETMarkets
Bharat Electronics Ltd.,https://x.com/ETMarkets/status/2006935700571303951,"RELEVANT (HIGH confidence)
Sources: text, image
- BEL stock price: ₹401.30, increased by +0.91%
- Sensex rises by 100 points; Nifty above 26,150
- Maruti and BEL stocks jump up to 2% in market value
- Market snapshot indicates positive performance for BEL among listed stocks
- BEL's percentage change reflects a strategic uptick amidst broader market gains","Sources: image, text
- BEL stock price increased to ₹401.30, up by +0.91%
- Market performance: Sensex rose by 100 points; Nifty above 26,150
- BEL's market value surged by up to 2%, alongside Maruti
- Positive market snapshot indicates strong performance for BEL among listed stocks
- BEL's percentage change reflects strategic gains amidst broader market improvements",Relevant,HIGH,"The content explicitly mentions BEL's stock price movement, which is a specific financial metric related to the company. Additionally, it highlights BEL as part of a broader market trend with other companies, indicating its relevance in the context of multi-company analysis.","BEL's stock price is 401.30 with an increase of +0.91%.; BEL is part of a broader market movement where the Sensex rises by 100 points and Nifty goes above 26,150.",ADANIPORTS; ASIANPAINT; AXISBANK; BAJAJFINSV; BAJFINANCE; BEL; BHARTIARTL; ETERNAL; HDFC; HDFCBANK; HINDUNILVR; HOLTECH; ICICI; ICICIBANK; INFY; ITC; KOTAKBANK; LT; Listed are various; M&M; MARUTI; Maruti; NTPC; POWERGRID; RELIANCE; SBI; SBIN; SUNPHARMA; Stock; TATASTEEL; TCS; TECHM; TITAN; TMPV; TRENT; The data seems to be from a; The data seems to be from a financial; The image appears to be a; The image appears to be a stock market snapshot or a financial; ULTRACEMCO; ZOMATO; and negative changes in; financial market or; representing a snapshot of; stock; stock market snapshot or a; various,Stock market performance and movements for various companies including BEL.,text; image,"BEL's stock price increase of +0.91%.; Maruti's stock price increase of +1.10%.; Sensex rises by 100 points.; Nifty goes above 26,150.","The content discusses stock price changes across multiple companies, indicating a general positive trend in the market, which affects all listed entities including BEL.",,,https://pbs.twimg.com/media/G9oQvjVbQAEnP3v?format=jpg&name=orig,,,2294,2026-01-02T03:48:52,@ETMarkets
H.G. Infra Engineering Ltd,https://x.com/ETNOWlive/status/2007394251257328114,"RELEVANT (HIGH confidence)
Sources: text, image
- HG Infra Engineering acquired equity shares in its wholly owned subsidiary, HG Bahuvan Jagarnathpur Highway, for ₹45.7 crore.
- The acquisition is part of HG Infra's strategic expansion within the infrastructure sector.
- This move strengthens HG Infra's portfolio and presence in highway development projects.
- The transaction reflects HG Infra's commitment to enhancing its operational capabilities and market reach.
- The company aims to leverage this acquisition for future growth opportunities in infrastructure engineering.","Sources: image, text
- HG Infra Engineering acquired equity shares in its wholly owned subsidiary, HG Bahuvan Jagarnathpur Highway, for ₹45.7 crore.
- The acquisition is part of HG Infra's strategic expansion within the infrastructure sector.
- This move strengthens HG Infra's portfolio and presence in highway development projects.
- The transaction reflects HG Infra's commitment to enhancing its operational capabilities and market reach.
- HG Infra aims to leverage this acquisition for future growth opportunities in infrastructure engineering.",Relevant,HIGH,"The content explicitly mentions HG Infra Engineering's acquisition of equity shares in its wholly owned subsidiary, which is a corporate action directly involving HGINFRA.","HG Infra Engineering acquired equity shares in its wholly owned subsidiary, HG Bahuvan Jagarnathpur Highway.; The acquisition amount is ₹45.7 crore.",HG Bahuvan Jagarnathpur Highway; HG Infra Engineering; HG Infra Engineering acquires; HGINFRA; HGInfraEngineering; LT; The emblem is bordered by a blue ring with the company name and slogan written around it; acquires; by a blue ring with the; equity,Corporate update on HG Infra Engineering acquiring equity shares in its subsidiary for ₹45.7 crore.,text; image,,,,,https://pbs.twimg.com/media/G9uybWOaIAARD-G?format=jpg&name=orig,,,523,2026-01-03T10:10:59,@ETNOWlive
HCL Technologies Ltd.,https://x.com/ETNOWlive/status/2006916913625182376,"RELEVANT (HIGH confidence)
Sources: text, image
- Citi maintains a Neutral rating on HCLTech.
- Target price revised up to ₹1,670 from ₹1,600.
- FY26E-28E estimates adjusted for exchange rates and operating assumptions.
- Target multiple increased to 24x Mar'27 from 23x due to improved growth outlook and sector re-rating.","Sources: image, text
- Citi maintains a Neutral rating on HCLTech.
- Target price revised up to ₹1,670 from ₹1,600.
- FY26E-28E estimates adjusted for exchange rates and operating assumptions.
- Target multiple increased to 24x Mar'27 from 23x due to improved growth outlook and sector re-rating.",Relevant,HIGH,"The content specifically discusses HCLTECH's stock rating, target price revision, and financial estimates by Citi, which are directly related to the company.","Citi maintains a Neutral rating for HCLTECH.; Target price revised to ₹1,670 from ₹1,600.; FY26E-28E estimates marginally revised due to exchange rates and operating assumptions.; Target multiple raised to 24x Mar'27 from 23x based on improved growth outlook and sector re-rating.",Citi; Citi On HCLTech; Citi maintains neutral rating on HCLTech; HCLTECH; LT; Neutral; hcltech; neutral; revises; target,"Brokerage analysis of HCLTECH with a focus on stock ratings, target prices, and financial estimates.",text; image,"N/A; N/A; N/A; Target price set at ₹1,670 for HCLTECH.; Revised target multiple to 24x Mar'27.; Neutral rating maintained by Citi.; Target multiple raised from 23x to 24x.",,,Improved growth outlook and sector re-rating for HCLTECH.,https://pbs.twimg.com/media/G9oAInMa4AAgCS1?format=jpg&name=orig,,,664,2026-01-02T02:34:13,@ETNOWlive
KPI Green Energy Ltd,https://x.com/ETNOWlive/status/2007106666127597754,"RELEVANT (HIGH confidence)
Sources: text, image
- KPI Green Energy awarded a 92.15 MWp IPP Hybrid Power Project by Gujarat Urja Vikas Nigam Limited (GUVNL).
- The project began supplying power ahead of schedule, indicating operational efficiency.
- This development enhances KPI Green's capacity in renewable energy generation.
- The partnership with GUVNL strengthens KPI Green's market presence in the Indian renewable sector.
- Early completion and supply may lead to potential financial benefits from early revenue recognition.
- Expansion through this project aligns with KPI Green’s growth plans in sustainable energy solutions.","Sources: image, text
- KPI Green Energy awarded a 92.15 MWp IPP Hybrid Power Project by Gujarat Urja Vikas Nigam Limited (GUVNL).
- The project began supplying power ahead of schedule, indicating operational efficiency.
- Expansion through this project aligns with KPI Green’s growth plans in sustainable energy solutions.
- Early completion and supply may lead to potential financial benefits from early revenue recognition.
- This development enhances KPI Green's capacity in renewable energy generation.
- Partnership with GUVNL strengthens KPI Green's market presence in the Indian renewable sector.",Relevant,HIGH,"The content discusses a significant business development for KPIGREEN involving the awarding of a 92.15 MWp IPP Hybrid Power Project by Gujarat Urja Vikas Nigam Limited (GUVNL), which is directly related to KPIGREEN's operations and strategic initiatives.",KPIGREEN's 92.15 MWp IPP Hybrid Power Project has been awarded by GUVNL.; The power supply from this project began ahead of schedule.,Gujarat Urja Vikas Nigam Limited (GUVNL); KPI Green Energy; KPIGREEN; KPIGreenEnergy; MWp IPP Hybrid Power Project awarded by Gujarat Urja Vikas Nigam Limited; begins supplying power; by Gujarat Urja Vikas Nigam,"Announcement of KPIGREEN's power project awarded by GUVNL, highlighting early power supply commencement.",text; image,,"The content mentions the involvement of Gujarat Urja Vikas Nigam Limited (GUVNL) as the awarding entity for the project, indicating a partnership or contractual relationship with KPIGREEN.",,"KPIGREEN has initiated a strategic project involving hybrid power generation, indicating expansion in its renewable energy portfolio.",https://pbs.twimg.com/media/G9qsxQCbQAEJBab?format=jpg&name=orig,,,255,2026-01-02T15:08:14,@ETNOWlive
Amber Enterprises India Ltd.,https://x.com/ETNOWlive/status/2007059267220910382,"RELEVANT (HIGH confidence)
Sources: text, image
- Amber Enterprises India's subsidiaries received approval under the Electronics Components Manufacturing Scheme (ECMS).
- The ECMS approval is aimed at boosting domestic manufacturing of electronic components.
- This development aligns with government initiatives to enhance electronics production in India.
- Approval under ECMS may lead to increased investment and expansion in the electronics sector for Amber Enterprises.
- Potential growth plans include scaling up production capabilities and entering new markets within the electronics industry.
- The strategic move could strengthen partnerships with domestic and international stakeholders in the electronics supply chain.","Sources: image, text
- Amber Enterprises India's subsidiaries received approval under the Electronics Components Manufacturing Scheme (ECMS).
- ECMS approval aims to boost domestic manufacturing of electronic components, aligning with government initiatives.
- Approval may lead to increased investment and expansion in the electronics sector for Amber Enterprises.
- Potential growth plans include scaling up production capabilities within the electronics industry.
- Strategic move could strengthen partnerships with both domestic and international stakeholders in the electronics supply chain.
- Expansion efforts are expected to facilitate entry into new markets within the electronics sector.",Relevant,HIGH,"The content mentions Amber Enterprises India receiving regulatory approval for its subsidiaries under the Electronics Components Manufacturing Scheme (ECMS), which is a significant business development and strategic initiative.",Amber Enterprises India has received regulatory approval for its subsidiaries under the Electronics Components Manufacturing Scheme (ECMS).; The content highlights a strategic initiative related to electronics components manufacturing.,AMBER; No other specific companies are mentioned in this content.; Subsidiaries get approval under Electronics,"Approval of Amber's subsidiaries under ECMS, indicating a strategic move in the electronics components manufacturing sector.",text; image,,This approval could impact other companies within the same industry by potentially increasing competition or setting new standards for regulatory compliance.,,"Amber Enterprises India's subsidiaries have received approval under the ECMS, indicating a strategic focus on electronics components manufacturing.",https://pbs.twimg.com/media/G9qBs9Na8AAZTnL?format=jpg&name=orig,,,210,2026-01-02T11:59:53,@ETNOWlive
Marico Ltd.,https://x.com/ETNOWlive/status/2007040403179253909,"RELEVANT (HIGH confidence)
Sources: text, image
- Consolidated revenue growth on a YoY basis stood in high single digits.
- Underlying volume growth in the India business remained in high single digits.
- Slight improvement in volume growth on a sequential basis.
- Value Added Hair Oils segment grew in the twenties.
- International business grew in early twenties in constant currency.
- Expect operating profit growth to touch double digits on a YoY basis.
- Copra prices corrected by ~30%, with an expected downward bias in the months ahead, followed by the flush season.","Sources: image, text
- Consolidated revenue growth on a YoY basis stood in high single digits.
- Underlying volume growth in the India business remained in high single digits.
- Value Added Hair Oils segment grew in the twenties.
- International business grew in early twenties in constant currency.
- Operating profit growth expected to touch double digits on a YoY basis.
- Copra prices corrected by ~30%, with an anticipated downward bias ahead.",Relevant,HIGH,"The content contains specific financial metrics, quarterly business updates with numerical data, and strategic insights related to MARICO's performance.","Consolidated revenue growth on a YoY basis stood in high twenties.; Underlying volume growth in the India business remained in high single digits with slight improvement sequentially.; Value Added Hair Oils segment grew in the twenties.; International business grew in early twenties in constant currency.; Expectation of operating profit growth to touch double digits on a YoY basis.; Copra prices corrected ~30%, indicating an expected downward bias in the months ahead.",Copra; Expect operating profit; MARICO; Marico; MaricoLimited; Underlying,"Marico Q3 Business Update including revenue growth, volume growth, segment-wise highlights, and future guidance.",text; image,Consolidated revenue growth stood in high twenties YoY.; International business grew in early twenties in constant currency.; Expectation of operating profit growth to touch double digits on a YoY basis.; Underlying volume growth remained in high single digits for the India business.; Value Added Hair Oils segment grew in the twenties.; Operating profit expected to grow to double digits on a YoY basis.; Slight improvement in volume growth on a sequential basis.; N/A,,,"Expectation of downward bias in copra prices due to ~30% correction, followed by the flush season.",https://pbs.twimg.com/media/G9pwlc9b0AAbc3P?format=jpg&name=orig,,,977,2026-01-02T10:44:55,@ETNOWlive
Zydus Lifesciences Ltd.,https://x.com/ETNOWlive/status/2007018462171070834,"RELEVANT (MEDIUM confidence)
Sources: text, image
- Zydus Lifesciences has dissolved its step-down arm, Auroralux S.A.S., effective December 31, 2025.
- The dissolution of Auroralux occurs without liquidation.
- This strategic move may impact Zydus Lifesciences' business structure and operations related to Auroralux's activities.","Sources: image, text
- Zydus Lifesciences dissolved its step-down arm, Auroralux S.A.S., effective December 31, 2025.
- The dissolution of Auroralux occurs without liquidation.
- This strategic move may impact Zydus Lifesciences' business structure and operations related to Auroralux's activities.",Relevant,MEDIUM,"The content mentions Zydus Lifesciences' subsidiary Auroralux S.A.S., indicating a corporate action related to the dissolution of this arm. This is relevant as it pertains to strategic decisions within the ZYDUSLIFE group.","Step down arm Auroralux S.A.S. dissolved without liquidation effective December 31, 2025.",Auroralux S.A.S.; BEL; Dedicated To; RIL; There are no; There are no financial; ZYDUSLIFE; Zydus; with the background of the building being a reflective glass; zydus,Corporate actions involving Zydus Lifesciences and its subsidiary Auroralux S.A.S.,text; image,,"The content mentions Auroralux S.A.S., a subsidiary of Zydus Lifesciences, indicating an internal corporate action within the ZYDUSLIFE group.",,,https://pbs.twimg.com/media/G9pcjzVaAAAgNsU?format=jpg&name=orig,,,734,2026-01-02T09:17:44,@ETNOWlive
Maruti Suzuki India Ltd.,https://x.com/ETNOWlive/status/2007009524323127514,"RELEVANT (HIGH confidence)
Sources: text, image
- Maruti Suzuki faces policy uncertainty impacting flex-fuel investment plans.
- Company calls for EV-like policy support to enhance the viability of flex-fuel vehicles.
- Flex-fuel technology development is contingent on favorable government policies.
- Investment in flex-fuel technology may be delayed due to current policy environment.","Sources: image, text
- Maruti Suzuki's investment in flex-fuel technology is impacted by policy uncertainty.
- The company seeks EV-like government support to improve the viability of flex-fuel vehicles.
- Development of flex-fuel technology depends on favorable government policies.
- Current policy environment may delay Maruti Suzuki's investment in flex-fuel technology.",Relevant,HIGH,"The content discusses policy uncertainty affecting Maruti Suzuki's investment plans in flex-fuel technology, which is a significant business development and strategic initiative for the company.",Maruti Suzuki is facing policy uncertainty regarding its flex-fuel investment plans.; The company highlights a need for policy support akin to electric vehicles (EVs) to make flex-fuel technology viable.,LIC; MARUTI; MARUTI SUZUKI; Maruti; Maruti Suzuki; No financial; [No other companies explicitly mentioned],Policy uncertainty impacting Maruti Suzuki's flex-fuel investment plans.,text; image,[Leave blank]; [Leave blank]; [Leave blank]; [Leave blank]; [Leave blank]; [Leave blank],"While primarily focused on Maruti Suzuki, the mention of needing an EV-like policy push suggests broader industry implications that could affect other auto manufacturers considering similar technologies.",[Leave blank],"Maruti Suzuki is seeking policy support to advance its flex-fuel technology investments, indicating a strategic focus on alternative fuel technologies.",https://pbs.twimg.com/media/G9pUVY-bgAAYa8N?format=jpg&name=orig,,,560,2026-01-02T08:42:13,@ETNOWlive
ITC Ltd.,https://x.com/ETNOWlive/status/2006979194572648761,"RELEVANT (HIGH confidence)
Sources: text, image, external
- Tobacco stocks, including ITC, have fallen by up to 5%.
- Mahindra XUV 7XO launch details include expected price, features, colors, and booking information.
- Tesla expands charging infrastructure in India with the first station launched in Gurgaon; Model Y deliveries begin in Mumbai.
- Hyundai Motor plans a Rs 45,000 crore investment and introduction of 8 hybrid models by FY30, appointing its first India MD-CEO within HMIL.
- Crisil forecasts a 5-6% growth in two-wheeler sales and a 2-3% rise in passenger vehicle sales for FY26 following GST rationalisation.","Sources: external, image, text, video
- ITC's cigarette segment faces increased financial burden due to rising excise duties, impacting revenue and profitability.
- Stock price of ITC declined by up to 5%, closing at 349.55 on January 2, 2026, with a previous session drop of 9.71%.
- Brokerages downgraded ITC ratings: Jefferies maintains 'Buy' at ₹535; Centrum and MOSL shifted to 'Neutral' with target prices reduced to ₹400 and ₹390 respectively.
- Excise duty increase led to a required price reduction of at least 15% for cigarette volume clearance, affecting financial performance.
- EPS estimates cut by up to 11.8%, reflecting anticipated weakening in earnings due to tax hikes.
- Tobacco PE valuation decreased from 23x to 17x, indicating reduced market expectations for growth.
- ITC may adapt pricing or product strategies to mitigate the impact of rising taxes on its cigarette segment.",Relevant,HIGH,"The content specifically mentions ITC as part of a group of tobacco stocks that have fallen by up to 5%, indicating stock price movement which is directly relevant to the company.","Tobacco stocks, including ITC, have fallen by up to 5%.",A significant cash reward announcement; Announcement; Expansion of charging infrastructure; Godfrey Phillips; HUL; Hyundai; INFY; ITC; Infosys; Infosys Financial; LIC; LT; Mahindra; TCS; This summary encapsulates key; This summary encapsulates key financial; Tobacco; Union; VST Industries; and VST Industries; expected; led Cabinet approves a new; metal; raising FDI in the; raising FDI in the insurance; skilling and domain expertise as solutions to job crises in IT; term volatility in IT; term volatility in IT and metal,"Stock market performance, particularly focusing on tobacco companies including ITC.",text; image; external,,"The decline in stock prices affects multiple tobacco companies, highlighting an industry-wide impact.",,,https://pbs.twimg.com/card_img/2006979194891415556/L06vAIIh?format=jpg&name=orig,,https://t.co/iBxTIozEZq,2985,2026-01-02T06:41:42,@ETNOWlive
ITC Ltd.,https://x.com/ETNOWlive/status/2006974462944751639,"RELEVANT (HIGH confidence)
Sources: text, image, external
- ITC's tax outgo on cigarettes has shown a rising trend over the last eight years, indicating increased financial burden due to new taxes expected in 2026.
- The company is likely preparing for potential impacts of these tax changes on its cigarette segment revenue and profitability.
- Financial data from stock market charts suggest ongoing monitoring of ITC's performance amidst changing tax regulations.
- ITC Limited's strategic focus may include adapting pricing or product strategies to mitigate the impact of rising taxes on cigarettes.","Sources: external, image, text, video
- ITC's cigarette segment faces increased financial burden due to rising excise duties, impacting revenue and profitability.
- Stock price of ITC declined by up to 5%, closing at 349.55 on January 2, 2026, with a previous session drop of 9.71%.
- Brokerages downgraded ITC ratings: Jefferies maintains 'Buy' at ₹535; Centrum and MOSL shifted to 'Neutral' with target prices reduced to ₹400 and ₹390 respectively.
- Excise duty increase led to a required price reduction of at least 15% for cigarette volume clearance, affecting financial performance.
- EPS estimates cut by up to 11.8%, reflecting anticipated weakening in earnings due to tax hikes.
- Tobacco PE valuation decreased from 23x to 17x, indicating reduced market expectations for growth.
- ITC may adapt pricing or product strategies to mitigate the impact of rising taxes on its cigarette segment.",Relevant,HIGH,"The content explicitly mentions ITC's tax outgo trend over the last eight years, which is a specific financial metric related to the company.",ITC's tax outgo shows a rising trend over the last 8 years.,BEL; Global; HUL; Honda; Hyundai; INFY; ITC; ITC Limited; Infosys; Karnataka; LIC; LIC (Life Insurance Corporation of India); MD discussed the; MD discussed the Insurance; Mahindra; TCS; Tesla; Tesla has expanded its charging infrastructure; The background features a; The company; The logo of ITC; The logo of ITC Limited; The new; Three PSU; Union; Vodafone Idea; a platform for AI agents and services; expected; focusing on key; focusing on key financial; indicating; indicating financial; metal; opportunity in IT and metal; raising FDI in; raising FDI in insurance; sovereign; suggesting a financial; suggesting a financial or; term opportunity in IT,New tax on cigarettes and its impact on ITC's financials.,text; image; external,"Mahindra plans to launch the XUV 7XO with details on expected price, features, colors, and booking.; Honda plans to introduce 10 new car models in India by 2030.; Hyundai announced a Rs 45,000 crore investment plan for eight hybrid models by FY30.","The new cigarette tax could affect other tobacco companies similarly, though not specifically mentioned in this content.",[Leave blank],"Tesla has expanded its charging infrastructure in India by launching its first station in Gurgaon.; Infosys launched Topaz Fabric, a platform for AI agents and services.; TCS clarified layoffs, stating only about 1% or 6,000 staff were let go, contrary to exaggerated reports of 80,000 firings.",https://pbs.twimg.com/card_img/2006974381365628929/REypfHfR?format=jpg&name=orig,,https://t.co/wgVufq23Ao,3458,2026-01-02T06:22:54,@ETNOWlive
ITC Ltd.,https://x.com/ETNOWlive/status/2006941801769480524,"RELEVANT (HIGH confidence)
Sources: text, image, external
- ITC Ltd experienced a sharp decline of 5% on January 2, 2026, closing at 349.55.
- In the previous trading session, ITC Ltd dropped by 9.71%, ending at 363.85.
- Despite market gains with Nifty 50 reaching above 26150, ITC was among the stocks facing declines.
- Key gainers in the market included Coal India Ltd (6.48% increase), NTPC Ltd (4.30% increase), and Hindalco Industries Ltd (3.06% increase).
- Other notable laggards alongside ITC were Nestle India Ltd (-1.10%) and Bajaj Auto Ltd (-0.79%).","Sources: external, image, text, video
- ITC's cigarette segment faces increased financial burden due to rising excise duties, impacting revenue and profitability.
- Stock price of ITC declined by up to 5%, closing at 349.55 on January 2, 2026, with a previous session drop of 9.71%.
- Brokerages downgraded ITC ratings: Jefferies maintains 'Buy' at ₹535; Centrum and MOSL shifted to 'Neutral' with target prices reduced to ₹400 and ₹390 respectively.
- Excise duty increase led to a required price reduction of at least 15% for cigarette volume clearance, affecting financial performance.
- EPS estimates cut by up to 11.8%, reflecting anticipated weakening in earnings due to tax hikes.
- Tobacco PE valuation decreased from 23x to 17x, indicating reduced market expectations for growth.
- ITC may adapt pricing or product strategies to mitigate the impact of rising taxes on its cigarette segment.",Relevant,HIGH,"The content specifically mentions ITC's stock price movements, which is a key financial metric and directly relates to the primary company focus.","ITC's stock price declined by 3.93% on January 2, 2026, closing at 349.55.; In the previous session, ITC experienced a sharper decline of 9.71%, closing at 363.85.",BAJAJ-AUTO; BAJFINANCE; Bajaj; Bajaj Auto; Bajaj Auto Ltd; Bajaj Finance; Bajaj Finance Ltd; COALINDIA; Coal India; Coal India Ltd; Dr Reddys Laboratories; Dr Reddys Laboratories Ltd; Eternal; Eternal Ltd; Experienced a substantial; HINDALCO; Hindalco Industries; Hindalco Industries Ltd; ITC; ITC Ltd; Indian; JIOFIN; Jio Financial Services; Jio Financial Services Ltd; Key; Key gainers contributing to this rise include Coal India Ltd; LT; NESTLEIND; NTPC; NTPC Ltd; Nestle; Nestle India Ltd; Other laggards; Other laggards included Nestle India Ltd; Readers are advised to consult; Readers are advised to consult financial; SHRIRAMFIN; Shriram; Shriram Finance; Shriram Finance Ltd; TRENT; The text and logos suggest that the image is related to financial; Trent; Trent Ltd; ZOMATO; an update on the Indian; and Bajaj Auto; and Bajaj Auto Ltd; and Hindalco Industries; and Hindalco Industries Ltd; contributing to this rise; emphasizing it; include Coal India; included Nestle India; prior; several; symbolizing the; that the image is related to; traded,Stock market performance with specific mention of ITC's decline in stock value.,text; image; external,"[Leave blank]; [Leave blank]; Coal India Ltd experienced a growth of 6.48%.; NTPC Ltd advanced by 4.30%.; Hindalco Industries Ltd climbed 3.06%.; [Leave blank]; Sensex started 100 points higher, and Nifty was above 26150.; [Leave blank]","The article discusses broader stock market trends affecting multiple companies, including both gainers and losers like Coal India Ltd, NTPC Ltd, Hindalco Industries Ltd, Trent Ltd, Jio Financial Services Ltd, Nestle India Ltd, Bajaj Auto Ltd, Shriram Finance Ltd, Dr Reddys Laboratories Ltd, and Bajaj Finance Ltd.",[Leave blank],[Leave blank],https://pbs.twimg.com/card_img/2006941714418921472/CIzJDMpJ?format=jpg&name=orig,,https://t.co/N7DU3fMdVF,2238,2026-01-02T04:13:07,@ETNOWlive
ITC Ltd.,https://x.com/ETNOWlive/status/2006936444393369846,"RELEVANT (HIGH confidence)
Sources: text, image
- **Ticker Symbol:** ITC
- **Current Price:** 348.30
- **Change in Price:** Decreased by 4.27%
- **Previous Close:** 364
- **Time of Last Update:** 09:19 TODAY

(Note: The provided content does not include specific strategic information such as business developments, targets, partnerships, or growth plans for ITC.)","Sources: external, image, text, video
- ITC's cigarette segment faces increased financial burden due to rising excise duties, impacting revenue and profitability.
- Stock price of ITC declined by up to 5%, closing at 349.55 on January 2, 2026, with a previous session drop of 9.71%.
- Brokerages downgraded ITC ratings: Jefferies maintains 'Buy' at ₹535; Centrum and MOSL shifted to 'Neutral' with target prices reduced to ₹400 and ₹390 respectively.
- Excise duty increase led to a required price reduction of at least 15% for cigarette volume clearance, affecting financial performance.
- EPS estimates cut by up to 11.8%, reflecting anticipated weakening in earnings due to tax hikes.
- Tobacco PE valuation decreased from 23x to 17x, indicating reduced market expectations for growth.
- ITC may adapt pricing or product strategies to mitigate the impact of rising taxes on its cigarette segment.",Relevant,HIGH,"The content includes specific stock price movements for ITC, which is a key indicator of its market performance and investor interest.",**Ticker Symbol:** ITC; **Current Price:** 348.30; **Change in Price:** 4.27%; **Previous Close:** 364,Current; ITC,Stock market update focusing on ITC's current trading status.,text; image,Current stock price of ITC; Percentage change in stock price,,,,https://pbs.twimg.com/media/G9oR9HFaMAARIQ5?format=jpg&name=orig,,,568,2026-01-02T03:51:50,@ETNOWlive
ITC Ltd.,https://x.com/ETNOWlive/status/2006933458468348102,"RELEVANT (HIGH confidence)
Sources: text, image, video
- ITC stock downgraded from ""buy"" to ""hold"" by Japanese brokerage; target price reduced from ₹535 to ₹400.
- Centrum downgraded ITC from ""buyer"" to ""neutral""; target price cut from ₹475 to ₹390 due to concerns over cigarette business volumes and pricing.
- JP Morgan adjusted ITC stock rating from ""overweight"" to ""neutral,"" reducing the target price from ₹475 to ₹375.
- Excise duty news led to a negative impact on ITC's cigarette business volumes, necessitating at least a 15% price reduction for volume clearance.
- Morgan Stanley maintained its rating but reduced its target price for ITC (exact figure not specified).
- Brokerages' reactions highlight financial implications of excise duty on ITC’s cigarette segment.","Sources: external, image, text, video
- ITC's cigarette segment faces increased financial burden due to rising excise duties, impacting revenue and profitability.
- Stock price of ITC declined by up to 5%, closing at 349.55 on January 2, 2026, with a previous session drop of 9.71%.
- Brokerages downgraded ITC ratings: Jefferies maintains 'Buy' at ₹535; Centrum and MOSL shifted to 'Neutral' with target prices reduced to ₹400 and ₹390 respectively.
- Excise duty increase led to a required price reduction of at least 15% for cigarette volume clearance, affecting financial performance.
- EPS estimates cut by up to 11.8%, reflecting anticipated weakening in earnings due to tax hikes.
- Tobacco PE valuation decreased from 23x to 17x, indicating reduced market expectations for growth.
- ITC may adapt pricing or product strategies to mitigate the impact of rising taxes on its cigarette segment.",Relevant,HIGH,"The content contains specific financial metrics related to ITC's stock performance, including analyst ratings and target price adjustments due to excise duty implications on the cigarette business.","Japanese brokerage downgraded ITC from ""buy"" to ""hold,"" reducing target price from ₹535 to ₹400.; Centrum downgraded ITC from ""buyer"" to ""neutral,"" with a target price reduction from ₹475 to ₹390.; JP Morgan downgraded ITC from ""overweight"" to ""neutral,"" cutting the target price from ₹475 to ₹375.; Morgan Stanley maintained its rating but reduced its target price (exact figure not specified).",BEL; Centrum; Centrum also downgraded it; Centrum downgraded ITC; ITC; ITC on the brokerage radar After the cigarette tax hike announcement; Indian; Indian Tobacco; Indian Tobacco Company; JP Morgan; JP Morgan downgraded ITC; JP Morgan followed suit; Japanese brokerage; LIC; Maintained; Maximum Retail; Morgan Stanley; Possible display of; Possible display of company; Retail; STOCKS IN NEWS NUVAMA CUTS TOBACCO; Target; The background; The background includes a studio setting with other people and equipment; The discussions highlight the; The discussions highlight the financial; business; certain; digit; in with fresh views on the; its; negative; of charts or graphs showing; reactions regarding certain; reduced; showing; stock; target; unnamed entity downgraded ITC; you,"Brokerage reactions to ITC's stock following a cigarette tax hike announcement, with downgrades and target price changes discussed.",text; image; video,[No specific revenue figures mentioned]; [No specific profit figures mentioned]; [No specific growth rates mentioned]; Target price adjustments for ITC by various brokerages following the excise duty announcement.; Downgrades and target price changes due to negative volume impacts from excise duty news on ITC's cigarette business.; [No specific ratios or margins mentioned],"The content discusses how excise duty news impacts multiple companies in the tobacco industry, specifically affecting ITC's stock performance as analyzed by various brokerages.","Snehi Shah provides insights on whether to buy, sell, or hold ITC stock following the tax hike announcement.",Concerns over pricing strategies and volume declines in ITC's cigarette business due to excise duty implications.,https://pbs.twimg.com/amplify_video_thumb/2006928037871497221/img/cuSHhIRG3t6HNPyR.jpg,https://twitter.com/i/videos/2006933458468348102,,3490,2026-01-02T03:39:58,@ETNOWlive
ITC Ltd.,https://x.com/ETNOWlive/status/2006931468543820045,"RELEVANT (HIGH confidence)
Sources: text, image, external
- Brokerages are cautious on ITC following new taxes, impacting share price recommendations (Buy/Sell/Hold).
- ITC Limited's logo prominently displayed in the image suggests brand visibility focus.
- ET NOW article highlights market reactions to tax changes affecting ITC's cigarette segment. 

(Note: The provided text primarily discusses broader market and industry updates with limited specific strategic information on ITC beyond share price caution due to new taxes.)","Sources: external, image, text, video
- ITC's cigarette segment faces increased financial burden due to rising excise duties, impacting revenue and profitability.
- Stock price of ITC declined by up to 5%, closing at 349.55 on January 2, 2026, with a previous session drop of 9.71%.
- Brokerages downgraded ITC ratings: Jefferies maintains 'Buy' at ₹535; Centrum and MOSL shifted to 'Neutral' with target prices reduced to ₹400 and ₹390 respectively.
- Excise duty increase led to a required price reduction of at least 15% for cigarette volume clearance, affecting financial performance.
- EPS estimates cut by up to 11.8%, reflecting anticipated weakening in earnings due to tax hikes.
- Tobacco PE valuation decreased from 23x to 17x, indicating reduced market expectations for growth.
- ITC may adapt pricing or product strategies to mitigate the impact of rising taxes on its cigarette segment.",Relevant,HIGH,"The content specifically mentions ITC's share price movement and brokerages' cautious stance due to new taxes, which directly relates to stock price movements and analyst ratings for ITC.",Brokerages have a cautious stance on ITC due to new taxes.; Recommendations for ITC stock range from buy to sell or hold.,"BEL; ET NOW (as the source of information); HUL; Honda (Honda Car Launches); Hyundai; Hyundai Motor (Hyundai Motor Investment); INFY; ITC; ITC Limited; Infosys; Infosys (Infosys Topaz Fabric Launch, Infosys Financials); LIC; LT; Mahindra; Mahindra (Mahindra XUV 7XO); Price; Share; TCS; TCS (TCS Layoffs); Target; Tesla (Tesla in India, Model Y SUV launch); Tesla has expanded its charging infrastructure; The Insurance; The company; This summary encapsulates key; This summary encapsulates key financial; below it; expected; led Cabinet approved a new; metal; skilling and deep domain expertise as solutions to the IT; term volatility in IT; term volatility in IT and metal; this bill raises FDI in the; this bill raises FDI in the insurance",Analysis of ITC's share price in response to new taxes and brokerage recommendations.,text; image; external,[Leave blank]; [Leave blank]; Crisil forecasts a 5-6% growth in two-wheeler sales and a 2-3% rise in passenger vehicle sales for FY26 due to GST changes.; Hyundai plans to launch eight hybrid models by FY30.; Honda plans to introduce 10 new models in India by 2030.; [Leave blank]; [Leave blank],"Broader market implications such as GST rate cuts affecting multiple companies are mentioned, but the primary focus is on ITC.",[Leave blank],"Infosys introduced a platform for AI agents, services, and models (Infosys Topaz Fabric Launch).; Hyundai announced an investment of Rs 45,000 crore in India.",https://pbs.twimg.com/card_img/2006931468862533632/diTpt7FH?format=jpg&name=orig,,https://t.co/DM0H7mej0b,3611,2026-01-02T03:32:03,@ETNOWlive
ITC Ltd.,https://x.com/ETNOWlive/status/2006919565415235666,"RELEVANT (HIGH confidence)
Sources: text, image
- Jefferies maintains a 'Buy' rating on ITC with a target price of ₹535.
- MOSL and Centrum have downgraded their ratings to 'Neutral', setting target prices at ₹400 and ₹390, respectively.
- EPS estimates cut by 3.2%, 11.5%, and 11.8% across various analyses.
- Nuvama downgrades ITC from 'Buy' to 'Hold'.
- Tobacco PE valuation reduced from 23x to 17x according to Nuvama analysis.","Sources: external, image, text, video
- ITC's cigarette segment faces increased financial burden due to rising excise duties, impacting revenue and profitability.
- Stock price of ITC declined by up to 5%, closing at 349.55 on January 2, 2026, with a previous session drop of 9.71%.
- Brokerages downgraded ITC ratings: Jefferies maintains 'Buy' at ₹535; Centrum and MOSL shifted to 'Neutral' with target prices reduced to ₹400 and ₹390 respectively.
- Excise duty increase led to a required price reduction of at least 15% for cigarette volume clearance, affecting financial performance.
- EPS estimates cut by up to 11.8%, reflecting anticipated weakening in earnings due to tax hikes.
- Tobacco PE valuation decreased from 23x to 17x, indicating reduced market expectations for growth.
- ITC may adapt pricing or product strategies to mitigate the impact of rising taxes on its cigarette segment.",Relevant,HIGH,"The content contains specific financial metrics related to ITC, including analyst ratings, target prices, and EPS estimates adjustments due to cigarette tax hikes. It discusses stock price movements and brokerages' outlooks specifically for ITC.","Jefferies maintains a 'Buy' rating with a target price of ₹535 for ITC.; MOSL and Centrum have downgraded their ratings to 'Neutral', with target prices set at ₹400 and ₹390, respectively.; EPS estimates were cut by 3.2%, 11.5%, and 11.8% across different brokerages.; Nuvama downgraded its rating from 'Buy' to 'Hold' and adjusted the Tobacco PE valuation from 23x to 17x.",Brokerage; Centrum Research; Cutting Tobacco; ITC; Jefferies; MOSL (Motley Fool); Nuvama; Target; most brokerages now see; most brokerages now see limited,"Brokerage analysis on ITC's stock performance following cigarette tax hikes, with a focus on rating changes and target price adjustments by various brokerage firms.",text; image,Tobacco PE valuation adjusted from 23x to 17x by Nuvama.,"The content highlights the impact of cigarette tax hikes on ITC's financial outlook as assessed by multiple brokerages, indicating an industry-wide concern affecting ITC specifically.",,,https://pbs.twimg.com/media/G9oCM0SacAAKvBX?format=jpg&name=orig,,,741,2026-01-02T02:44:45,@ETNOWlive
ITC Ltd.,https://x.com/ETNOWlive/status/2006915174826180837,"RELEVANT (HIGH confidence)
Sources: text, image
- Motilal Oswal downgrades ITC to Neutral from Buy rating.
- Target price reduced to ₹400 from ₹515.
- Downgrade due to government raising cigarette taxes by approximately 50% effective February 1, 2026.
- Expected weakening of ITC earnings due to tax hike.
- Near-term catalysts for ITC likely to fade.
- EV/EBITDA ratio cut to 14x Dec'27E from 17x.","Sources: external, image, text, video
- ITC's cigarette segment faces increased financial burden due to rising excise duties, impacting revenue and profitability.
- Stock price of ITC declined by up to 5%, closing at 349.55 on January 2, 2026, with a previous session drop of 9.71%.
- Brokerages downgraded ITC ratings: Jefferies maintains 'Buy' at ₹535; Centrum and MOSL shifted to 'Neutral' with target prices reduced to ₹400 and ₹390 respectively.
- Excise duty increase led to a required price reduction of at least 15% for cigarette volume clearance, affecting financial performance.
- EPS estimates cut by up to 11.8%, reflecting anticipated weakening in earnings due to tax hikes.
- Tobacco PE valuation decreased from 23x to 17x, indicating reduced market expectations for growth.
- ITC may adapt pricing or product strategies to mitigate the impact of rising taxes on its cigarette segment.",Relevant,HIGH,"The content specifically discusses a downgrade of ITC by Motilal Oswal, including financial metrics and strategic implications directly related to ITC.","Brokerage downgrades ITC from Buy to Neutral.; Target price reduced from ₹515 to ₹400.; Government raising cigarette taxes by approximately 50% effective February 1, 2026.; Likely weakening of earnings for ITC due to the tax hike.; EV/EBITDA ratio cut to 14x Dec'27E (from 17x).",Brokerage; Buy; ITC; Motilal Oswal; Target,Downgrade of ITC stock rating from Buy to Neutral by Motilal Oswal due to increased cigarette taxes.,text; image,Target price reduction to ₹400 from ₹515.; EV/EBITDA ratio adjustment to 14x Dec'27E (from 17x).; EV/EBITDA Ratio cut to 14x Dec'27E (from 17x).,"The impact is primarily on ITC due to the government's tax policy affecting its earnings potential, with no direct mention of other companies being affected in this context.",,Downgrade due to government policy on cigarette taxes.; Near-term catalysts for ITC likely to fade.,https://pbs.twimg.com/media/G9n-gJDbgAA4Hsv?format=jpg&name=orig,,,617,2026-01-02T02:27:19,@ETNOWlive
Bharat Forge Ltd.,https://x.com/ETNOWlive/status/2006959624440934427,"RELEVANT (HIGH confidence)
Sources: text, video
- Bharat Forge secures a ₹1,662 crore defence order for carbines intended for the Indian Army.
- Total projected order book value is approximately ₹11,000 crores, expected to unfold over five years.
- Production timeline for the current order spans two to three years.
- Future capex anticipated in naval, air, and unmanned domains as part of product development initiatives.
- Strong financial position with minimal long-term debt; plans to improve financial ratios without external funding.
- Joint venture with Rafael for manufacturing Spice missiles through hot integration, assembly, and testing in Hyderabad.","Sources: text, video
- Bharat Forge secures a ₹1,662 crore defence order for carbines intended for the Indian Army.
- Projected order book value is approximately ₹11,000 crores over five years.
- Production timeline for current order spans two to three years.
- Anticipated future capital expenditure in naval, air, and unmanned domains for product development.
- Strong financial position with minimal long-term debt; plans to improve financial ratios without external funding.
- Joint venture with Rafael for manufacturing Spice missiles through hot integration, assembly, and testing in Hyderabad.",Relevant,HIGH,"The content contains specific financial metrics, business developments, strategic initiatives, and partnerships involving Bharat Forge (BHARATFORG), making it highly relevant.","Bharat Forge has secured a ₹1,662 crore defense order.; The total projected order book is close to ₹11,000 crores, expected to unfold over five years.; No significant current capex anticipated in land systems/small arms; future investments planned in naval, air, and unmanned domains.; Strong financial position with minimal long-term debt.",BHARATFORG; Bharat Forge; BharatForgeLtd; Indian; LT; No significant current capex for land systems; Rafael; The company; The company aims to; The company has a strong; The company has a strong financial; The speaker discusses; The speaker discusses capital; They plan to use this strong balance sheet prudently to improve financial; This is expected to be two to three times the company; allowing it to improve; allowing it to improve financial; and unmanned systems; crore defence order as the Defence; given the context of a; given the context of a financial; is implied that the video might; rather than raising external; ratios without raising external; related to land systems; s financial; sheet prudently to improve; there is a focus on developing new products for air defense and unmanned systems; to be two to three times the; two to three times the; which is approximately two to three times the company; with Amit,"The announcement discusses a significant defense order for Bharat Forge, including details on projected order books, production timelines, capital expenditure outlooks, and strategic partnerships.",text; video,"₹1,662 crore defense order for Bharat Forge.; Total projected order book of approximately ₹11,000 crores.; No specific profit figures mentioned in the content.; The total projected order book is two to three times the company's domestic sales, indicating significant growth potential.; Production timeline for the defense order spans five years.; Future investments anticipated in naval, air, and unmanned domains as new projects develop.; Bharat Forge aims to increase its value contribution from the naval sector significantly.; The company plans to use a strong balance sheet to improve financial ratios rather than raising external funds for capex needs.","The content highlights Bharat Forge's collaboration with Rafael through a joint venture in Hyderabad, indicating multi-company involvement.","Amit Kalyani discusses growth drivers, margin outlook, and the FY27 roadmap for Bharat Forge.","Bharat Forge is focusing on developing new products for air defense and unmanned systems.; A joint venture with Rafael in Hyderabad focuses on manufacturing Spice missiles, involving hot integration, assembly, and testing.",,https://twitter.com/i/videos/2006959624440934427,,3073,2026-01-02T05:23:56,@ETNOWlive
Larsen & Toubro Ltd.,https://x.com/ETNOWlive/status/2006959524566245738,"RELEVANT (MEDIUM confidence)
Sources: text, image
- L&T secured a major order from SAIL for mineral and metals projects.
- The business value of the order is estimated to be in the range of ₹5,000-10,000 crore.
- This development indicates significant growth potential for L&T's operations in the minerals and metals sector.","Sources: image, text
- L&T secured a major order from SAIL for mineral and metals projects.
- The business value of the order is estimated to be in the range of ₹5,000-10,000 crore.
- This development indicates significant growth potential for L&T's operations in the minerals and metals sector.",Relevant,MEDIUM,"The content mentions L&T receiving a major order for mineral and metals from SAIL, which is a business development involving LT. This aligns with the criteria of business developments or strategic initiatives by LT.","L&T has received a major order for mineral and metals.; Business value from SAIL in the range of ₹5,000-10,000 crore.",L&T; LT; SAIL; SAIL (Steel Authority of India Limited),"Announcement of a significant business order received by L&T from SAIL in the range of ₹5,000-10,000 crore.",text; image,"Potential business revenue from SAIL: ₹5,000-10,000 crore; [No specific profit figures mentioned]; [No growth rates provided]; [No specific targets or timelines mentioned]; [No market metrics provided]; [No ratios or margins specified]","The content highlights an interaction between L&T and SAIL, indicating a business relationship where SAIL is a customer or partner to LT.",,L&T's strategic initiative involving a major order from SAIL in the mineral and metals sector.,https://pbs.twimg.com/media/G9om8pvaMAMMbR7?format=jpg&name=orig,,,538,2026-01-02T05:23:32,@ETNOWlive
Marico Ltd.,https://x.com/bsindia/status/2007309883616755900,"RELEVANT (HIGH confidence)
Sources: text, image
- Marico's domestic business expected to post high single-digit volume growth in Q4 (October-December).
- Consolidated revenue growth projected in the high twenties for Q4.
- Focus on maintaining strong performance in domestic market operations.
- Strategic emphasis on achieving significant revenue targets.
- Continued efforts towards expanding market presence and enhancing product offerings.","Sources: image, text
- Marico's domestic business expected to post high single-digit volume growth in Q4 (October-December).
- Consolidated revenue growth projected in the high twenties for Q4.
- Focus on maintaining strong performance in domestic market operations.
- Strategic emphasis on achieving significant revenue targets.
- Continued efforts towards expanding market presence and enhancing product offerings.",Relevant,HIGH,"The content provides specific financial metrics and business updates for MARICO, including volume growth and consolidated revenue growth figures.",MARICO expects its domestic business to post high single-digit volume growth in Q4 (October-December).; Consolidated revenue growth for MARICO is expected to be in the high twenties.,@sharleendsouza; MARICO; Marico; digit,Marico's domestic business performance in the October-December quarter with expected high single-digit volume growth and consolidated revenue growth in the high twenties.,text; image,Consolidated revenue growth in the high twenties for MARICO.; High single-digit volume growth for MARICO's domestic business in Q4 (October-December).; Expected performance metrics for the October-December quarter.,,,,https://pbs.twimg.com/card_img/2006061907221041153/XNHUjAyH?format=jpg&name=orig,,https://t.co/C2YZe3fZRS,262,2026-01-03T04:35:44,@bsindia
Maruti Suzuki India Ltd.,https://x.com/bsindia/status/2007085296815575464,"RELEVANT (HIGH confidence)
Sources: text, image
- Maruti Suzuki's sedan Dzire is the top-selling car in CY25.
- SUVs hold over 55% of the passenger vehicle (PV) market share in India.
- Maruti Suzuki maintains a strong presence in the sedan segment despite SUV dominance.
- The success of Dzire indicates effective market penetration and consumer preference for sedans.
- Maruti Suzuki's strategic focus includes balancing growth between sedans and SUVs.","Sources: image, text
- Maruti Suzuki's sedan Dzire was the top-selling car in CY25, indicating strong market penetration and consumer preference for sedans.
- SUVs hold over 55% of India's passenger vehicle market share, highlighting a significant segment where Maruti Suzuki competes effectively despite its focus on sedans.
- Maruti Suzuki led the Indian auto market with 1,784,788 registrations in CY25, an 8.8% increase from CY24, maintaining its position as the leading OEM.
- India's total auto registrations reached over 28 million units in CY25, growing by 7.6% year-over-year, driven by strong sales across various vehicle categories.
- Electric vehicle (EV) sales in India saw significant growth with 169,911 four-wheelers and 1.2 million two-wheelers sold in CY25.
- The total number of 4-wheeler registrations increased by 8.4% year-over-year, driven by strong sales in petrol (1,323,806) and CNG (634,784) vehicles.
- Maruti Suzuki's strategic focus includes balancing growth between sedans and SUVs to maintain market leadership amidst rising competition from Mahindra & Mahrawa and Tata Motors.",Relevant,HIGH,The content mentions Maruti Suzuki's sedan Dzire as the top-selling car of CY25 and provides context about the SUV market share in India. This is relevant to MARUTI as it pertains to product performance and market dynamics affecting the company.,Maruti Suzuki’s sedan Dzire is identified as the top-selling car for CY25.; The content notes that SUVs have cornered more than 55% of the PV market.,"MARUTI; Maruti; Maruti Suzuki; [No other specific companies are mentioned by name, but the context implies competitors in the SUV segment.]",Maruti Suzuki’s Dzire sales performance and its position relative to the SUV-dominated passenger vehicle (PV) market.,text; image,[Leave blank]; [Leave blank]; [Leave blank]; [Leave blank]; Dzire is the top-selling car of CY25.; SUVs have more than 55% market share in the PV segment.; [Leave blank],"The content highlights a broader industry trend where SUVs have captured more than 55% of the PV market, indicating an impact on multiple companies in the automotive sector.",[Leave blank],Maruti Suzuki's strategic positioning with its sedan Dzire amidst a dominant SUV market.,https://pbs.twimg.com/card_img/2007085339379482625/fCcJJ8_y?format=jpg&name=orig,,https://t.co/35R8rebjb7,252,2026-01-02T13:43:19,@bsindia
Maruti Suzuki India Ltd.,https://x.com/bsindia/status/2006966397612732697,"RELEVANT (HIGH confidence)
Sources: text, image
- Maruti Suzuki led the market in CY25 with 1,784,788 registrations, an 8.8% increase from CY24.
- India's auto registrations in CY25 reached over 28 million units, marking a 7.6% year-over-year growth.
- Electric vehicle (EV) sales grew significantly: 169,911 four-wheelers and 1.2 million two-wheelers sold in CY25.
- Maruti Suzuki maintained its position as the leading OEM with consistent growth amidst rising competition from Mahindra & Mahindra and Tata Motors.
- The total number of 4-wheeler registrations increased by 8.4% year-over-year, driven by strong sales in petrol (1,323,806) and CNG (634,784) vehicles.","Sources: image, text
- Maruti Suzuki's sedan Dzire was the top-selling car in CY25, indicating strong market penetration and consumer preference for sedans.
- SUVs hold over 55% of India's passenger vehicle market share, highlighting a significant segment where Maruti Suzuki competes effectively despite its focus on sedans.
- Maruti Suzuki led the Indian auto market with 1,784,788 registrations in CY25, an 8.8% increase from CY24, maintaining its position as the leading OEM.
- India's total auto registrations reached over 28 million units in CY25, growing by 7.6% year-over-year, driven by strong sales across various vehicle categories.
- Electric vehicle (EV) sales in India saw significant growth with 169,911 four-wheelers and 1.2 million two-wheelers sold in CY25.
- The total number of 4-wheeler registrations increased by 8.4% year-over-year, driven by strong sales in petrol (1,323,806) and CNG (634,784) vehicles.
- Maruti Suzuki's strategic focus includes balancing growth between sedans and SUVs to maintain market leadership amidst rising competition from Mahindra & Mahrawa and Tata Motors.",Relevant,HIGH,"The content provides specific numerical data on Maruti Suzuki's performance, including sales figures and year-over-year growth rates, which are directly related to the company.","Maruti Suzuki led the market in CY25 with 1,784,788 registrations.; Year-over-year growth for Maruti Suzuki was 8.8% from CY24 to CY25.",Hyundai; Hyundai Motor India; M&M; MARUTI; MARUTI (Maruti Suzuki); Mahindra; Mahindra & Mahindra; Maruti; Maruti Suzuki; TATAMOTORS; Tata; Tata Motors; TataMotors; s auto; wheeler registrations; wheeler registrations also; with a notable; with a significant,Analysis of India’s auto registrations in CY25 with a focus on major OEMs' market positions and growth metrics.,text; image,Maruti Suzuki: 8.8% Y-o-Y growth from CY24 to CY25.; M&M: 20.0% Y-o-Y growth from CY24 to CY25.; Tata Motors: 5.6% Y-o-Y growth from CY24 to CY25.; Hyundai Motor India: -0.3% Y-o-Y change from CY24 to CY25.; Maruti Suzuki maintained the leading position in both CY24 and CY25.; Total 2-wheeler registrations increased by 8.4% from CY24 to CY25.,"The content discusses industry-wide trends affecting multiple companies, highlighting Maruti Suzuki's leadership position and comparing it with other key players like Mahindra & Mahindra, Tata Motors, and Hyundai Motor India.",[Leave blank],,https://pbs.twimg.com/media/G9otOV1b0AAPuEq?format=png&name=orig,,,2494,2026-01-02T05:50:51,@bsindia
Bharat Heavy Electricals Ltd.,https://x.com/bsindia/status/2007016146411893012,"RELEVANT (HIGH confidence)
Sources: text, image
- BHEL stock surged up to 7% along with other CPSE stocks like CIL, Nalco, and NMDC.
- Increased demand for CPSE stocks attributed to positive market sentiment.
- Potential strategic developments or partnerships may have influenced the surge in BHEL's stock price.
- Financial metrics such as revenue growth or profit margins could be factors driving investor interest.
- Business developments including new projects or contracts might contribute to the stock performance.
- Growth plans, possibly involving expansion into new markets or sectors, may underpin the positive outlook.",Unable to generate summary for BHEL,Relevant,HIGH,"The content mentions BHEL as part of a group of CPSE stocks that surged up to 7%, indicating stock price movement which is directly related to BHEL.",BHEL's stock price surged up to 7% as part of a group of CPSE stocks.,BHEL; CIL (Coal India Limited); CPSE; NMDC; NMDC (National Mineral Development Corporation); Nalco; Nalco (National Aluminium Company Limited),"Stock market performance of CPSE companies, including BHEL.",text; image,BHEL's stock price surged up to 7%.,"The surge in stock prices affects multiple CPSEs, highlighting an industry-wide positive sentiment or specific factors driving demand for these stocks.",,,https://pbs.twimg.com/card_img/2007016153017991170/4XscH0U7?format=jpg&name=orig,,https://t.co/GvpJ54ugR1,190,2026-01-02T09:08:32,@bsindia
Titan Company Ltd.,https://x.com/bsindia/status/2006998099852755173,"RELEVANT (HIGH confidence)
Sources: text, image
- Titan has entered the lab-grown diamond market through its brand beYon.
- The move is aimed at catalyzing mainstream retail adoption of lab-grown diamonds in India.
- There is an ongoing aggressive store expansion strategy to boost market presence.
- Urban demand for lab-grown diamonds is rising, contributing to market growth.
- Increased funding and demand are accelerating the high-growth phase of India's lab-grown diamond market.","Sources: image, text
- Titan has launched the lab-grown diamond brand beYon to enter the market.
- The initiative targets mainstream retail adoption of lab-grown diamonds in India.
- An aggressive store expansion strategy is underway to enhance market presence.
- Rising urban demand for lab-grown diamonds is driving market growth.
- Increased funding and demand are accelerating the high-growth phase of India's lab-grown diamond sector.",Relevant,HIGH,"The content mentions Titan's entry into the lab-grown diamond market through its subsidiary beYon, indicating a strategic business development and expansion initiative by TITAN.","TITAN has entered the lab-grown diamond segment through its subsidiary beYon.; The entry is part of a broader high-growth phase in India’s lab-grown diamond market, driven by increased demand and funding.",Executives say the move is catalysing mainstream retail; TITAN; beYon (subsidiary of Titan); growth phase as demand and,"Entry of Titan into India’s lab-grown diamond market via beYon, highlighting demand growth and retail adoption.",text; image,,"The content discusses the broader industry trend in India's lab-grown diamond market, which affects multiple companies including Titan.",Executives indicate that Titan's move is catalyzing mainstream retail adoption and aggressive store expansion.,"TITAN is expanding into the lab-grown diamond market through beYon, indicating a strategic initiative to capitalize on industry growth.; The move aims at catalyzing mainstream retail adoption and aggressive store expansion in urban areas.",https://pbs.twimg.com/media/G9pKCaWaMAMzabG?format=jpg&name=orig,,,315,2026-01-02T07:56:49,@bsindia
ITC Ltd.,https://x.com/bsindia/status/2006968194427400277,"RELEVANT (MEDIUM confidence)
Sources: text
- ITC stock downgraded due to excise duty hike
- Excise duty increase poses risks to profit margins
- Potential negative impact on volume growth anticipated
- Financial metrics affected by changes in excise duties
- Business development focus may shift due to regulatory impacts
- Growth plans potentially adjusted in response to fiscal policy changes","Sources: text
- ITC stock downgraded due to excise duty hike impacting profit margins  
- Excise duty increase poses risks to profit margins, affecting financial metrics  
- Potential negative impact on volume growth anticipated from fiscal policy changes  
- Business development focus may shift in response to regulatory impacts  
- Growth plans potentially adjusted due to changes in excise duties and fiscal policies  
- Financial performance metrics affected by increased excise duties  
- Strategic adjustments considered for business developments amid regulatory challenges",Relevant,MEDIUM,"The content mentions ITC stock being downgraded due to excise duty hikes affecting margin and volume growth risks, which is directly related to financial performance and market perception.",ITC stock downgraded due to excise duty hike.; Risks related to margin and volume growth highlighted.,ITC,Downgrade of ITC stock due to excise duty hike impacting margins and volume growth.,text,[No specific revenue figures mentioned]; [No specific profit figures mentioned]; [No specific growth rates mentioned]; [No targets or timelines specified]; Stock downgrade due to excise duty hike.; Margin risks highlighted due to excise duty hike.,"Excise duty hikes can affect multiple companies in the FMCG sector, including ITC, by influencing their cost structures and profitability.",Nikita Vashisht provides details on the downgrade.,Impact of excise duty on ITC's financial performance and market strategy.,,,,223,2026-01-02T05:57:59,@bsindia
Marico Ltd.,https://x.com/business_today/status/2007050471416987962,"RELEVANT (HIGH confidence)
Sources: text, image, external
- Marico reported steady demand in Q3 FY26.
- Achieved high single-digit volume growth in India during the quarter.
- The company's performance reflects consistent market presence amidst broader industry discussions on gig economy regulations.

(Note: The provided text primarily discusses a separate topic related to the gig economy and does not contain specific financial metrics, business developments, targets, partnerships, or growth plans for Marico beyond the mentioned volume growth.)","Sources: external, image, text
- Marico reported steady demand in Q3 FY26.
- Achieved high single-digit volume growth in India during the quarter.
- Demonstrated consistent market presence amidst broader industry discussions on gig economy regulations.

(Note: The provided information does not include specific financial metrics, business developments, targets, partnerships, or detailed growth plans beyond the mentioned volume growth.)",Relevant,HIGH,"The content explicitly mentions Marico's Q3 FY26 update with specific details about steady demand and high single-digit India volume growth, which are directly related to the company's performance.",Marico reported steady demand and high single-digit India volume growth for Q3 FY26.,BEL; India; MARICO; Magicpin; Marico; Swiggy; The image shows three white paper; There are no; There are no financial; ZOMATO; Zomato; as temporary or supplementary; critics like AAP Rajya Sabha MP Raghav Chadha label it; digit; founder of Zomato and Blinkit; marico; order; providing; providing insurance; stating that Blinkit,Marico's quarterly business update for Q3 FY26 highlighting steady demand and volume growth in India.,text; image; external,[No specific revenue figures provided]; [No specific profit figures provided]; High single-digit India volume growth for Marico in Q3 FY26.; N/A; N/A; N/A,"The external content discusses the gig economy debate involving Zomato, Swiggy, and Magicpin, but this is separate from Marico's specific update.",,Steady demand and high single-digit volume growth indicate positive market performance for Marico in India during Q3 FY26.,https://pbs.twimg.com/card_img/2007050473254072320/sEh--mVX?format=jpg&name=orig,,https://t.co/JI17I62vyf,2730,2026-01-02T11:24:56,@business_today
Maruti Suzuki India Ltd.,https://x.com/business_today/status/2007047650533589415,"RELEVANT (HIGH confidence)
Sources: text, image
- Maruti Suzuki achieved a record-breaking production of over 22.55 lakh units in the fiscal year 2025.
- The dealership prominently features the ""NEXA"" brand alongside ""MARUTI SUZUKI,"" indicating strategic focus on premium segments.
- Displayed models include Ignis, S-Cross, Baleno, and XL6, highlighting a diverse product lineup catering to various market segments.
- All showcased vehicles are blue, suggesting a potential marketing or branding strategy focused on this color.
- The modern design of the dealership with large glass windows reflects an investment in enhancing customer experience and brand image.","Sources: image, text
- Maruti Suzuki achieved a record-breaking production of over 22.55 lakh units in the fiscal year 2025, indicating strong manufacturing capabilities and growth potential.
- The dealership prominently features the ""NEXA"" brand alongside ""MARUTI SUZUKI,"" signaling a strategic focus on expanding into premium market segments.
- Displayed models include Ignis, S-Cross, Baleno, and XL6, showcasing a diverse product lineup aimed at catering to various consumer preferences and market demands.
- All showcased vehicles are blue, suggesting a potential marketing or branding strategy centered around this color choice.
- The modern design of the dealership with large glass windows reflects an investment in enhancing customer experience and strengthening brand image.",Relevant,HIGH,"The content mentions Maruti Suzuki's record-breaking production run of 22.55 lakh units in 2025, which is a significant operational update and business development for the company.","Maruti Suzuki has achieved a record-breaking production of 22.55 lakh units in 2025.; The image content shows a dealership branded with ""MARUTI SUZUKI"" and ""NEXA,"" indicating a partnership or branding collaboration.",MARUTI; MARUTI SUZUKI; Maruti; Maruti Suzuki; NEXA; The dealership has a modern design with large glass,Maruti Suzuki's production achievements and dealership branding.,text; image,,,,,https://pbs.twimg.com/card_img/2007047652085563392/lmHwUJ9g?format=jpg&name=orig,,https://t.co/pFAeRql4fd,491,2026-01-02T11:13:43,@business_today
Coforge Ltd.,https://x.com/business_today/status/2007035449638866970,"RELEVANT (MEDIUM confidence)
Sources: text, image, external
- COFORGE is among the top picks in IT sector for Q3, focusing on AI-led demand.
- YES Bank's share price increased nearly 4% following its Q3 earnings announcement.
- YES Bank's market capitalization reached Rs 70,000 crore with a closing stock price of Rs 22.27.
- ICICI Securities anticipates YES Bank's net profit to increase by 18.7% QoQ and 26.8% YoY in Q3FY26.
- Expected financial figures for YES Bank include Net Interest Income (NIIs) of Rs 2,429.7 crore and Pre-provisioning Operating Profit (PPoP) at Rs 1,345.5 crore.
- JM Financial projects YES Bank's NIIs to rise by 11.8% YoY and 8.1% QoQ to Rs 2,486.4 crore in Q3FY26.","Sources: external, image, text
- COFORGE is highlighted as a top IT sector pick for Q3, driven by AI-led demand.
- YES Bank's share price increased nearly 4% following its Q3 earnings announcement.
- YES Bank's market capitalization reached Rs 70,000 crore with a closing stock price of Rs 22.27.
- ICICI Securities forecasts YES Bank's net profit to rise by 18.7% quarter-over-quarter and 26.8% year-over-year in Q3FY26.
- Expected financial figures for YES Bank include Net Interest Income (NIIs) of Rs 2,429.7 crore and Pre-provisioning Operating Profit (PPoP) at Rs 1,345.5 crore.
- JM Financial projects YES Bank's NIIs to increase by 11.8% year-over-year and 8.1% quarter-over-quarter to Rs 2,486.4 crore in Q3FY26.",Relevant,MEDIUM,"The content mentions COFORGE as one of the top picks in an IT Q3 preview focused on AI-led demand, indicating its relevance to industry trends and market expectations.",COFORGE is identified among top picks in an IT Q3 preview.; Focus on AI-led demand within the IT industry.,Bank; Brokerage firms have provided previews of YES Bank; COFORGE; Earnings Announcement; Expected figures; HCL; HCL Tech; HCL Technologies (HCL Tech); ICICI; ICICI Securities; INFY; Infosys (Infy); JM Financial; Jigar S Patel from Anand Rathi; Jigar S Patel from Anand Rathi Share and Stock Brokers notes that YES Bank; LT; Rathi; Share and; Stock Brokers notes that YES; TCS; TECHM; Tata Consultancy Services (TCS); Tech Mahindra (TechM); The article provides insights into YES Bank; YES; YES Bank; and a net profit; audited standalone and consolidated financial; digit; discusses the recent performance and upcoming quarterly results of YES Bank Ltd; during a trading session on Friday following the announcement; have provided previews of YES; include Net Interest; provides insights into YES; provisioning Operating Profit; quarterly results of YES Bank; rating on YES; rating on YES Bank; s financial; s share price; share; standalone and consolidated; target; with market; with net profit; with net profit potentially,"IT sector performance with a focus on AI-driven demand for companies like Infy, TCS, Coforge, HCL Tech, and TechM.",text; image; external,,"The content discusses the broader IT sector's Q3 preview, highlighting multiple companies including COFORGE as top picks due to AI-led demand.",,,https://pbs.twimg.com/card_img/2007035450855215104/1hDLb9Fy?format=jpg&name=orig,,https://t.co/1lXhOY2Cjo,2509,2026-01-02T10:25:14,@business_today
ITC Ltd.,https://x.com/business_today/status/2006990103558676767,"RELEVANT (HIGH confidence)
Sources: text, image, external
- LIC experienced a notional loss of Rs 11,000 crore due to ITC stock price decline over two days.
- ITC's stock price decreased by 3.79%, settling at Rs 350.15 per share.
- The Indian government increased the base GST rate on cigarettes from 28% to 40%, effective February 1, 2026.
- JM Financial highlighted potential negative impacts on ITC due to reduced volumes and concerns about illicit cigarettes following the duty hike.
- Emkay Global downgraded its rating on ITC from ""Add"" to ""Reduce,"" adjusting the target price for December 2026 to Rs 350 from Rs 475.","Sources: external, image, text
- ITC's stock price decreased by approximately 20% over two days following the excise duty announcement, settling at Rs 350.15 per share.
- The Indian government increased the base GST rate on cigarettes from 28% to 40%, effective February 1, 2026, impacting ITC's cigarette volumes and margins.
- JM Financial highlighted potential negative impacts on ITC due to reduced volumes and concerns about illicit cigarettes following the duty hike.
- Emkay Global downgraded its rating on ITC from ""Add"" to ""Reduce,"" adjusting the target price for December 2026 to Rs 350 from Rs 475.
- LIC experienced a notional loss of Rs 11,000 crore due to the decline in ITC stock prices over two days.
- Competitor Godfrey Phillips also experienced a similar decline in stock value due to excise duty concerns.
- Analysts suggest ITC's stock remains a ""buy"" despite potential price increase concerns for cigarettes.",Relevant,HIGH,"The content discusses significant financial impacts on ITC due to a proposed increase in cigarette excise duties, affecting stock prices and major shareholders like LIC. It includes specific financial metrics related to stock price movements and analyst opinions directly concerning ITC.","LIC experienced a notional loss of nearly Rs 11,000 crore over two trading sessions.; ITC's stock price decreased by 3.79%, settling at Rs 350.15 per share.; Analysts have downgraded their ratings and adjusted target prices for ITC due to the excise duty hike.",A background showing; Corporation; Equity; GQG Partners Emerging Markets; GQG Partners Emerging Markets Equity Fund; General Insurance; General Insurance Corporation; General Insurance Corporation of India; ICICI; ICICI Prudential; ICICI Prudential Mutual; ICICI Prudential Mutual Fund; ITC; ITC Limited; Indian; JM Financial; LIC; LT; Life Insurance; Life Insurance Corporation; Life Insurance Corporation of India (LIC); Major; Markets; Motilal Oswal noted that tax stability had previously curbed illicit; Other Major; SBI; SBI Mutual; SBI Mutual Fund; Stock; The article underscores the significant financial implications for ITC and its shareholders due to changes in government policy on tobacco; This includes an; Tobacco; Tobacco Manufacturers (India); and concerns about illicit; by Amit; cigarette; cigarette excise duties on ITC; discusses the impact of a proposed increase in cigarette excise duties on ITC Ltd; implications for ITC and its; its; major; over the past five years and a; per; reduced; s stock value and its major; showing; stock; stock price; target; the impact of a proposed; their; two; underscores the significant,Impact of increased cigarette excise duties on ITC's stock value and its major shareholders.,text; image; external,"LIC's holding value in ITC reduced from Rs 80,079.84 crore to Rs 69,578.06 crore.; Not directly mentioned, but implied through stock price and valuation changes.; No specific growth rates provided for ITC in the content.; Emkay Global adjusted their target price for ITC to Rs 350 from a previous estimate of Rs 475 by December 2026.; LIC's stake in ITC has been between 15-16% since at least 2017.; Tobacco Manufacturers (India) holds the largest stake in ITC at 17.79%.; Not specifically mentioned in the content.","The policy change affects multiple companies in the tobacco industry, including ITC and Tobacco Manufacturers (India), as well as financial institutions like LIC, SBI Mutual Fund, ICICI Prudential Mutual Fund, GQG Partners Emerging Markets Equity Fund, and General Insurance Corporation of India.",Analysts from JM Financial and Emkay Global provide insights into the negative impacts on ITC's near-to-medium-term outlook due to the excise duty hike.,"The Indian government's revision of the taxation structure for cigarettes, effective from February 1, 2026, includes an increase in the base GST rate to 40% and a new basic excise duty per 1000 sticks.",https://pbs.twimg.com/card_img/2006990105194418177/Lhzd-oXE?format=jpg&name=orig,,https://t.co/UqefbIxz8U,6051,2026-01-02T07:25:03,@business_today
ITC Ltd.,https://x.com/business_today/status/2006957309973459192,"RELEVANT (HIGH confidence)
Sources: text, image, external
- Excise duty changes may negatively impact cigarette volumes and margins for ITC.
- ITC's stock price declined by approximately 20% over two days following the announcement.
- Competitor Godfrey Phillips also experienced a similar decline in stock value due to excise duty concerns. 

(Note: The provided text does not contain specific strategic information about ITC beyond these points related to market reaction and industry impact.)","Sources: external, image, text
- ITC's stock price decreased by approximately 20% over two days following the excise duty announcement, settling at Rs 350.15 per share.
- The Indian government increased the base GST rate on cigarettes from 28% to 40%, effective February 1, 2026, impacting ITC's cigarette volumes and margins.
- JM Financial highlighted potential negative impacts on ITC due to reduced volumes and concerns about illicit cigarettes following the duty hike.
- Emkay Global downgraded its rating on ITC from ""Add"" to ""Reduce,"" adjusting the target price for December 2026 to Rs 350 from Rs 475.
- LIC experienced a notional loss of Rs 11,000 crore due to the decline in ITC stock prices over two days.
- Competitor Godfrey Phillips also experienced a similar decline in stock value due to excise duty concerns.
- Analysts suggest ITC's stock remains a ""buy"" despite potential price increase concerns for cigarettes.",Relevant,HIGH,"The content mentions ITC specifically in the context of a market event affecting its stock price due to excise duty changes impacting cigarette volumes and margins. This aligns with several criteria for relevance, including stock price movements and industry analysis where ITC is significantly discussed.",ITC's stock price sank by 20% over two days due to concerns about excise duty impacting cigarette volumes and margins.; The market event also affected Godfrey Phillips similarly.,Corporation; Corporation of India; Godfrey Phillips; ITC; LIC; LT; RIL; RailTel; RailTel Corporation of India; RailTel Corporation of India Ltd; The company operates primarily through its telecom services and project work services; The telecom infrastructure; The telecom infrastructure company; This development is expected to positively impact the company; and maintenance of a Hospital; and maintenance of a Hospital Management; cigarette; development for RailTel; from the Assam Health Infrastructure Development & Management; highlights a significant development for RailTel Corporation of India Ltd; indicating that the; is recognized as one of the largest neutral telecom infrastructure; on Thursday prior to the announcement; s announcement; s focus and market perception as it; to positively impact the; with a market,Market impact on ITC's stock due to potential excise duty changes affecting cigarette volumes and margins.,text; image; external,,"The content discusses the broader market impact of excise duty changes on both ITC and Godfrey Phillips, indicating a multi-company effect within the tobacco industry.",,"RailTel Corporation of India Ltd.: Mentioned in a separate news article about its business developments and stock performance, unrelated to ITC's situation.",https://pbs.twimg.com/card_img/2006971796822929408/RptiDgA1?format=jpg&name=orig,,https://t.co/AwPff05jqg,1877,2026-01-02T05:14:44,@business_today
ITC Ltd.,https://x.com/business_today/status/2006949719482732925,"RELEVANT (HIGH confidence)
Sources: text, image, external
- ITC shares have slid to a new one-year low due to excise duty impacts.
- Godfrey Phillips, an ITC subsidiary, continues its decline in share value.
- The news article primarily focuses on RailTel's developments, not directly related to ITC.","Sources: external, image, text
- ITC's stock price decreased by approximately 20% over two days following the excise duty announcement, settling at Rs 350.15 per share.
- The Indian government increased the base GST rate on cigarettes from 28% to 40%, effective February 1, 2026, impacting ITC's cigarette volumes and margins.
- JM Financial highlighted potential negative impacts on ITC due to reduced volumes and concerns about illicit cigarettes following the duty hike.
- Emkay Global downgraded its rating on ITC from ""Add"" to ""Reduce,"" adjusting the target price for December 2026 to Rs 350 from Rs 475.
- LIC experienced a notional loss of Rs 11,000 crore due to the decline in ITC stock prices over two days.
- Competitor Godfrey Phillips also experienced a similar decline in stock value due to excise duty concerns.
- Analysts suggest ITC's stock remains a ""buy"" despite potential price increase concerns for cigarettes.",Relevant,HIGH,"The content mentions ITC shares sliding to a new one-year low due to excise duty impacts, which is directly related to the company's stock performance.",ITC shares have slid to a new one-year low.; Excise duty impacts are mentioned as the reason for ITC's share decline.,Assam Health Infrastructure Development & Management Society (Ahidms); Corporation; Corporation of India; ITC; LIC; LT; RailTel; RailTel Corporation; RailTel Corporation of India Ltd.; The company; The telecom infrastructure; The telecom infrastructure company; a separate news piece about ITC; and maintenance of a Hospital; and maintenance of a Hospital Management; developments for RailTel; from the Assam Health Infrastructure Development & Management; highlights significant developments for RailTel Corporation of India Ltd; indicating that the; positioning it; s largest neutral telecom infrastructure; telecom services and project work services; with a market,The main topic includes updates on ITC's share price decline and RailTel's recent contract win.,text; image; external,"No specific revenue figures provided for either company.; No specific profit figures provided for either company.; RailTel's stock has gained 197% in three years.; RailTel's shares are down 12% over the past six months.; The new contract for RailTel is set to be completed by January 31, 2032.; RailTel's share price closed at Rs 374.95 on Thursday.; Market capitalization of RailTel: Rs 12,033 crore.; RSI for RailTel stands at 62.4.; No specific ratios or margins provided for either company.","The article discusses both ITC's financial market impact due to excise duties and RailTel's business development through a new contract, indicating industry-wide effects such as regulatory impacts affecting multiple companies.",,RailTel has won its first significant contract for the year 2026 with a project valued at Rs 567 crore.,https://pbs.twimg.com/card_img/2006949721093349376/Iqx_X0Hd?format=jpg&name=orig,,https://t.co/GbBa6WA6Vi,1839,2026-01-02T04:44:35,@business_today
ITC Ltd.,https://x.com/business_today/status/2006938520451989630,"RELEVANT (HIGH confidence)
Sources: text, image, external
- ITC share target cuts due to potential 23-50% hike in cigarette prices.
- Analysts suggest stock remains a ""buy"" despite price increase concerns.
- ITC's brand positioning includes the phrase ""Enduring Value.""
- The company is known as ITC LIMITED, with branding prominently displayed.","Sources: external, image, text
- ITC's stock price decreased by approximately 20% over two days following the excise duty announcement, settling at Rs 350.15 per share.
- The Indian government increased the base GST rate on cigarettes from 28% to 40%, effective February 1, 2026, impacting ITC's cigarette volumes and margins.
- JM Financial highlighted potential negative impacts on ITC due to reduced volumes and concerns about illicit cigarettes following the duty hike.
- Emkay Global downgraded its rating on ITC from ""Add"" to ""Reduce,"" adjusting the target price for December 2026 to Rs 350 from Rs 475.
- LIC experienced a notional loss of Rs 11,000 crore due to the decline in ITC stock prices over two days.
- Competitor Godfrey Phillips also experienced a similar decline in stock value due to excise duty concerns.
- Analysts suggest ITC's stock remains a ""buy"" despite potential price increase concerns for cigarettes.",Relevant,HIGH,"The content mentions ITC specifically with regard to potential price hikes for its cigarette products and stock performance analysis, which aligns with several criteria for relevance.","Concerns over a 23-50% hike in cigarette prices for ITC.; Stock analysis suggesting it remains a ""buy"" despite potential price increases.",Adani; Adani Power; Adani Power Ltd.; Antique; Antique Stock Broking recently initiated coverage on Adani Power; BEL; Financial metrics; ITC; ITC LIMITED; LT; Power; The company; The image does not contain any; The image does not contain any financial; cigarette; discusses the significant rise in Adani Power Ltd; from Angel One noted the; highlighted that the; lakh; resulting in a market; s shares have; significant rise in Adani Power; stake in Adani Power; stake in Adani Power Ltd; stock; strong; target; the company; trading,Analysis of ITC's share performance amid concerns about a significant increase in cigarette prices.,text; image; external,"[Leave blank]; [Leave blank]; [Leave blank]; [Leave blank]; Mention of stock performance and analyst ratings for Adani Power Ltd.; For Adani Power: PE ratio of 26.68, PB value of 7.01, EPS of Rs 5.58, RoE of 26.26","The article also discusses Adani Power Ltd., providing an industry comparison or context regarding market dynamics affecting companies like ITC.",[Leave blank],Analysts' bullish outlook on Adani Power based on technical analysis and support levels.; ITC's stock is analyzed in the context of potential price hikes for its products.,https://pbs.twimg.com/card_img/2006938522213613568/z5k5m-fd?format=jpg&name=orig,,https://t.co/ID00jLIprM,2399,2026-01-02T04:00:05,@business_today
Bajaj Finance Ltd.,https://x.com/business_today/status/2006945912879464579,"RELEVANT (HIGH confidence)
Sources: text, image, video
- Bajaj Finance highlighted for a compounding growth rate of 25%.
- Preference expressed for companies that grow significantly without burning cash and generating profit.
- A smaller company in the education sector identified with potential sustained growth of 35-40%.
- The unnamed smaller company noted for higher profitability and dividend distribution ability.
- Investment strategies discussed include large-cap stocks for 2026, midcap stocks for the next 12 months, and small-cap stocks needing long-term investment justice.","Sources: image, text, video
- Bajaj Finance reported a compounding growth rate of 25%.
- Companies that grow significantly without burning cash and generating profit are preferred for investment.
- A smaller company in the education sector identified with potential sustained growth of 35-40%.
- The unnamed smaller company noted for higher profitability and dividend distribution ability.
- Investment strategies include large-cap stocks targeting 2026, midcap stocks for the next 12 months, and small-cap stocks requiring long-term investment.",Relevant,HIGH,"The content explicitly mentions Bajaj Finance with specific financial metrics such as a compounding growth rate of 25%, making it directly relevant to the primary company focus.",Bajaj Finance is highlighted for its strong compounding growth at a rate of 25%.,A smaller; A smaller company; An unnamed smaller; An unnamed smaller company; BAJFINANCE; Bajaj; HDFC; HDFC LIFE; HDFC Life; HERO; Hero MotoCorp; Jaro Education; NEWS FLASH of food; RELIANCE; Reliance Industries; RelianceIndustries; The image appears to be a split; The image does not contain any identifiable company; The left side shows a studio setting with a financial; The right side shows a person in a white traditional outfit; The speaker appreciates companies that grow significantly without burning cash and generating profit; This company; Top; cap; different; for the unnamed smaller; likely a; mentions; midcap; not contain any identifiable; screen video feed from a; screen video feed from a financial; shows a studio setting with a; sustained growth potential for the unnamed smaller company,"Investment strategies and stock picks for 2026, highlighting Bajaj Finance's strong growth potential.",text; image; video,"Bajaj Finance: Compounding growth rate of 25%.; Unnamed smaller company in the education sector: Sustained growth potential of 35-40%.; Investment strategies for large-cap stocks for 2026, midcap stocks for the next 12 months, and small-cap stocks with long-term justice.; NIFTY 50 index value increase indicated by a green upward arrow and the number ""109.20"".; HDFC Life stock price increase indicated by a green upward arrow and the number ""7.05"".; No specific ratios or margins mentioned for Bajaj Finance in the content.","The content discusses various companies in different sectors, indicating broader market trends and investment opportunities.",Preference for Bajaj Finance due to its compounding growth rate of 25% and appreciation for companies that grow significantly without burning cash.,"Investment preference for companies with significant growth without cash burn, exemplified by Bajaj Finance.; Highlight of an unnamed smaller company in the education sector with high profitability and dividend distribution ability.",https://pbs.twimg.com/amplify_video_thumb/2006945557563297792/img/IWvLwFsvz9Vh5ryX.jpg,https://twitter.com/i/videos/2006945912879464579,,2985,2026-01-02T04:29:27,@business_today
Eternal Ltd.,https://x.com/businessline/status/2007435811348742308,"RELEVANT (HIGH confidence)
Sources: text, image, external
- Average hourly earnings for Zomato delivery partners increased to ₹102 in 2025 from ₹92 the previous year, a rise of 10.9% excluding tips.
- At full utilization (10 hours/day over 26 days), gross monthly earnings are approximately ₹26,500 and net earnings around ₹21,000 after fuel and maintenance costs.
- Average Zomato delivery partner worked 38 days annually in 2025, averaging seven hours per day; only 2.3% of partners were active for more than 250 days.
- Blinkit's average order distance was 2.03 km with an eight-minute driving time, implying speeds of about 16 kmph.
- Zomato and Blinkit spent over ₹100 crore in 2025 on insurance coverage for delivery partners, including accident insurance up to ₹10 lakh, medical cover, loss-of-pay insurance, and maternity benefits.
- Goyal emphasized the gig model's flexibility, arguing against applying traditional employment benchmarks like provident funds or guaranteed salaries.","Sources: external, image, text
- Average hourly earnings for Zomato delivery partners increased to ₹102 in 2025 from ₹92, marking a 10.9% rise excluding tips.
- Gross monthly earnings at full utilization (10 hours/day over 26 days) are approximately ₹26,500; net earnings after expenses are around ₹21,000.
- Average annual working days for Zomato delivery partners were 38 in 2025, with an average of seven hours per day; only 2.3% worked more than 250 days annually.
- Blinkit's average order distance was 2.03 km with an eight-minute driving time, indicating speeds of about 16 kmph.
- Zomato and Blinkit invested over ₹100 crore in 2025 on insurance for delivery partners, including accident insurance up to ₹10 lakh, medical cover, loss-of-pay insurance, and maternity benefits.
- Goyal highlighted the gig model's flexibility, opposing traditional employment benchmarks like provident funds or guaranteed salaries.",Relevant,HIGH,"The content discusses the defense of Eternal's delivery model by its founder and CEO Deepinder Goyal, including specific financial metrics related to rider earnings and welfare spending. This directly pertains to ETERNAL as it involves strategic initiatives and operational updates within the company.","Average hourly earnings for a Zomato delivery partner increased to ₹102 in 2025 from ₹92 the previous year.; Gross monthly earnings at full utilization are approximately ₹26,500, with net earnings around ₹21,000 after costs.; Welfare spending by Zomato and Blinkit exceeded ₹100 crore in 2025 on insurance coverage for delivery partners.",Blinkit (part of the Eternal group); ETERNAL; Eternal founder and CEO Deepinder Goyal has publicly defended the company; For Blinkit; Goyal defended the; Goyal defended the company; Goyal has publicly defended the; Goyal noted that Zomato and Blinkit; LIC; LT; ZOMATO; Zomato (part of the Eternal group); about the sustainability of; benchmarks like provident; central; delivery; disrupting operations for food delivery and quick commerce platforms like Zomato and Blinkit; for a Zomato delivery partner; including accident; including accident insurance; not; on insurance; part of the Eternal; part of the Eternal group; pay; pay insurance; use gig work as supplementary,Defense of Eternal's delivery model by CEO Deepinder Goyal in response to allegations regarding pay and working conditions.,text; image; external,"No specific revenue figures provided.; No specific profit figures provided.; 10.9% rise in average hourly earnings for Zomato delivery partners from ₹92 to ₹102.; Not explicitly mentioned, but the data pertains to the year 2025.; No specific market metrics provided.; No specific ratios or margins provided.","The content discusses impacts on both Zomato and Blinkit, subsidiaries under the Eternal group, highlighting their earnings data and safety measures.","Goyal emphasized increased average hourly earnings for delivery partners, welfare spending, and defended the gig model's flexibility.","Goyal emphasized flexibility as central to the gig model and criticized applying traditional employment benchmarks.; Safety measures include insurance coverage for delivery partners, including accident insurance up to ₹10 lakh.",https://pbs.twimg.com/card_img/2007435812191830016/ZH6NDPUk?format=jpg&name=orig,,https://t.co/jasiqvSNie,2617,2026-01-03T12:56:08,@businessline
Reliance Industries Ltd.,https://x.com/businessline/status/2007368895146209693,"RELEVANT (HIGH confidence)
Sources: text, image, external
- Reliance Jio added 1.2 million subscribers in November 2025, maintaining its lead over Bharti Airtel for the ninth consecutive month.
- Jio's market share increased to 43.7%, gaining VLR share in 17 out of 22 telecom circles, with significant growth in Jammu & Kashmir and Punjab regions.
- In the broadband segment, Jio captured approximately 68% of total additions across mobile broadband, FWA, and UBR categories.
- Jio added 0.35 million users through its unlicensed band radio (UBR) expansion in November 2025.
- Jio led the FWA market by adding nearly 2.5 times more subscribers than Bharti Airtel, including both 5G FWA and UBR categories.
- Despite a decrease of 3.4 million in the overall active subscriber base industry-wide, Jio was the only operator to report positive gains during November 2025.
- Industry trends suggest rising data penetration will support future growth in Average Revenue Per User (ARPU) due to favorable market conditions.","Sources: external, image, text
- Reliance Jio added 1.2 million subscribers in November 2025, maintaining its lead over Bharti Airtel for the ninth consecutive month.
- Jio's market share increased to 43.7%, with significant growth in VLR share across 17 out of 22 telecom circles, notably in Jammu & Kashmir and Punjab regions.
- In the broadband segment, Jio captured approximately 68% of total additions across mobile broadband, FWA, and UBR categories.
- Jio added 0.35 million users through its unlicensed band radio (UBR) expansion in November 2025.
- Jio led the FWA market by adding nearly 2.5 times more subscribers than Bharti Airtel, including both 5G FWA and UBR categories.
- Despite a decrease of 3.4 million in the overall active subscriber base industry-wide, Jio was the only operator to report positive gains during November 2025.
- Reliance Industries Ltd. resumed purchasing Russian crude oil after a brief pause due to US sanctions on Rosneft PJSC and Lukoil PJSC.
- Three tankers carrying approximately 2.2 million barrels of Urals crude are en route to Reliance's Jamnagar refinery for domestic fuel production.
- Reliance was a significant buyer of Russian crude during 2024-2025, driven by deep discounts and lean refining margins.
- Recent purchases facilitated through traders Alghaf Marine DMCC, Redwood Global Supply FZ LLC, RusExport, and Ethos Energy; both Alghaf and Redwood face UK sanctions.
- Russian oil deliveries to Jamnagar refinery dropped to about 270,000 barrels per day in December, less than 20% of total imports, down from over 40% earlier in the year.",Relevant,HIGH,"The content discusses Reliance Jio's subscriber growth, market share increase, and strategic expansions, which are directly related to RELIANCE as its subsidiary.","Reliance Jio added 1.2 million subscribers in November 2025.; Jio's market share increased to 43.7%.; Jio led in the FWA market, adding nearly 2.5 times more subscribers than Bharti Airtel.",According to the latest monthly subscription data from the Telecom; BHARTIARTL; Bharti Airtel; Despite a; Indian; LIC; RELIANCE; Reliance; Reliance Jio; The company; Vodafone Idea; market; s continued dominance in the Indian telecom; s market; s market share; s telecom,Subscriber growth and market performance of Reliance Jio in the Indian telecom sector for November 2025.,text; image; external,Jio's market share rose to 43.7%.; Overall active subscriber base decreased by 3.4 million.; Jio captured approximately 68% of total broadband additions.; Jio gained VLR share in 17 out of 22 telecom circles.,"The content highlights industry-wide trends affecting multiple companies, including subscriber losses by competitors and overall active subscriber base changes.",[Leave blank],Jio's strategic expansions and consistent subscriber gains have solidified its leadership position.,https://pbs.twimg.com/card_img/2007427640752304128/bNK_LiFJ?format=jpg&name=orig,,https://t.co/GRWbh8BDCE,2239,2026-01-03T08:30:14,@businessline
Reliance Industries Ltd.,https://x.com/businessline/status/2007008517694382204,"RELEVANT (HIGH confidence)
Sources: text, image, external
- Reliance Industries Ltd. resumed purchasing Russian crude oil after a brief pause due to US sanctions on Rosneft PJSC and Lukoil PJSC.
- Three tankers carrying approximately 2.2 million barrels of Urals crude are en route to Reliance's Jamnagar refinery for domestic fuel production.
- Reliance was a significant buyer of Russian crude during 2024-2025, driven by deep discounts and lean refining margins.
- Recent purchases facilitated through traders Alghaf Marine DMCC, Redwood Global Supply FZ LLC, RusExport, and Ethos Energy; both Alghaf and Redwood face UK sanctions.
- Russian oil deliveries to Jamnagar refinery dropped to about 270,000 barrels per day in December, less than 20% of total imports, down from over 40% earlier in the year.
- Other Indian refiners like Indian Oil Corp. and Bharat Petroleum Corp. are also purchasing Russian oil from non-sanctioned sellers for economic incentives.","Sources: external, image, text
- Reliance Jio added 1.2 million subscribers in November 2025, maintaining its lead over Bharti Airtel for the ninth consecutive month.
- Jio's market share increased to 43.7%, with significant growth in VLR share across 17 out of 22 telecom circles, notably in Jammu & Kashmir and Punjab regions.
- In the broadband segment, Jio captured approximately 68% of total additions across mobile broadband, FWA, and UBR categories.
- Jio added 0.35 million users through its unlicensed band radio (UBR) expansion in November 2025.
- Jio led the FWA market by adding nearly 2.5 times more subscribers than Bharti Airtel, including both 5G FWA and UBR categories.
- Despite a decrease of 3.4 million in the overall active subscriber base industry-wide, Jio was the only operator to report positive gains during November 2025.
- Reliance Industries Ltd. resumed purchasing Russian crude oil after a brief pause due to US sanctions on Rosneft PJSC and Lukoil PJSC.
- Three tankers carrying approximately 2.2 million barrels of Urals crude are en route to Reliance's Jamnagar refinery for domestic fuel production.
- Reliance was a significant buyer of Russian crude during 2024-2025, driven by deep discounts and lean refining margins.
- Recent purchases facilitated through traders Alghaf Marine DMCC, Redwood Global Supply FZ LLC, RusExport, and Ethos Energy; both Alghaf and Redwood face UK sanctions.
- Russian oil deliveries to Jamnagar refinery dropped to about 270,000 barrels per day in December, less than 20% of total imports, down from over 40% earlier in the year.",Relevant,HIGH,"The content discusses strategic business developments involving Reliance Industries Ltd., specifically its resumption of purchasing Russian crude oil and operational details related to its Jamnagar refinery. This aligns with several criteria for relevance, including business developments, partnerships, and market strategies.","Reliance Industries Ltd. has resumed purchasing Russian crude oil after a brief pause due to US scrutiny.; Three tankers carrying approximately 2.2 million barrels of Urals crude are en route to Reliance's Jamnagar refinery complex.; The oil is intended for domestic fuel production, not export.",Alghaf Marine DMCC; Bharat Petroleum Corp.; Ethos Energy; Indian; Indian Oil Corp.; LIC; LT; Lukoil; Lukoil PJSC; RELIANCE; RIL; Redwood Global Supply FZ LLC; Reliance; Reliance Industries; Rosneft PJSC; RusExport; Russian oil; Tankers laden with Russian oil; The company has resumed purchasing Russian crude oil; This move comes after Reliance halted its Russian oil; United; and Bharat Petroleum; and Bharat Petroleum Corp; and Ethos Energy; are also purchasing Russian oil; attracted by similar economic; became a key market for Russian oil; discusses recent developments involving Reliance Industries Ltd; involving Reliance Industries; oil after a brief pause due to; owned Indian Oil; owned Indian Oil Corp; s energy; sail; sanctioned; the article underscores the strategic decisions made by Indian refiners in navigating international sanctions and market dynamics to secure energy; which had previously blacklisted key Russian suppliers Rosneft PJSC and Lukoil; with Alghaf being a successor to Litasco; with the oil,Resumption of Russian crude oil purchases by Reliance Industries Ltd. and the strategic implications amidst geopolitical tensions.,text; image; external,"Russian oil constituted over 40% of Reliance's imports earlier in the year, but this dropped to less than 20% by December.","The content highlights India's broader energy strategy involving multiple refiners purchasing Russian oil despite international sanctions, indicating a multi-company impact within the Indian refining sector.",[Leave blank],Reliance Industries resumed sourcing from other suppliers after halting Russian oil purchases due to US sanctions.; The strategic decision is influenced by deep discounts and lean refining margins.,https://pbs.twimg.com/card_img/2007008560081981440/QdB5axp2?format=jpg&name=orig,,https://t.co/Mlf1f60lqu,2388,2026-01-02T08:38:13,@businessline
Marico Ltd.,https://x.com/businessline/status/2007092032267825182,"RELEVANT (HIGH confidence)
Sources: text, image, external
- Marico Ltd reported consolidated revenue growth in the high 20s for Q3 FY26, driven by domestic market performance.
- High single-digit volume growth in India supported by Parachute, value-added hair oils, and premium personal care products.
- Optimism about future consumption improvements due to easing inflation, lower GST rates, MSP hikes, and a healthy crop sowing season.
- International growth led by Bangladesh; Vietnam and South Africa returned to double-digit growth with targeted initiatives.
- Anticipated sequential uptick in gross margins from lower copra prices and stable crude oil derivatives.","Sources: external, image, text
- Marico Ltd reported consolidated revenue growth in the high 20s for Q3 FY26, driven by domestic market performance.
- Achieved high single-digit volume growth in India through Parachute, value-added hair oils, and premium personal care products.
- Optimism about future consumption improvements due to easing inflation, lower GST rates, MSP hikes, and a healthy crop sowing season.
- International growth led by Bangladesh; Vietnam and South Africa returned to double-digit growth with targeted initiatives.
- Anticipated sequential uptick in gross margins from lower copra prices and stable crude oil derivatives.
- Saffola brand products include cooking oils: Saffola Active, Saffola Gold, Saffola Tasty, and Saffola Total.
- Saffola Hair Care Products line includes Hair Care Active, Hair Care Gold, Hair Care Tasty, and Hair Care Total.
- Livon Personal Care range features hair care items such as Livon Body Lotion, Livon Body Wash, Livon Hair Oil, Livon Hair Serum, Livon Hair Shampoo, Livon Hair Conditioner, and Livon Hair Mask.",Relevant,HIGH,"The content contains specific financial metrics, business updates with numerical data, strategic initiatives, and forward guidance related to Marico Ltd.","Consolidated revenue growth in the high 20s for Q3 FY26.; High single-digit volume growth in India driven by Parachute, value-added hair oils, and premium personal care items.; Optimism about future consumption due to easing inflation, lower GST rates, MSP hikes, and a healthy crop sowing season.; Gross margins expected to improve from lower copra prices and stable crude oil derivatives.",Bangladesh (as part of international growth context); Despite a slight; Gross margins are expected to improve due to lower copra prices and stable crude oil; Hair Care; Hair Care Hair Care; LT; MARICO; Marico; Marico Ltd; Saffola Hair Care; Saffola Personal Care; South Africa (as part of international growth context); The company; The foods; Vietnam (as part of international growth context); and other personal care; and premium personal care; copra; digit; hair care; oil; slight; while vegetable oil prices remain high and crude oil,Financial performance and strategic outlook of Marico Ltd for the third quarter of FY26.,text; image; external,Consolidated revenue growth in the high 20s for Q3 FY26.; High single-digit volume growth in India.; Double-digit growth in value-added hair oils expected to be maintained.; Expectation of gross margin improvement due to lower copra prices and stable crude oil derivatives.; Foods segment anticipated to accelerate over the next two quarters following a stable Q3 performance.; Bangladesh leading international growth for Marico.; Vietnam and South Africa returning to double-digit growth.; Gross margins expected to improve sequentially due to lower copra prices and benign crude oil derivatives.,"Industry-wide impacts such as easing inflation, GST rate cuts, and copra price trends affect multiple companies in the FMCG sector, including Marico.","Management commentary on future consumption improvements, gross margin expectations, and strategic focus areas.",Focus on mid and premium segments in value-added hair oils.; Enhanced direct reach and benefits from recent GST rate cuts.; Sustained brand-building investments and accelerated portfolio diversification.,https://pbs.twimg.com/card_img/2007092074806460416/Grff9RwK?format=jpg&name=orig,,https://t.co/JggHYxM0Md,10016,2026-01-02T14:10:05,@businessline
Marico Ltd.,https://x.com/businessline/status/2007040715914875070,"RELEVANT (HIGH confidence)
Sources: text, image, external
- Marico Ltd reported consolidated revenue growth in the high twenties for Q3 of FY26.
- High single-digit volume growth was achieved in India business operations during the same period.
- Saffola brand products include cooking oils: Saffola Active, Saffola Gold, Saffola Tasty, and Saffola Total.
- Saffola Hair Care Products line includes Hair Care Active, Hair Care Gold, Hair Care Tasty, and Hair Care Total.
- Livon Personal Care range features multiple hair care items such as Livon Body Lotion, Livon Body Wash, Livon Hair Oil, Livon Hair Serum, Livon Hair Shampoo, Livon Hair Conditioner, and Livon Hair Mask.","Sources: external, image, text
- Marico Ltd reported consolidated revenue growth in the high 20s for Q3 FY26, driven by domestic market performance.
- Achieved high single-digit volume growth in India through Parachute, value-added hair oils, and premium personal care products.
- Optimism about future consumption improvements due to easing inflation, lower GST rates, MSP hikes, and a healthy crop sowing season.
- International growth led by Bangladesh; Vietnam and South Africa returned to double-digit growth with targeted initiatives.
- Anticipated sequential uptick in gross margins from lower copra prices and stable crude oil derivatives.
- Saffola brand products include cooking oils: Saffola Active, Saffola Gold, Saffola Tasty, and Saffola Total.
- Saffola Hair Care Products line includes Hair Care Active, Hair Care Gold, Hair Care Tasty, and Hair Care Total.
- Livon Personal Care range features hair care items such as Livon Body Lotion, Livon Body Wash, Livon Hair Oil, Livon Hair Serum, Livon Hair Shampoo, Livon Hair Conditioner, and Livon Hair Mask.",Relevant,HIGH,"The content explicitly mentions Marico Ltd's financial performance metrics for the third quarter of FY26, including consolidated revenue growth and volume growth in India. This directly aligns with several criteria for relevance to MARICO.",Marico Ltd reported consolidated revenue growth in the high twenties during Q3 of FY26.; High single-digit volume growth was observed in the India business segment.,Hair Care; LT; Livon Hair Oil; MARICO; Marico; Marico Ltd; Saffola Hair Care; Saffola Personal Care; and other personal care; digit; hair care; supported by high single digit; the company,"Financial performance update for Marico Ltd, highlighting revenue and volume growth.",text; image; external,Consolidated revenue growth in the high twenties for Q3 of FY26 (exact percentage not specified).; High single-digit volume growth in the India business during Q3 of FY26.,The content primarily focuses on Marico Ltd without mentioning other companies or industry-wide impacts.,,,https://pbs.twimg.com/card_img/2007092074806460416/Grff9RwK?format=jpg&name=orig,,https://t.co/OSSYnrD0sL,8560,2026-01-02T10:46:10,@businessline
Maruti Suzuki India Ltd.,https://x.com/businessline/status/2007081964826673168,"RELEVANT (HIGH confidence)
Sources: text, image
- Maruti Suzuki India Ltd (MSIL) produced over 22.55 lakh units in calendar year 2025, marking its highest-ever annual production.
- The company exceeded 20.63 lakh units for the second consecutive year in annual production.
- Achieved a record-setting production milestone in CY25.
- Demonstrated consistent growth by surpassing previous annual production figures.
- Maintained strong manufacturing output over two successive years.","Sources: image, text
- Maruti Suzuki India Ltd (MSIL) achieved its highest-ever annual production of over 22.55 lakh units in calendar year 2025.
- The company exceeded 20.63 lakh units for the second consecutive year, demonstrating consistent growth in manufacturing output.
- Achieved a record-setting production milestone in CY25, surpassing previous annual figures.
- Maintained strong manufacturing performance with high production levels over two successive years.",Relevant,HIGH,"The content provides specific operational metrics for Maruti Suzuki India Ltd (MSIL), including its highest-ever production figures and annual production exceeding a certain threshold. This aligns with the criteria of quarterly/annual business updates with numerical data.",Maruti Suzuki India Ltd (MSIL) produced over 22.55 lakh units in CY25.; This is the highest-ever production for MSIL in a calendar year.; The company exceeded 20.63 lakh units in annual production for the second consecutive year.,LT; MARUTI; Maruti; Maruti Suzuki; Maruti Suzuki India; Maruti Suzuki India Ltd; and the second consecutive year the company; on Friday said it; the second consecutive year the,Annual production update for Maruti Suzuki India Ltd in calendar year 2025.,text; image,,,,,https://pbs.twimg.com/card_img/2007081965573271553/xC2FyWbp?format=jpg&name=orig,,https://t.co/nCW2JVTyng,297,2026-01-02T13:30:04,@businessline
ITC Ltd.,https://x.com/businessline/status/2007007366823498004,"RELEVANT (HIGH confidence)
Sources: text, image
- ITC shares declined by 3.82% to ₹349.95 following a government tax hike on cigarettes.
- The tax increase is expected to significantly impact ITC's profitability, as warned by brokerages.
- Image commemorates the centennial celebration of an organization with ""100 Inspiring Years"" and years ""1910-2010.""
- Logo in image features stylized letters ""ATC,"" potentially indicating a connection or historical reference related to ITC.","Sources: image, text
- ITC shares declined by 3.82% to ₹349.95 due to a government tax hike on cigarettes.
- The tax increase is expected to significantly impact ITC's profitability, as indicated by brokerages' warnings.
- Image commemorates the centennial celebration of an organization with ""100 Inspiring Years"" from 1910 to 2010, potentially linked to ITC's historical context.",Relevant,HIGH,"The content directly discusses the impact of a government tax hike on cigarettes on ITC's stock price and profitability, which is a significant business development for the company.",ITC shares declined by 3.82% on Friday afternoon.; Stock price fell from ₹363.85 to ₹349.95 due to a government tax hike on cigarettes.,ITC; No other; No other financial; anniversary of an organization or company; following a government tax hike on cigarettes that brokerages warn will significantly impact the company; of an organization or; will significantly impact the,Decline in ITC shares due to a government tax hike on cigarettes affecting profitability.,text; image,,"The tax hike impacts ITC specifically as it relates to its cigarette segment, but could imply broader industry effects if similar companies are affected by such policies.",[Leave blank],ATC (speculative based on logo and text),https://pbs.twimg.com/media/G9pSjyIagAAi3uj?format=jpg&name=orig,,,774,2026-01-02T08:33:39,@businessline
Eternal Ltd.,https://x.com/moneycontrolcom/status/2007136952152387990,"RELEVANT (HIGH confidence)
Sources: text, image, external
- Eternal's CEO, Deepinder Goyal, defends the gig pay model using recent earnings data to argue for financial safety and sustainability of workers' compensation.
- Delivery workers at Eternal have organized strikes due to dissatisfaction with their pay or working conditions under the gig economy framework.
- Earnings data presented by Goyal is used as evidence to support claims of financial stability and fairness in the gig pay model.",Unable to generate summary for ETERNAL,Relevant,HIGH,"The content directly discusses Eternal's gig pay model, worker strikes, and CEO Deepinder Goyal's defense using earnings data, which are key aspects of the company's operations and financial strategy.",ETERNAL's compensation strategy is under scrutiny due to worker strikes.; CEO Deepinder Goyal uses recent earnings data to support the gig pay model.; The defense highlights ongoing debates about fair compensation in gig work environments.,Deepinder Goyal is using recent earnings data to argue that the model ensures financial; ETERNAL; Key points from the article; L'Oréal (mentioned in unrelated business news); No other companies directly related to Eternal's situation are mentioned.; RIL; The article; This defense comes in light; ZOMATO; is defending the; is defending the company; suggesting that this data demonstrates financial; that this data demonstrates; to argue that the model ensures,"Defense of Eternal's gig pay model by CEO Deepinder Goyal in response to delivery worker strikes, supported by recent earnings data.",text; image; external,[No specific revenue figures provided for Eternal]; [No specific profit figures provided for Eternal]; [No specific growth rates provided for Eternal]; [No specific targets or timelines mentioned for Eternal]; [No market metrics provided for Eternal]; [No ratios or margins provided for Eternal],The article briefly mentions other business news items unrelated to Eternal but does not discuss industry-wide impacts affecting multiple companies.,CEO Deepinder Goyal defends the gig pay model using earnings data to argue for financial safety and sustainability for workers.,ETERNAL's CEO is defending the gig pay model using earnings data.; The company faces worker strikes due to dissatisfaction with pay or working conditions.,https://pbs.twimg.com/card_img/2007136952571850752/pR7AAODX?format=jpg&name=orig,,https://t.co/8SRrP1HBSp,2153,2026-01-02T17:08:34,@moneycontrolcom
ITC Ltd.,https://x.com/moneycontrolcom/status/2007096572191072703,"RELEVANT (HIGH confidence)
Sources: text, image
- Brokerages have adopted a bearish stance on ITC due to potential excise duty increases on cigarettes, which may negatively impact earnings growth.
- Target prices for ITC shares have been reduced by up to 34% following the market's reaction.
- The company experienced a significant selloff, resulting in approximately Rs 72,000 crore being erased from its market capitalization over two days.
- ITC is celebrating its centenary with the milestone ""100 Inspiring Years"" marking the period from 1910 to 2010.","Sources: external, image, text
- Brokerages have adopted a bearish stance on ITC due to potential excise duty increases on cigarettes, negatively impacting earnings growth.
- Target prices for ITC shares reduced by up to 34% following market reactions.
- ITC experienced a significant selloff, erasing approximately Rs 72,000 crore from its market capitalization over two days.
- GST of 28% on transaction value and effective tax rates ranging from 57% to 120% increase the tax burden across all cigarette categories.
- Total price per stick rises notably due to taxes: from Rs. 15.7 for non-filter to Rs. 22.0 for cigarettes above 75 mm.
- Mutual funds held 14.3% of ITC as of September 2025, indicating strong investor interest and financial stability.
- ITC shares fell by 14% over two days due to shifts in market sentiment or company performance.
- Rating downgrades from financial analysts contributed to a 5% decline in ITC share value, reaching a fresh 52-week low.",Relevant,HIGH,"The content directly discusses ITC's financial performance, specifically mentioning a sharp selloff and its impact on market capitalization, which is a key indicator of stock price movements. It also references brokerages' target prices for ITC, indicating analyst ratings.","Brokerages have slashed target prices for ITC by up to 34%.; A selloff has resulted in approximately Rs 72,000 crore being wiped off from ITC's market capitalization over two days.",Brokerages bearish on ITC as excise duty on cigarettes may hit; ITC; Indian; Indian Tobacco Company; Indian Tobacco Company Limited; crore from the; crore from the company; s market; share; sharp; slash; target,"The main topic is the negative outlook from brokerages on ITC due to potential excise duty impacts on cigarette earnings growth, leading to significant selloffs and reduced market capitalization.",text; image,"Market capitalization reduction of Rs 72,000 crore in two days.","The content implies a broader industry impact where increased excise duties could affect other tobacco companies similarly, though no specific competitors are mentioned.",[Leave blank],,https://pbs.twimg.com/media/G9qjA-TaoAAsyDT?format=png&name=orig,,,659,2026-01-02T14:28:07,@moneycontrolcom
ITC Ltd.,https://x.com/moneycontrolcom/status/2007053170229576185,RELEVANT (HIGH confidence) - Content found but summary generation failed,"Sources: external, image, text
- Brokerages have adopted a bearish stance on ITC due to potential excise duty increases on cigarettes, negatively impacting earnings growth.
- Target prices for ITC shares reduced by up to 34% following market reactions.
- ITC experienced a significant selloff, erasing approximately Rs 72,000 crore from its market capitalization over two days.
- GST of 28% on transaction value and effective tax rates ranging from 57% to 120% increase the tax burden across all cigarette categories.
- Total price per stick rises notably due to taxes: from Rs. 15.7 for non-filter to Rs. 22.0 for cigarettes above 75 mm.
- Mutual funds held 14.3% of ITC as of September 2025, indicating strong investor interest and financial stability.
- ITC shares fell by 14% over two days due to shifts in market sentiment or company performance.
- Rating downgrades from financial analysts contributed to a 5% decline in ITC share value, reaching a fresh 52-week low.",Relevant,HIGH,"The content explicitly mentions ITC's stock price movement, which is a specific financial metric related to the company.","ITC shares declined up to 14% over two days.; LIC incurred a loss of Rs 11,500 crore as a result.",Corporation; ITC; LIC; Life Insurance; Life Insurance Corporation; No other; No other financial; The image appears to be related to the Life Insurance Corporation; appears to be related to the; crore as ITC,Decline in ITC shares and its impact on LIC's investments.,text; image,,"The decline in ITC shares affects LIC due to its investment portfolio, highlighting an inter-company financial relationship.",,,https://pbs.twimg.com/card_img/2007053212826877952/uL1iDko7?format=jpg&name=orig,,https://t.co/VFzXHpQstt,774,2026-01-02T11:35:39,@moneycontrolcom
ITC Ltd.,https://x.com/moneycontrolcom/status/2007003931365241202,"RELEVANT (HIGH confidence)
Sources: text, image
- GST of 28% on transaction value increases the tax burden across all cigarette categories, significantly impacting pricing.
- Effective tax rates range from 57% for non-filter cigarettes to 120% for those above 75 mm in length, indicating a substantial increase in taxation.
- Total price per stick rises notably due to taxes: from Rs. 15.7 for non-filter to Rs. 22.0 for cigarettes above 75 mm.
- The total tax component (B+C+G+TC) adds significantly to the base price, with amounts ranging from Rs. 5,689 to Rs. 11,980 per 1,000 sticks.
- Ad valorem cess varies between 5% and 36%, contributing to higher costs for cigarettes above 75 mm due to a fixed specific cess of Rs. 4,170.

These points highlight the financial impact on ITC's cigarette segment due to increased taxation, affecting pricing strategy and potentially sales volume.","Sources: external, image, text
- Brokerages have adopted a bearish stance on ITC due to potential excise duty increases on cigarettes, negatively impacting earnings growth.
- Target prices for ITC shares reduced by up to 34% following market reactions.
- ITC experienced a significant selloff, erasing approximately Rs 72,000 crore from its market capitalization over two days.
- GST of 28% on transaction value and effective tax rates ranging from 57% to 120% increase the tax burden across all cigarette categories.
- Total price per stick rises notably due to taxes: from Rs. 15.7 for non-filter to Rs. 22.0 for cigarettes above 75 mm.
- Mutual funds held 14.3% of ITC as of September 2025, indicating strong investor interest and financial stability.
- ITC shares fell by 14% over two days due to shifts in market sentiment or company performance.
- Rating downgrades from financial analysts contributed to a 5% decline in ITC share value, reaching a fresh 52-week low.",Relevant,HIGH,"The content discusses a taxation change affecting cigarette stocks, directly impacting ITC as a major player in the tobacco industry. It mentions how ITC might cope with this move, indicating relevance to its financial and operational strategies.","Taxation changes have triggered a sell-off in cigarette stocks.; GST @28% on transaction value and additional cesses are detailed for various cigarette categories, impacting pricing and profitability.",Base; ITC; LT; Moneycontrol (as the source of news); Total; cigarette; off in cigarette,Taxation changes on cigarettes and their impact on ITC's stock performance.,text; image,"No specific revenue figures mentioned.; No specific profit figures mentioned.; No growth rates provided.; No specific targets or timelines mentioned for ITC.; Effective tax rate varies by cigarette category, impacting market pricing strategies.; No specific ratios or margins detailed.","The taxation change affects all cigarette manufacturers, potentially impacting competitors within the same sector as ITC.",MC Pro investigates how ITC will manage the new tax implications.,The content implies a need for strategic adjustments by ITC in response to taxation changes.,https://pbs.twimg.com/media/G9pNFu8aMAE-MP1?format=png&name=orig,,,2343,2026-01-02T08:20:00,@moneycontrolcom
ITC Ltd.,https://x.com/moneycontrolcom/status/2006983659979739362,"RELEVANT (HIGH confidence)
Sources: text, image, external
- FMCG index fell by 4% over two days, reaching a nine-month low.
- ITC Limited's market capitalization eroded by Rs 72,000 crore.
- Decline in the FMCG sector reflects broader market sentiment challenges.
- Financial markets context includes updates on top gainers and losers, crypto market, unlisted shares, and pre-IPO companies in India.
- Simple Energy announced expansion with a new scooter model offering a 400-km range.","Sources: external, image, text
- Brokerages have adopted a bearish stance on ITC due to potential excise duty increases on cigarettes, negatively impacting earnings growth.
- Target prices for ITC shares reduced by up to 34% following market reactions.
- ITC experienced a significant selloff, erasing approximately Rs 72,000 crore from its market capitalization over two days.
- GST of 28% on transaction value and effective tax rates ranging from 57% to 120% increase the tax burden across all cigarette categories.
- Total price per stick rises notably due to taxes: from Rs. 15.7 for non-filter to Rs. 22.0 for cigarettes above 75 mm.
- Mutual funds held 14.3% of ITC as of September 2025, indicating strong investor interest and financial stability.
- ITC shares fell by 14% over two days due to shifts in market sentiment or company performance.
- Rating downgrades from financial analysts contributed to a 5% decline in ITC share value, reaching a fresh 52-week low.",Relevant,HIGH,"The content specifically mentions a significant erosion of ITC's market capitalization by Rs 72,000 crore, indicating its relevance to the company's financial performance.","Erosion of ITC's market capitalization by Rs 72,000 crore.; Decline in FMCG index by 4% over two days.",ITC; Impact on ITC; Impact on ITC Limited; Key points from the article; Moving Consumer; Other companies are not explicitly named but implied within the FMCG sector context.; Related; Related Financial; Simple Energy; The FMCG; The article also references various financial; The article situates this development within the broader context of financial; This downturn is largely attributed to a substantial erosion of market capitalization for ITC Limited; This indicates a loss of investor confidence or reaction to company; a substantial erosion of market; and insights into unlisted; article also references various; capitalization for ITC; confidence or reaction to; defense; gold; in two days to hit; its; other significant business and; s financial; s market; specific news affecting its; specifically focusing on a decline in the FMCG; the article provides an overview of recent market dynamics affecting the FMCG; unlisted; while also touching upon other significant business and financial; within the broader context of,Decline in FMCG index with specific focus on ITC's market cap erosion.,text; image; external,FMCG index fell by 4% over two days.,"The decline in the FMCG index affects multiple companies within this sector, reflecting broader market sentiment and challenges faced by these companies.",,,https://pbs.twimg.com/card_img/2006983702518321152/F6UphiLp?format=jpg&name=orig,,https://t.co/z6yel63XSh,2204,2026-01-02T06:59:27,@moneycontrolcom
ITC Ltd.,https://x.com/moneycontrolcom/status/2006968263063097499,"RELEVANT (HIGH confidence)
Sources: text
- Mutual funds held 14.3% of ITC as of the September 2025 quarter.
- Mutual funds owned 3.62% of Godfrey Phillips as of the same period.
- Mutual funds possessed 4.64% of VST Industries in the September 2025 quarter.
- ITC is a top analyst pick, indicating strong market confidence and potential for growth.
- The significant mutual fund ownership suggests investor interest and financial stability within ITC.
- Comparative analysis shows higher mutual fund investment in ITC relative to Godfrey Phillips and VST Industries.","Sources: external, image, text
- Brokerages have adopted a bearish stance on ITC due to potential excise duty increases on cigarettes, negatively impacting earnings growth.
- Target prices for ITC shares reduced by up to 34% following market reactions.
- ITC experienced a significant selloff, erasing approximately Rs 72,000 crore from its market capitalization over two days.
- GST of 28% on transaction value and effective tax rates ranging from 57% to 120% increase the tax burden across all cigarette categories.
- Total price per stick rises notably due to taxes: from Rs. 15.7 for non-filter to Rs. 22.0 for cigarettes above 75 mm.
- Mutual funds held 14.3% of ITC as of September 2025, indicating strong investor interest and financial stability.
- ITC shares fell by 14% over two days due to shifts in market sentiment or company performance.
- Rating downgrades from financial analysts contributed to a 5% decline in ITC share value, reaching a fresh 52-week low.",Relevant,HIGH,"The content mentions ITC's shareholding by mutual funds, which is a specific financial metric related to investment activities involving ITC. Additionally, it highlights that ITC remains a top analyst pick, indicating its significance in the market and relevance to strategic initiatives or stock performance analysis.",Mutual funds hold 14.3% of ITC as of the September 2025 quarter.; ITC is noted as a top analyst pick.,Godfrey Phillips; ITC; VST Industries; mutual; of VST Industries,Shareholding percentages of various companies held by mutual funds as of September 2025 quarter.,text,,"The content discusses shareholding percentages for multiple companies, providing insight into investment trends affecting these entities.",,,,,,161,2026-01-02T05:58:16,@moneycontrolcom
ITC Ltd.,https://x.com/moneycontrolcom/status/2006955803186704493,"RELEVANT (HIGH confidence)
Sources: text, image, external
- ITC shares fell by 14% over two days, indicating a significant shift in market sentiment or company performance since GQG's Rajiv Jain described the firm as a ""great growth story"" two years ago.

- The article includes financial metrics such as Sensex Today and Gold Rate Today, though specific figures are not provided.

- ITC is involved in diverse business operations beyond its core FMCG segment, including tobacco products, which may influence market perceptions and share performance. 

- The company's past growth narrative suggests potential strategic shifts or challenges that have impacted investor confidence recently.

- Market highlights mention investment opportunities in the crypto market and unlisted shares of India's top pre-IPO companies as potential targets for investors.","Sources: external, image, text
- Brokerages have adopted a bearish stance on ITC due to potential excise duty increases on cigarettes, negatively impacting earnings growth.
- Target prices for ITC shares reduced by up to 34% following market reactions.
- ITC experienced a significant selloff, erasing approximately Rs 72,000 crore from its market capitalization over two days.
- GST of 28% on transaction value and effective tax rates ranging from 57% to 120% increase the tax burden across all cigarette categories.
- Total price per stick rises notably due to taxes: from Rs. 15.7 for non-filter to Rs. 22.0 for cigarettes above 75 mm.
- Mutual funds held 14.3% of ITC as of September 2025, indicating strong investor interest and financial stability.
- ITC shares fell by 14% over two days due to shifts in market sentiment or company performance.
- Rating downgrades from financial analysts contributed to a 5% decline in ITC share value, reaching a fresh 52-week low.",Relevant,HIGH,"The content specifically discusses the recent decline in ITC shares by 14% over two days and references a past statement from GQG's Rajiv Jain about ITC being a ""great growth story,"" indicating significant relevance to ITC.","ITC shares fell by 14% in two days.; GQG's Rajiv Jain previously described ITC as a ""great growth story.""",An introduction to unlisted; Defence; Diesel; ITC; ITC Limited; It also lists various sections like mutual; LIC; LT; RIL; Silver; Simple Energy; The article also; The article also includes various other financial; The article is part of a broader financial; This suggests that market sentiment or company; Updates on personal finance tools; Various; Various financial; and Defence; article is part of a broader; deeply personal; includes various other; investment; lists various sections like; mutual; on personal finance tools like; on the recent decline in ITC; person; that market sentiment or; unlisted,Recent share price movement of ITC and market sentiment analysis.,text; image; external,,"The content also includes financial updates on other companies, such as Simple Energy's new scooter model launch, which is relevant for multi-company detection but not directly impacting ITC.",Reference to Rajiv Jain's past statement about ITC.,,https://pbs.twimg.com/card_img/2006632689231904768/0OwGiPvp?format=jpg&name=orig,,https://t.co/1wD3rn7Kpy,2581,2026-01-02T05:08:45,@moneycontrolcom
ITC Ltd.,https://x.com/moneycontrolcom/status/2006948977716113726,"RELEVANT (HIGH confidence)
Sources: text, image, external
- ITC shares fell by 5%, reaching a fresh 52-week low due to multiple rating downgrades.
- Rating downgrades from financial analysts and institutions contributed to the decline in share value.
- The article links to related market information, including updates on top gainers and losers in the stock market. 
- Additional news highlights include Simple Energy's introduction of the Gen 2 Simple One scooter with a range of up to 400 km.
- Miscellaneous sections cover finance topics such as loans, credit cards, fixed deposits, mutual funds, and financial calculators.","Sources: external, image, text
- Brokerages have adopted a bearish stance on ITC due to potential excise duty increases on cigarettes, negatively impacting earnings growth.
- Target prices for ITC shares reduced by up to 34% following market reactions.
- ITC experienced a significant selloff, erasing approximately Rs 72,000 crore from its market capitalization over two days.
- GST of 28% on transaction value and effective tax rates ranging from 57% to 120% increase the tax burden across all cigarette categories.
- Total price per stick rises notably due to taxes: from Rs. 15.7 for non-filter to Rs. 22.0 for cigarettes above 75 mm.
- Mutual funds held 14.3% of ITC as of September 2025, indicating strong investor interest and financial stability.
- ITC shares fell by 14% over two days due to shifts in market sentiment or company performance.
- Rating downgrades from financial analysts contributed to a 5% decline in ITC share value, reaching a fresh 52-week low.",Relevant,HIGH,"The content specifically discusses ITC's share performance decline due to multiple rating downgrades, which is directly related to the company's financial metrics and stock price movements.","ITC shares have fallen by 5%, reaching a fresh 52-week low.; This decline is attributed to several rating downgrades from financial analysts and institutions.",Defence; ITC; ITC Limited; LT; Media & Investments; Media & Investments Limited; Network18 Media & Investments Limited (under which various news platforms operate); RIL; Silver; Simple Energy; Simple Energy (mentioned in additional news highlights); The article; This decline is attributed to several rating downgrades from financial; and financial; credit; deeply personal; focus of the article is on the; latest; multiple; mutual; of rating downgrades on ITC; person; primarily on the decline of ITC; several; several rating downgrades from; target; the primary focus of the article is on the financial; top gainers and losers in the,Decline in ITC shares due to rating downgrades.,text; image; external,ITC shares fell by 5% to a fresh 52-week low.,The article provides a broader market context with links to other business-related topics but does not detail multi-company impacts specifically affecting ITC.,[Leave blank],,https://pbs.twimg.com/card_img/2006632689231904768/0OwGiPvp?format=jpg&name=orig,,https://t.co/ZwypsUsAsC,2217,2026-01-02T04:41:38,@moneycontrolcom
ITC Ltd.,https://x.com/moneycontrolcom/status/2006937465773502540,"RELEVANT (HIGH confidence)
Sources: text, image
- Nifty index value at 261,822.55 with an increase of 36.00%.
- S&P BSE Sensex value at 853,223.73 with an increase of 135.13%.
- ITC stock down by 3% in the current market session.
- Vodafone Idea's stock is experiencing an upward movement.
- Market update indicates a general positive trend for indices like Nifty and S&P BSE Sensex.
- The financial context suggests active trading with significant index movements.","Sources: external, image, text
- Brokerages have adopted a bearish stance on ITC due to potential excise duty increases on cigarettes, negatively impacting earnings growth.
- Target prices for ITC shares reduced by up to 34% following market reactions.
- ITC experienced a significant selloff, erasing approximately Rs 72,000 crore from its market capitalization over two days.
- GST of 28% on transaction value and effective tax rates ranging from 57% to 120% increase the tax burden across all cigarette categories.
- Total price per stick rises notably due to taxes: from Rs. 15.7 for non-filter to Rs. 22.0 for cigarettes above 75 mm.
- Mutual funds held 14.3% of ITC as of September 2025, indicating strong investor interest and financial stability.
- ITC shares fell by 14% over two days due to shifts in market sentiment or company performance.
- Rating downgrades from financial analysts contributed to a 5% decline in ITC share value, reaching a fresh 52-week low.",Relevant,HIGH,"The content mentions ITC specifically with a stock price movement (down 3%), which is directly related to the company's financial performance and market activity.","ITC's stock price is down by 3%.; Financial figures include index values ""261822.55"" (likely Nifty) and ""853223.73"" (possibly Sensex), with directional indicators showing increases for other metrics.",A light; ITC; Vodafone Idea; indicating an; likely a; suggesting a; suggesting a financial,"Market update on Nifty, Sensex, and specific companies including ITC and Vodafone Idea.",text; image,"Nifty index value at ""261822.55""; Sensex index value at ""853223.73""","The content discusses stock movements for both ITC and Vodafone Idea, indicating a multi-company impact in terms of market performance.",,,https://pbs.twimg.com/media/G9oS4OFaUAAKyCo?format=jpg&name=orig,,,809,2026-01-02T03:55:53,@moneycontrolcom
